57d1a838af68f14c4d661cd9,57d1b14617e0c15060b7f79e,57d1a8b9af68f14c4d661cda,SES Pinewood Derby 2016,Helen,1,3.1809119999999997
57d1a838af68f14c4d661cd9,57d1b17b17e0c15060b7f7a3,57d1a8b9af68f14c4d661cda,SES Pinewood Derby 2016,Helen,2,3.312556
57d1a838af68f14c4d661cd9,57d1b1a217e0c15060b7f7a6,57d1a8b9af68f14c4d661cda,SES Pinewood Derby 2016,Helen,3,3.251136
57d1a838af68f14c4d661cd9,57d1b1d117e0c15060b7f7ab,57d1a8b9af68f14c4d661cda,SES Pinewood Derby 2016,Helen,4,3.2433039999999997
57d1a838af68f14c4d661cd9,57d1b25b17e0c15060b7f7b2,57d1a8b9af68f14c4d661cda,SES Pinewood Derby 2016,Helen,1,3.3040879999999997
57d1a838af68f14c4d661cd9,57d1b28617e0c15060b7f7b7,57d1a8b9af68f14c4d661cda,SES Pinewood Derby 2016,Helen,2,3.267276
57d1a838af68f14c4d661cd9,57d1b2ab17e0c15060b7f7ba,57d1a8b9af68f14c4d661cda,SES Pinewood Derby 2016,Helen,3,3.303416
57d1a838af68f14c4d661cd9,57d1b2e717e0c15060b7f7bd,57d1a8b9af68f14c4d661cda,SES Pinewood Derby 2016,Helen,4,3.138448
57d1a838af68f14c4d661cd9,57d1b36b17e0c15060b7f7c5,57d1a8b9af68f14c4d661cda,SES Pinewood Derby 2016,Helen,3,3.186212
57d1a838af68f14c4d661cd9,57d1b39317e0c15060b7f7cb,57d1a8b9af68f14c4d661cda,SES Pinewood Derby 2016,Helen,4,3.261708
57d1a838af68f14c4d661cd9,57d1b3ef17e0c15060b7f7d2,57d1a8b9af68f14c4d661cda,SES Pinewood Derby 2016,Helen,1,3.2602879999999996
57d1a838af68f14c4d661cd9,57d1b42117e0c15060b7f7d6,57d1a8b9af68f14c4d661cda,SES Pinewood Derby 2016,Helen,2,3.206428
57d1a838af68f14c4d661cd9,57d1b14617e0c15060b7f79f,57d1a8c6af68f14c4d661cdb,SES Pinewood Derby 2016,Chase,2,3.4478839999999997
57d1a838af68f14c4d661cd9,57d1b17b17e0c15060b7f7a2,57d1a8c6af68f14c4d661cdb,SES Pinewood Derby 2016,Chase,3,3.183944
57d1a838af68f14c4d661cd9,57d1b1a217e0c15060b7f7a5,57d1a8c6af68f14c4d661cdb,SES Pinewood Derby 2016,Chase,4,3.18776
57d1a838af68f14c4d661cd9,57d1b20a17e0c15060b7f7ae,57d1a8c6af68f14c4d661cdb,SES Pinewood Derby 2016,Chase,1,3.1587159999999996
57d1a838af68f14c4d661cd9,57d1b25b17e0c15060b7f7b3,57d1a8c6af68f14c4d661cdb,SES Pinewood Derby 2016,Chase,3,3.494796
57d1a838af68f14c4d661cd9,57d1b28617e0c15060b7f7b6,57d1a8c6af68f14c4d661cdb,SES Pinewood Derby 2016,Chase,4,3.250524
57d1a838af68f14c4d661cd9,57d1b2e717e0c15060b7f7bf,57d1a8c6af68f14c4d661cdb,SES Pinewood Derby 2016,Chase,1,3.4676
57d1a838af68f14c4d661cd9,57d1b31e17e0c15060b7f7c2,57d1a8c6af68f14c4d661cdb,SES Pinewood Derby 2016,Chase,2,3.180544
57d1a838af68f14c4d661cd9,57d1b36b17e0c15060b7f7c7,57d1a8c6af68f14c4d661cdb,SES Pinewood Derby 2016,Chase,2,3.457516
57d1a838af68f14c4d661cd9,57d1b39217e0c15060b7f7ca,57d1a8c6af68f14c4d661cdb,SES Pinewood Derby 2016,Chase,3,3.157132
57d1a838af68f14c4d661cd9,57d1b3be17e0c15060b7f7cf,57d1a8c6af68f14c4d661cdb,SES Pinewood Derby 2016,Chase,4,3.443308
57d1a838af68f14c4d661cd9,57d1b42117e0c15060b7f7d7,57d1a8c6af68f14c4d661cdb,SES Pinewood Derby 2016,Chase,1,3.43606
57d1a838af68f14c4d661cd9,57d1b14617e0c15060b7f79d,57d1a8d0af68f14c4d661cdc,SES Pinewood Derby 2016,Blue Lightning,3,3.117988
57d1a838af68f14c4d661cd9,57d1b17b17e0c15060b7f7a0,57d1a8d0af68f14c4d661cdc,SES Pinewood Derby 2016,Blue Lightning,4,3.1381479999999997
57d1a838af68f14c4d661cd9,57d1b1d117e0c15060b7f7a8,57d1a8d0af68f14c4d661cdc,SES Pinewood Derby 2016,Blue Lightning,1,3.1372999999999998
57d1a838af68f14c4d661cd9,57d1b20a17e0c15060b7f7ad,57d1a8d0af68f14c4d661cdc,SES Pinewood Derby 2016,Blue Lightning,2,3.13206
57d1a838af68f14c4d661cd9,57d1b25b17e0c15060b7f7b0,57d1a8d0af68f14c4d661cdc,SES Pinewood Derby 2016,Blue Lightning,4,3.1297319999999997
57d1a838af68f14c4d661cd9,57d1b2ab17e0c15060b7f7b9,57d1a8d0af68f14c4d661cdc,SES Pinewood Derby 2016,Blue Lightning,1,3.131732
57d1a838af68f14c4d661cd9,57d1b2e717e0c15060b7f7bc,57d1a8d0af68f14c4d661cdc,SES Pinewood Derby 2016,Blue Lightning,2,3.1315079999999997
57d1a838af68f14c4d661cd9,57d1b31e17e0c15060b7f7c1,57d1a8d0af68f14c4d661cdc,SES Pinewood Derby 2016,Blue Lightning,3,3.1108879999999997
57d1a838af68f14c4d661cd9,57d1b36b17e0c15060b7f7c4,57d1a8d0af68f14c4d661cdc,SES Pinewood Derby 2016,Blue Lightning,4,3.10924
57d1a838af68f14c4d661cd9,57d1b3bd17e0c15060b7f7ce,57d1a8d0af68f14c4d661cdc,SES Pinewood Derby 2016,Blue Lightning,1,3.142244
57d1a838af68f14c4d661cd9,57d1b3ef17e0c15060b7f7d0,57d1a8d0af68f14c4d661cdc,SES Pinewood Derby 2016,Blue Lightning,2,3.1301799999999997
57d1a838af68f14c4d661cd9,57d1b42117e0c15060b7f7d5,57d1a8d0af68f14c4d661cdc,SES Pinewood Derby 2016,Blue Lightning,3,3.120844
57d1a838af68f14c4d661cd9,57d1b14617e0c15060b7f79c,57d1a936af68f14c4d661cdd,SES Pinewood Derby 2016,Justin time,4,2.9858759999999998
57d1a838af68f14c4d661cd9,57d1b1a217e0c15060b7f7a4,57d1a936af68f14c4d661cdd,SES Pinewood Derby 2016,Justin time,1,2.9722679999999997
57d1a838af68f14c4d661cd9,57d1b1d117e0c15060b7f7a9,57d1a936af68f14c4d661cdd,SES Pinewood Derby 2016,Justin time,2,3.1595079999999998
57d1a838af68f14c4d661cd9,57d1b20a17e0c15060b7f7ac,57d1a936af68f14c4d661cdd,SES Pinewood Derby 2016,Justin time,3,3.109152
57d1a838af68f14c4d661cd9,57d1b28617e0c15060b7f7b4,57d1a936af68f14c4d661cdd,SES Pinewood Derby 2016,Justin time,1,2.992156
57d1a838af68f14c4d661cd9,57d1b2ab17e0c15060b7f7b8,57d1a936af68f14c4d661cdd,SES Pinewood Derby 2016,Justin time,2,3.1289919999999998
57d1a838af68f14c4d661cd9,57d1b2e717e0c15060b7f7be,57d1a936af68f14c4d661cdd,SES Pinewood Derby 2016,Justin time,3,3.42222
57d1a838af68f14c4d661cd9,57d1b31d17e0c15060b7f7c0,57d1a936af68f14c4d661cdd,SES Pinewood Derby 2016,Justin time,4,2.97296
57d1a838af68f14c4d661cd9,57d1b39217e0c15060b7f7c8,57d1a936af68f14c4d661cdd,SES Pinewood Derby 2016,Justin time,1,3.07638
57d1a838af68f14c4d661cd9,57d1b3bd17e0c15060b7f7cc,57d1a936af68f14c4d661cdd,SES Pinewood Derby 2016,Justin time,2,3.051484
57d1a838af68f14c4d661cd9,57d1b3ef17e0c15060b7f7d1,57d1a936af68f14c4d661cdd,SES Pinewood Derby 2016,Justin time,3,3.1645999999999996
57d1a838af68f14c4d661cd9,57d1b42117e0c15060b7f7d4,57d1a936af68f14c4d661cdd,SES Pinewood Derby 2016,Justin time,4,3.10934
57d1a838af68f14c4d661cd9,57d1b17b17e0c15060b7f7a1,57d1aa3daf68f14c4d661cde,SES Pinewood Derby 2016,Sticky,1,3.1676159999999998
57d1a838af68f14c4d661cd9,57d1b1a217e0c15060b7f7a7,57d1aa3daf68f14c4d661cde,SES Pinewood Derby 2016,Sticky,2,3.3478719999999997
57d1a838af68f14c4d661cd9,57d1b1d117e0c15060b7f7aa,57d1aa3daf68f14c4d661cde,SES Pinewood Derby 2016,Sticky,3,3.2420199999999997
57d1a838af68f14c4d661cd9,57d1b20a17e0c15060b7f7af,57d1aa3daf68f14c4d661cde,SES Pinewood Derby 2016,Sticky,4,3.282524
57d1a838af68f14c4d661cd9,57d1b25b17e0c15060b7f7b1,57d1aa3daf68f14c4d661cde,SES Pinewood Derby 2016,Sticky,2,3.2822839999999998
57d1a838af68f14c4d661cd9,57d1b28617e0c15060b7f7b5,57d1aa3daf68f14c4d661cde,SES Pinewood Derby 2016,Sticky,3,3.17812
57d1a838af68f14c4d661cd9,57d1b2ab17e0c15060b7f7bb,57d1aa3daf68f14c4d661cde,SES Pinewood Derby 2016,Sticky,4,3.342144
57d1a838af68f14c4d661cd9,57d1b31e17e0c15060b7f7c3,57d1aa3daf68f14c4d661cde,SES Pinewood Derby 2016,Sticky,1,3.285672
57d1a838af68f14c4d661cd9,57d1b36b17e0c15060b7f7c6,57d1aa3daf68f14c4d661cde,SES Pinewood Derby 2016,Sticky,1,3.248792
57d1a838af68f14c4d661cd9,57d1b39217e0c15060b7f7c9,57d1aa3daf68f14c4d661cde,SES Pinewood Derby 2016,Sticky,2,3.095736
57d1a838af68f14c4d661cd9,57d1b3bd17e0c15060b7f7cd,57d1aa3daf68f14c4d661cde,SES Pinewood Derby 2016,Sticky,3,3.062788
57d1a838af68f14c4d661cd9,57d1b3ef17e0c15060b7f7d3,57d1aa3daf68f14c4d661cde,SES Pinewood Derby 2016,Sticky,4,3.312172
57daed4524dedd9420193c8b,57db438580a0893019f8727b,57db3c12f9446ed84e14c90c,Pack 3013,Hiram,1,3.124184
57daed4524dedd9420193c8b,57db44c080a0893019f87286,57db3c12f9446ed84e14c90c,Pack 3013,Hiram,4,2.996928
57daed4524dedd9420193c8b,57db468180a0893019f8729a,57db3c12f9446ed84e14c90c,Pack 3013,Hiram,3,3.181276
57daed4524dedd9420193c8b,57db483480a0893019f872a8,57db3c12f9446ed84e14c90c,Pack 3013,Hiram,2,4.008648
57daed4524dedd9420193c8b,57db438580a0893019f87279,57db3c32f9446ed84e14c90d,Pack 3013,Noble,2,2.9380439999999997
57daed4524dedd9420193c8b,57db458c80a0893019f87291,57db3c32f9446ed84e14c90d,Pack 3013,Noble,3,2.947
57daed4524dedd9420193c8b,57db46bc80a0893019f8729c,57db3c32f9446ed84e14c90d,Pack 3013,Noble,4,2.939092
57daed4524dedd9420193c8b,57db488080a0893019f872a9,57db3c32f9446ed84e14c90d,Pack 3013,Noble,1,2.9497519999999997
57daed4524dedd9420193c8b,57db438580a0893019f8727a,57db3c4ef9446ed84e14c90e,Pack 3013,Alan,3,3.113936
57daed4524dedd9420193c8b,57db44f280a0893019f87288,57db3c4ef9446ed84e14c90e,Pack 3013,Alan,4,3.0813319999999997
57daed4524dedd9420193c8b,57db46bd80a0893019f8729d,57db3c4ef9446ed84e14c90e,Pack 3013,Alan,2,3.06866
57daed4524dedd9420193c8b,57db483480a0893019f872a6,57db3c4ef9446ed84e14c90e,Pack 3013,Alan,1,3.136704
57daed4524dedd9420193c8b,57db438580a0893019f87278,57db3c66f9446ed84e14c90f,Pack 3013,Trent,4,2.878688
57daed4524dedd9420193c8b,57db458c80a0893019f87290,57db3c66f9446ed84e14c90f,Pack 3013,Trent,2,2.871056
57daed4524dedd9420193c8b,57db46bc80a0893019f8729b,57db3c66f9446ed84e14c90f,Pack 3013,Trent,3,2.8827879999999997
57daed4524dedd9420193c8b,57db48a180a0893019f872ac,57db3c66f9446ed84e14c90f,Pack 3013,Trent,1,2.8968439999999998
57daed4524dedd9420193c8b,57db43c280a0893019f8727f,57db3ca2f9446ed84e14c910,Pack 3013,Jack,1,3.042144
57daed4524dedd9420193c8b,57db454280a0893019f8728d,57db3ca2f9446ed84e14c910,Pack 3013,Jack,2,3.00828
57daed4524dedd9420193c8b,57db463280a0893019f87295,57db3ca2f9446ed84e14c910,Pack 3013,Jack,4,2.983256
57daed4524dedd9420193c8b,57db47fc80a0893019f872a3,57db3ca2f9446ed84e14c910,Pack 3013,Jack,3,2.9955439999999998
57daed4524dedd9420193c8b,57db43c280a0893019f8727d,57db3cb1f9446ed84e14c911,Pack 3013,Brenden,2,2.8403039999999997
57daed4524dedd9420193c8b,57db45dc80a0893019f87292,57db3cb1f9446ed84e14c911,Pack 3013,Brenden,3,2.8204439999999997
57daed4524dedd9420193c8b,57db47fc80a0893019f872a1,57db3cb1f9446ed84e14c911,Pack 3013,Brenden,4,2.808064
57daed4524dedd9420193c8b,57db48fd80a0893019f872b0,57db3cb1f9446ed84e14c911,Pack 3013,Brenden,1,2.818456
57daed4524dedd9420193c8b,57db43c280a0893019f8727e,57db3cc0f9446ed84e14c912,Pack 3013,Oakley,3,2.8459
57daed4524dedd9420193c8b,57db45dc80a0893019f87293,57db3cc0f9446ed84e14c912,Pack 3013,Oakley,1,2.8549599999999997
57daed4524dedd9420193c8b,57db470080a0893019f8729e,57db3cc0f9446ed84e14c912,Pack 3013,Oakley,4,2.841072
57daed4524dedd9420193c8b,57db48dc80a0893019f872ae,57db3cc0f9446ed84e14c912,Pack 3013,Oakley,2,2.8345879999999997
57daed4524dedd9420193c8b,57db43c280a0893019f8727c,57db3ce2f9446ed84e14c913,Pack 3013,Brigham,4,2.8372159999999997
57daed4524dedd9420193c8b,57db45dc80a0893019f87294,57db3ce2f9446ed84e14c913,Pack 3013,Brigham,2,2.872356
57daed4524dedd9420193c8b,57db47fc80a0893019f872a2,57db3ce2f9446ed84e14c913,Pack 3013,Brigham,1,2.9078559999999998
57daed4524dedd9420193c8b,57db483380a0893019f872a5,57db3ce2f9446ed84e14c913,Pack 3013,Brigham,3,2.885856
57daed4524dedd9420193c8b,57db446280a0893019f87283,57db3cedf9446ed84e14c914,Pack 3013,Mystery Machine,1,3.115072
57daed4524dedd9420193c8b,57db44f280a0893019f8728a,57db3cedf9446ed84e14c914,Pack 3013,Mystery Machine,2,3.1001719999999997
57daed4524dedd9420193c8b,57db463280a0893019f87296,57db3cedf9446ed84e14c914,Pack 3013,Mystery Machine,3,3.1242159999999997
57daed4524dedd9420193c8b,57db488080a0893019f872ab,57db3cedf9446ed84e14c914,Pack 3013,Mystery Machine,4,3.078572
57daed4524dedd9420193c8b,57db446280a0893019f87281,57db3d0df9446ed84e14c916,Pack 3013,Dallin,3,2.9884
57daed4524dedd9420193c8b,57db454280a0893019f8728c,57db3d0df9446ed84e14c916,Pack 3013,Dallin,4,2.9722519999999997
57daed4524dedd9420193c8b,57db470080a0893019f872a0,57db3d0df9446ed84e14c916,Pack 3013,Dallin,1,2.999228
57daed4524dedd9420193c8b,57db488080a0893019f872aa,57db3d0df9446ed84e14c916,Pack 3013,Dallin,2,2.9643479999999998
57daed4524dedd9420193c8b,57db446280a0893019f87282,57db3fb3f9446ed84e14c919,Pack 3013,Cole B,4,3.107732
57daed4524dedd9420193c8b,57db44f280a0893019f87289,57db3fb3f9446ed84e14c919,Pack 3013,Cole B,3,3.099636
57daed4524dedd9420193c8b,57db468180a0893019f87299,57db3fb3f9446ed84e14c919,Pack 3013,Cole B,1,3.13164
57daed4524dedd9420193c8b,57db47fc80a0893019f872a4,57db3fb3f9446ed84e14c919,Pack 3013,Cole B,2,3.1059919999999996
57daed4524dedd9420193c8b,57db44c080a0893019f87285,57db3fe1f9446ed84e14c91a,Pack 3013,Dallin S.,1,2.97052
57daed4524dedd9420193c8b,57db454180a0893019f8728b,57db3fe1f9446ed84e14c91a,Pack 3013,Dallin S.,3,2.949796
57daed4524dedd9420193c8b,57db468180a0893019f87298,57db3fe1f9446ed84e14c91a,Pack 3013,Dallin S.,4,3.004724
57daed4524dedd9420193c8b,57db48a180a0893019f872ad,57db3fe1f9446ed84e14c91a,Pack 3013,Dallin S.,2,3.004552
57daed4524dedd9420193c8b,57db44bf80a0893019f87284,57db428ef9446ed84e14c92a,Pack 3013,Jared,2,2.86636
57daed4524dedd9420193c8b,57db458c80a0893019f8728f,57db428ef9446ed84e14c92a,Pack 3013,Jared,4,2.87052
57daed4524dedd9420193c8b,57db470080a0893019f8729f,57db428ef9446ed84e14c92a,Pack 3013,Jared,3,2.877548
57daed4524dedd9420193c8b,57db48dc80a0893019f872af,57db428ef9446ed84e14c92a,Pack 3013,Jared,1,2.887348
57daed4524dedd9420193c8b,57db44c080a0893019f87287,57db43e580a0893019f87280,Pack 3013,Cole,3,3.615612
57daed4524dedd9420193c8b,57db454280a0893019f8728e,57db43e580a0893019f87280,Pack 3013,Cole,1,3.6696359999999997
57daed4524dedd9420193c8b,57db463280a0893019f87297,57db43e580a0893019f87280,Pack 3013,Cole,2,3.5524
57daed4524dedd9420193c8b,57db483480a0893019f872a7,57db43e580a0893019f87280,Pack 3013,Cole,4,3.1882919999999997
57f595855523b2a07339819a,57f59dbb4051329472f92f78,57f5970b5523b2a07339819c,Valley Vista Cubs,Jared A,1,2.85542
57f595855523b2a07339819a,57f5a0564051329472f92f9a,57f5970b5523b2a07339819c,Valley Vista Cubs,Jared A,2,2.835488
57f595855523b2a07339819a,57f5a1504051329472f92fae,57f5970b5523b2a07339819c,Valley Vista Cubs,Jared A,4,2.847168
57f595855523b2a07339819a,57f5a2334051329472f92fbd,57f5970b5523b2a07339819c,Valley Vista Cubs,Jared A,3,2.842168
57f595855523b2a07339819a,57f59dbb4051329472f92f77,57f597355523b2a07339819d,Valley Vista Cubs,Zach,2,2.827756
57f595855523b2a07339819a,57f5a0564051329472f92f99,57f597355523b2a07339819d,Valley Vista Cubs,Zach,1,2.8291
57f595855523b2a07339819a,57f5a1934051329472f92fb1,57f597355523b2a07339819d,Valley Vista Cubs,Zach,3,2.82108
57f595855523b2a07339819a,57f5a25b4051329472f92fc2,57f597355523b2a07339819d,Valley Vista Cubs,Zach,4,2.819308
57f595855523b2a07339819a,57f59dbc4051329472f92f7a,57f597bb5523b2a07339819e,Valley Vista Cubs,Jack L,3,3.194016
57f595855523b2a07339819a,57f59f484051329472f92f8c,57f597bb5523b2a07339819e,Valley Vista Cubs,Jack L,2,3.167076
57f595855523b2a07339819a,57f5a0a44051329472f92f9f,57f597bb5523b2a07339819e,Valley Vista Cubs,Jack L,4,3.182152
57f595855523b2a07339819a,57f5a1f34051329472f92fbb,57f597bb5523b2a07339819e,Valley Vista Cubs,Jack L,1,3.1627199999999998
57f595855523b2a07339819a,57f59dbb4051329472f92f79,57f597db5523b2a07339819f,Valley Vista Cubs,Lance,4,2.9547879999999997
57f595855523b2a07339819a,57f59fb84051329472f92f93,57f597db5523b2a07339819f,Valley Vista Cubs,Lance,1,2.968156
57f595855523b2a07339819a,57f5a0fd4051329472f92fa6,57f597db5523b2a07339819f,Valley Vista Cubs,Lance,2,2.9564839999999997
57f595855523b2a07339819a,57f5a1ca4051329472f92fb5,57f597db5523b2a07339819f,Valley Vista Cubs,Lance,3,2.959052
57f595855523b2a07339819a,57f59d7c4051329472f92f75,57f597ee5523b2a0733981a0,Valley Vista Cubs,Andrew C,1,3.102924
57f595855523b2a07339819a,57f59f894051329472f92f8f,57f597ee5523b2a0733981a0,Valley Vista Cubs,Andrew C,2,3.052936
57f595855523b2a07339819a,57f5a0cf4051329472f92fa2,57f597ee5523b2a0733981a0,Valley Vista Cubs,Andrew C,3,2.9834
57f595855523b2a07339819a,57f5a1f34051329472f92fbc,57f597ee5523b2a0733981a0,Valley Vista Cubs,Andrew C,4,3.5931279999999997
57f595855523b2a07339819a,57f59d7d4051329472f92f76,57f598075523b2a0733981a1,Valley Vista Cubs,Cameron,2,3.699832
57f595855523b2a07339819a,57f59ed74051329472f92f88,57f598075523b2a0733981a1,Valley Vista Cubs,Cameron,4,3.640236
57f595855523b2a07339819a,57f5a0564051329472f92f9b,57f598075523b2a0733981a1,Valley Vista Cubs,Cameron,3,3.546896
57f595855523b2a07339819a,57f5a1ca4051329472f92fb8,57f598075523b2a0733981a1,Valley Vista Cubs,Cameron,1,3.482748
57f595855523b2a07339819a,57f59d7c4051329472f92f73,57f5982e5523b2a0733981a2,Valley Vista Cubs,Andrew W,3,2.880016
57f595855523b2a07339819a,57f59fef4051329472f92f97,57f5982e5523b2a0733981a2,Valley Vista Cubs,Andrew W,2,2.8767519999999998
57f595855523b2a07339819a,57f5a12e4051329472f92fa9,57f5982e5523b2a0733981a2,Valley Vista Cubs,Andrew W,4,2.863496
57f595855523b2a07339819a,57f5a29e4051329472f92fc6,57f5982e5523b2a0733981a2,Valley Vista Cubs,Andrew W,1,2.9079319999999997
57f595855523b2a07339819a,57f59d7c4051329472f92f74,57f598495523b2a0733981a3,Valley Vista Cubs,Grant,4,2.945264
57f595855523b2a07339819a,57f59fb84051329472f92f94,57f598495523b2a0733981a3,Valley Vista Cubs,Grant,2,2.9857359999999997
57f595855523b2a07339819a,57f5a0fd4051329472f92fa7,57f598495523b2a0733981a3,Valley Vista Cubs,Grant,3,2.981948
57f595855523b2a07339819a,57f5a2334051329472f92fc0,57f598495523b2a0733981a3,Valley Vista Cubs,Grant,1,2.942004
57f595855523b2a07339819a,57f59df44051329472f92f7d,57f598605523b2a0733981a4,Valley Vista Cubs,Marcelus,1,3.200852
57f595855523b2a07339819a,57f59ed64051329472f92f87,57f598605523b2a0733981a4,Valley Vista Cubs,Marcelus,2,3.0677719999999997
57f595855523b2a07339819a,57f5a0a44051329472f92f9e,57f598605523b2a0733981a4,Valley Vista Cubs,Marcelus,3,3.08766
57f595855523b2a07339819a,57f5a1ca4051329472f92fb7,57f598605523b2a0733981a4,Valley Vista Cubs,Marcelus,4,3.471748
57f595855523b2a07339819a,57f59df64051329472f92f7e,57f598775523b2a0733981a5,Valley Vista Cubs,Phoenix,2,5.075488
57f595855523b2a07339819a,57f59ed94051329472f92f89,57f598775523b2a0733981a5,Valley Vista Cubs,Phoenix,3,5.496396
57f595855523b2a07339819a,57f5a0584051329472f92f9c,57f598775523b2a0733981a5,Valley Vista Cubs,Phoenix,4,5.5273959999999995
57f595855523b2a07339819a,57f5a1934051329472f92fb4,57f598775523b2a0733981a5,Valley Vista Cubs,Phoenix,1,3.399612
57f595855523b2a07339819a,57f59df44051329472f92f7c,57f598955523b2a0733981a6,Valley Vista Cubs,Thomas K,3,2.909664
57f595855523b2a07339819a,57f59fb84051329472f92f92,57f598955523b2a0733981a6,Valley Vista Cubs,Thomas K,4,2.966104
57f595855523b2a07339819a,57f5a12e4051329472f92fac,57f598955523b2a0733981a6,Valley Vista Cubs,Thomas K,2,2.970004
57f595855523b2a07339819a,57f5a25b4051329472f92fc4,57f598955523b2a0733981a6,Valley Vista Cubs,Thomas K,1,2.949184
57f595855523b2a07339819a,57f59df44051329472f92f7b,57f598ad5523b2a0733981a7,Valley Vista Cubs,Colby,4,2.895464
57f595855523b2a07339819a,57f59fef4051329472f92f95,57f598ad5523b2a0733981a7,Valley Vista Cubs,Colby,1,2.849484
57f595855523b2a07339819a,57f5a1504051329472f92faf,57f598ad5523b2a0733981a7,Valley Vista Cubs,Colby,3,2.8579239999999997
57f595855523b2a07339819a,57f5a25b4051329472f92fc3,57f598ad5523b2a0733981a7,Valley Vista Cubs,Colby,2,2.8536759999999997
57f595855523b2a07339819a,57f59e1f4051329472f92f80,57f598c75523b2a0733981a8,Valley Vista Cubs,Raymond,1,2.9583399999999997
57f595855523b2a07339819a,57f59f894051329472f92f8e,57f598c75523b2a0733981a8,Valley Vista Cubs,Raymond,4,2.8645799999999997
57f595855523b2a07339819a,57f5a1504051329472f92fad,57f598c75523b2a0733981a8,Valley Vista Cubs,Raymond,2,2.8231599999999997
57f595855523b2a07339819a,57f5a25b4051329472f92fc1,57f598c75523b2a0733981a8,Valley Vista Cubs,Raymond,3,2.804108
57f595855523b2a07339819a,57f59e1f4051329472f92f7f,57f598e45523b2a0733981a9,Valley Vista Cubs,Mckay,2,2.885512
57f595855523b2a07339819a,57f59ff04051329472f92f98,57f598e45523b2a0733981a9,Valley Vista Cubs,Mckay,4,2.898192
57f595855523b2a07339819a,57f5a12e4051329472f92faa,57f598e45523b2a0733981a9,Valley Vista Cubs,Mckay,3,2.8796999999999997
57f595855523b2a07339819a,57f5a2774051329472f92fc5,57f598e45523b2a0733981a9,Valley Vista Cubs,Mckay,1,2.871064
57f595855523b2a07339819a,57f59e1f4051329472f92f82,57f598f75523b2a0733981aa,Valley Vista Cubs,Josh,3,3.180684
57f595855523b2a07339819a,57f59f484051329472f92f8b,57f598f75523b2a0733981aa,Valley Vista Cubs,Josh,4,3.058664
57f595855523b2a07339819a,57f5a0d04051329472f92fa4,57f598f75523b2a0733981aa,Valley Vista Cubs,Josh,1,3.0483279999999997
57f595855523b2a07339819a,57f5a1ca4051329472f92fb6,57f598f75523b2a0733981aa,Valley Vista Cubs,Josh,2,3.0465039999999997
57f595855523b2a07339819a,57f59e1f4051329472f92f81,57f599165523b2a0733981ab,Valley Vista Cubs,Ozzy,4,3.163624
57f595855523b2a07339819a,57f59f484051329472f92f8a,57f599165523b2a0733981ab,Valley Vista Cubs,Ozzy,3,3.049172
57f595855523b2a07339819a,57f5a0fd4051329472f92fa8,57f599165523b2a0733981ab,Valley Vista Cubs,Ozzy,1,3.08744
57f595855523b2a07339819a,57f5a1934051329472f92fb2,57f599165523b2a0733981ab,Valley Vista Cubs,Ozzy,2,3.101228
57f595855523b2a07339819a,57f59e9f4051329472f92f85,57f599385523b2a0733981ac,Valley Vista Cubs,Nicolai,1,3.098308
57f595855523b2a07339819a,57f59f894051329472f92f90,57f599385523b2a0733981ac,Valley Vista Cubs,Nicolai,3,3.05878
57f595855523b2a07339819a,57f5a0cf4051329472f92fa3,57f599385523b2a0733981ac,Valley Vista Cubs,Nicolai,4,2.9965919999999997
57f595855523b2a07339819a,57f5a1f24051329472f92fba,57f599385523b2a0733981ac,Valley Vista Cubs,Nicolai,2,2.889032
57f595855523b2a07339819a,57f59e9f4051329472f92f83,57f5994e5523b2a0733981ad,Valley Vista Cubs,Cash,2,2.887348
57f595855523b2a07339819a,57f59fef4051329472f92f96,57f5994e5523b2a0733981ad,Valley Vista Cubs,Cash,3,2.87044
57f595855523b2a07339819a,57f5a1504051329472f92fb0,57f5994e5523b2a0733981ad,Valley Vista Cubs,Cash,1,2.879264
57f595855523b2a07339819a,57f5a2334051329472f92fbe,57f5994e5523b2a0733981ad,Valley Vista Cubs,Cash,4,2.865372
57f595855523b2a07339819a,57f59ea04051329472f92f86,57f599675523b2a0733981ae,Valley Vista Cubs,Christopher,3,3.3542159999999996
57f595855523b2a07339819a,57f59f484051329472f92f8d,57f599675523b2a0733981ae,Valley Vista Cubs,Christopher,1,3.36782
57f595855523b2a07339819a,57f5a0a44051329472f92fa0,57f599675523b2a0733981ae,Valley Vista Cubs,Christopher,2,3.20586
57f595855523b2a07339819a,57f5a1934051329472f92fb3,57f599675523b2a0733981ae,Valley Vista Cubs,Christopher,4,3.211048
57f595855523b2a07339819a,57f59e9f4051329472f92f84,57f599815523b2a0733981af,Valley Vista Cubs,Fin,4,2.935568
57f595855523b2a07339819a,57f59fb84051329472f92f91,57f599815523b2a0733981af,Valley Vista Cubs,Fin,3,2.940988
57f595855523b2a07339819a,57f5a12e4051329472f92fab,57f599815523b2a0733981af,Valley Vista Cubs,Fin,1,2.921156
57f595855523b2a07339819a,57f5a2334051329472f92fbf,57f599815523b2a0733981af,Valley Vista Cubs,Fin,2,2.913488
57f595855523b2a07339819a,57f5a0a44051329472f92f9d,57f599975523b2a0733981b0,Valley Vista Cubs,Tyler,1,2.913272
57f595855523b2a07339819a,57f5a0cf4051329472f92fa1,57f599975523b2a0733981b0,Valley Vista Cubs,Tyler,2,2.9646399999999997
57f595855523b2a07339819a,57f5a0fd4051329472f92fa5,57f599975523b2a0733981b0,Valley Vista Cubs,Tyler,4,2.8987279999999997
57f595855523b2a07339819a,57f5a1f24051329472f92fb9,57f599975523b2a0733981b0,Valley Vista Cubs,Tyler,3,2.817268
581294df68efb3d02bac6877,58129d8868efb3d02bac688a,5812971c68efb3d02bac6879,Legacy Farms,Mason,1,2.910112
581294df68efb3d02bac6877,58129e8868efb3d02bac68a1,5812971c68efb3d02bac6879,Legacy Farms,Mason,4,2.938812
581294df68efb3d02bac6877,58129f9468efb3d02bac68b7,5812971c68efb3d02bac6879,Legacy Farms,Mason,2,2.893008
581294df68efb3d02bac6877,58129fe568efb3d02bac68bc,5812971c68efb3d02bac6879,Legacy Farms,Mason,3,2.936832
581294df68efb3d02bac6877,58129d8868efb3d02bac6889,5812972d68efb3d02bac687a,Legacy Farms,Luca,2,2.8158879999999997
581294df68efb3d02bac6877,58129eb068efb3d02bac68a5,5812972d68efb3d02bac687a,Legacy Farms,Luca,4,2.769616
581294df68efb3d02bac6877,58129fb968efb3d02bac68b9,5812972d68efb3d02bac687a,Legacy Farms,Luca,1,2.78906
581294df68efb3d02bac6877,5812a08f68efb3d02bac68c8,5812972d68efb3d02bac687a,Legacy Farms,Luca,3,2.779312
581294df68efb3d02bac6877,58129d8868efb3d02bac688b,5812975068efb3d02bac687b,Legacy Farms,Ryan H,3,2.997848
581294df68efb3d02bac6877,58129e8868efb3d02bac68a3,5812975068efb3d02bac687b,Legacy Farms,Ryan H,2,2.950344
581294df68efb3d02bac6877,58129f7268efb3d02bac68b2,5812975068efb3d02bac687b,Legacy Farms,Ryan H,4,2.966264
581294df68efb3d02bac6877,5812a04c68efb3d02bac68c6,5812975068efb3d02bac687b,Legacy Farms,Ryan H,1,2.98564
581294df68efb3d02bac6877,58129d8868efb3d02bac688c,5812976c68efb3d02bac687c,Legacy Farms,Landon,4,3.1797999999999997
581294df68efb3d02bac6877,58129e2a68efb3d02bac689c,5812976c68efb3d02bac687c,Legacy Farms,Landon,2,3.153048
581294df68efb3d02bac6877,58129f4c68efb3d02bac68ae,5812976c68efb3d02bac687c,Legacy Farms,Landon,3,3.169584
581294df68efb3d02bac6877,58129fe568efb3d02bac68be,5812976c68efb3d02bac687c,Legacy Farms,Landon,1,3.1437239999999997
581294df68efb3d02bac6877,58129db068efb3d02bac688e,5812978968efb3d02bac687d,Legacy Farms,Alex,1,2.88434
581294df68efb3d02bac6877,58129eb068efb3d02bac68a8,5812978968efb3d02bac687d,Legacy Farms,Alex,2,2.880728
581294df68efb3d02bac6877,58129f9468efb3d02bac68b6,5812978968efb3d02bac687d,Legacy Farms,Alex,3,2.878552
581294df68efb3d02bac6877,5812a02668efb3d02bac68c1,5812978968efb3d02bac687d,Legacy Farms,Alex,4,2.8997439999999997
581294df68efb3d02bac6877,58129db068efb3d02bac688d,5812979e68efb3d02bac687e,Legacy Farms,Trevor,2,2.86874
581294df68efb3d02bac6877,58129eb068efb3d02bac68a6,5812979e68efb3d02bac687e,Legacy Farms,Trevor,3,2.850304
581294df68efb3d02bac6877,58129f9468efb3d02bac68b5,5812979e68efb3d02bac687e,Legacy Farms,Trevor,1,2.849588
581294df68efb3d02bac6877,5812a04c68efb3d02bac68c4,5812979e68efb3d02bac687e,Legacy Farms,Trevor,4,2.849344
581294df68efb3d02bac6877,58129db168efb3d02bac6890,581297b568efb3d02bac687f,Legacy Farms,Ryan L,3,3.072848
581294df68efb3d02bac6877,58129e2a68efb3d02bac689b,581297b568efb3d02bac687f,Legacy Farms,Ryan L,4,3.087704
581294df68efb3d02bac6877,58129f4c68efb3d02bac68af,581297b568efb3d02bac687f,Legacy Farms,Ryan L,2,3.170968
581294df68efb3d02bac6877,5812a02668efb3d02bac68c3,581297b568efb3d02bac687f,Legacy Farms,Ryan L,1,3.215308
581294df68efb3d02bac6877,58129db068efb3d02bac688f,581297d268efb3d02bac6880,Legacy Farms,Drake,4,2.9782319999999998
581294df68efb3d02bac6877,58129e8868efb3d02bac68a2,581297d268efb3d02bac6880,Legacy Farms,Drake,3,2.945508
581294df68efb3d02bac6877,58129f7268efb3d02bac68b1,581297d268efb3d02bac6880,Legacy Farms,Drake,2,2.91768
581294df68efb3d02bac6877,5812a08f68efb3d02bac68c9,581297d268efb3d02bac6880,Legacy Farms,Drake,1,2.9056319999999998
581294df68efb3d02bac6877,58129dd668efb3d02bac6893,581297eb68efb3d02bac6881,Legacy Farms,Gage,1,3.13808
581294df68efb3d02bac6877,58129e2a68efb3d02bac689a,581297eb68efb3d02bac6881,Legacy Farms,Gage,3,3.058236
581294df68efb3d02bac6877,58129edc68efb3d02bac68aa,581297eb68efb3d02bac6881,Legacy Farms,Gage,4,3.064492
581294df68efb3d02bac6877,58129fe568efb3d02bac68bd,581297eb68efb3d02bac6881,Legacy Farms,Gage,2,2.9747079999999997
581294df68efb3d02bac6877,58129dd668efb3d02bac6894,5812980768efb3d02bac6882,Legacy Farms,Keenan,2,3.427396
581294df68efb3d02bac6877,58129e2a68efb3d02bac6899,5812980768efb3d02bac6882,Legacy Farms,Keenan,1,2.9492
581294df68efb3d02bac6877,58129f7368efb3d02bac68b4,5812980768efb3d02bac6882,Legacy Farms,Keenan,3,3.1189
581294df68efb3d02bac6877,58129fe568efb3d02bac68bf,5812980768efb3d02bac6882,Legacy Farms,Keenan,4,3.1595199999999997
581294df68efb3d02bac6877,58129dd668efb3d02bac6892,5812982368efb3d02bac6883,Legacy Farms,Konrad,3,3.017228
581294df68efb3d02bac6877,58129e8868efb3d02bac68a4,5812982368efb3d02bac6883,Legacy Farms,Konrad,1,2.9702319999999998
581294df68efb3d02bac6877,58129f4c68efb3d02bac68ad,5812982368efb3d02bac6883,Legacy Farms,Konrad,4,2.963256
581294df68efb3d02bac6877,5812a04c68efb3d02bac68c7,5812982368efb3d02bac6883,Legacy Farms,Konrad,2,2.987592
581294df68efb3d02bac6877,58129dd668efb3d02bac6891,5812986c68efb3d02bac6884,Legacy Farms,Lucas,4,2.8846719999999997
581294df68efb3d02bac6877,58129eb068efb3d02bac68a7,5812986c68efb3d02bac6884,Legacy Farms,Lucas,1,2.8605
581294df68efb3d02bac6877,58129fb968efb3d02bac68ba,5812986c68efb3d02bac6884,Legacy Farms,Lucas,2,2.897516
581294df68efb3d02bac6877,5812a02668efb3d02bac68c0,5812986c68efb3d02bac6884,Legacy Farms,Lucas,3,2.856464
581294df68efb3d02bac6877,58129dfc68efb3d02bac6898,5812988568efb3d02bac6885,Legacy Farms,Joshua,1,3.5179959999999997
581294df68efb3d02bac6877,58129e6368efb3d02bac689f,5812988568efb3d02bac6885,Legacy Farms,Joshua,2,3.42122
581294df68efb3d02bac6877,58129edd68efb3d02bac68ab,5812988568efb3d02bac6885,Legacy Farms,Joshua,3,3.5048679999999997
581294df68efb3d02bac6877,58129f9468efb3d02bac68b8,5812988568efb3d02bac6885,Legacy Farms,Joshua,4,3.4320359999999996
581294df68efb3d02bac6877,58129dfb68efb3d02bac6896,581298a168efb3d02bac6886,Legacy Farms,Porter,2,3.2177599999999997
581294df68efb3d02bac6877,58129e6368efb3d02bac689e,581298a168efb3d02bac6886,Legacy Farms,Porter,3,3.300608
581294df68efb3d02bac6877,58129f4c68efb3d02bac68b0,581298a168efb3d02bac6886,Legacy Farms,Porter,1,3.277112
581294df68efb3d02bac6877,58129fba68efb3d02bac68bb,581298a168efb3d02bac6886,Legacy Farms,Porter,4,3.32604
581294df68efb3d02bac6877,58129dfb68efb3d02bac6895,5812990e68efb3d02bac6887,Legacy Farms,Kali'i,3,3.021852
581294df68efb3d02bac6877,58129e6268efb3d02bac689d,5812990e68efb3d02bac6887,Legacy Farms,Kali'i,4,3.007644
581294df68efb3d02bac6877,58129f7268efb3d02bac68b3,5812990e68efb3d02bac6887,Legacy Farms,Kali'i,1,3.0393719999999997
581294df68efb3d02bac6877,5812a02668efb3d02bac68c2,5812990e68efb3d02bac6887,Legacy Farms,Kali'i,2,3.092904
581294df68efb3d02bac6877,58129dfc68efb3d02bac6897,5812995668efb3d02bac6888,Legacy Farms,Cooper,4,3.4310199999999997
581294df68efb3d02bac6877,58129e6368efb3d02bac68a0,5812995668efb3d02bac6888,Legacy Farms,Cooper,1,3.473964
581294df68efb3d02bac6877,58129edd68efb3d02bac68ac,5812995668efb3d02bac6888,Legacy Farms,Cooper,2,3.5942399999999997
581294df68efb3d02bac6877,5812a04c68efb3d02bac68c5,5812995668efb3d02bac6888,Legacy Farms,Cooper,3,2.966936
581a7ce9176a98281cad6780,581a869f176a98281cad679d,581a80a9176a98281cad6782,Provo East Stake,Cole,1,3.070776
581a7ce9176a98281cad6780,581a888e176a98281cad67b4,581a80a9176a98281cad6782,Provo East Stake,Cole,2,2.87596
581a7ce9176a98281cad6780,581a8a29176a98281cad67d3,581a80a9176a98281cad6782,Provo East Stake,Cole,3,2.859204
581a7ce9176a98281cad6780,581a8b06176a98281cad67e6,581a80a9176a98281cad6782,Provo East Stake,Cole,4,2.836604
581a7ce9176a98281cad6780,581a869f176a98281cad679c,581a80c8176a98281cad6783,Provo East Stake,Peter B,2,2.9702479999999998
581a7ce9176a98281cad6780,581a888f176a98281cad67b7,581a80c8176a98281cad6783,Provo East Stake,Peter B,3,3.0096719999999997
581a7ce9176a98281cad6780,581a8998176a98281cad67c8,581a80c8176a98281cad6783,Provo East Stake,Peter B,4,2.9833559999999997
581a7ce9176a98281cad6780,581a8b06176a98281cad67e9,581a80c8176a98281cad6783,Provo East Stake,Peter B,1,2.9851199999999998
581a7ce9176a98281cad6780,581a869f176a98281cad679a,581a80db176a98281cad6784,Provo East Stake,Spencer,3,2.835616
581a7ce9176a98281cad6780,581a8919176a98281cad67c0,581a80db176a98281cad6784,Provo East Stake,Spencer,4,2.8165999999999998
581a7ce9176a98281cad6780,581a8a90176a98281cad67dc,581a80db176a98281cad6784,Provo East Stake,Spencer,2,2.8232
581a7ce9176a98281cad6780,581a8b5d176a98281cad67ef,581a80db176a98281cad6784,Provo East Stake,Spencer,1,2.8166919999999998
581a7ce9176a98281cad6780,581a869f176a98281cad679b,581a80f1176a98281cad6785,Provo East Stake,Enoch,4,2.885364
581a7ce9176a98281cad6780,581a88e8176a98281cad67bd,581a80f1176a98281cad6785,Provo East Stake,Enoch,1,2.8711279999999997
581a7ce9176a98281cad6780,581a8a4e176a98281cad67d9,581a80f1176a98281cad6785,Provo East Stake,Enoch,2,2.8796839999999997
581a7ce9176a98281cad6780,581a8b5d176a98281cad67f1,581a80f1176a98281cad6785,Provo East Stake,Enoch,3,2.8666519999999998
581a7ce9176a98281cad6780,581a86e6176a98281cad67a0,581a810b176a98281cad6786,Provo East Stake,Joshua,1,2.946428
581a7ce9176a98281cad6780,581a888e176a98281cad67b6,581a810b176a98281cad6786,Provo East Stake,Joshua,4,2.96588
581a7ce9176a98281cad6780,581a8998176a98281cad67c7,581a810b176a98281cad6786,Provo East Stake,Joshua,3,2.978544
581a7ce9176a98281cad6780,581a8adb176a98281cad67e4,581a810b176a98281cad6786,Provo East Stake,Joshua,2,2.963184
581a7ce9176a98281cad6780,581a86e6176a98281cad679e,581a8127176a98281cad6787,Provo East Stake,Yibol,2,2.851664
581a7ce9176a98281cad6780,581a88e7176a98281cad67bc,581a8127176a98281cad6787,Provo East Stake,Yibol,3,2.8364439999999997
581a7ce9176a98281cad6780,581a8a4e176a98281cad67d8,581a8127176a98281cad6787,Provo East Stake,Yibol,1,2.855712
581a7ce9176a98281cad6780,581a8b33176a98281cad67ec,581a8127176a98281cad6787,Provo East Stake,Yibol,4,2.881588
581a7ce9176a98281cad6780,581a86e6176a98281cad679f,581a8140176a98281cad6788,Provo East Stake,Eli,3,2.9118
581a7ce9176a98281cad6780,581a88bb176a98281cad67b8,581a8140176a98281cad6788,Provo East Stake,Eli,4,2.831768
581a7ce9176a98281cad6780,581a8a90176a98281cad67dd,581a8140176a98281cad6788,Provo East Stake,Eli,1,2.8543559999999997
581a7ce9176a98281cad6780,581a8b33176a98281cad67eb,581a8140176a98281cad6788,Provo East Stake,Eli,2,2.8466679999999998
581a7ce9176a98281cad6780,581a86e6176a98281cad67a1,581a8150176a98281cad6789,Provo East Stake,James,4,3.4530279999999998
581a7ce9176a98281cad6780,581a885d176a98281cad67b3,581a8150176a98281cad6789,Provo East Stake,James,1,3.4264919999999996
581a7ce9176a98281cad6780,581a8998176a98281cad67c9,581a8150176a98281cad6789,Provo East Stake,James,2,3.272464
581a7ce9176a98281cad6780,581a8ab6176a98281cad67e1,581a8150176a98281cad6789,Provo East Stake,James,3,3.203592
581a7ce9176a98281cad6780,581a871f176a98281cad67a5,581a8162176a98281cad678a,Provo East Stake,Josh,1,3.2607839999999997
581a7ce9176a98281cad6780,581a885d176a98281cad67b2,581a8162176a98281cad678a,Provo East Stake,Josh,2,3.257596
581a7ce9176a98281cad6780,581a894d176a98281cad67c5,581a8162176a98281cad678a,Provo East Stake,Josh,4,3.0327919999999997
581a7ce9176a98281cad6780,581a8adb176a98281cad67e3,581a8162176a98281cad678a,Provo East Stake,Josh,3,2.95232
581a7ce9176a98281cad6780,581a871f176a98281cad67a3,581a8184176a98281cad678b,Provo East Stake,Zack,2,2.9283919999999997
581a7ce9176a98281cad6780,581a88bb176a98281cad67bb,581a8184176a98281cad678b,Provo East Stake,Zack,3,2.9903519999999997
581a7ce9176a98281cad6780,581a89c9176a98281cad67cb,581a8184176a98281cad678b,Provo East Stake,Zack,4,2.936492
581a7ce9176a98281cad6780,581a8b33176a98281cad67ed,581a8184176a98281cad678b,Provo East Stake,Zack,1,2.9802839999999997
581a7ce9176a98281cad6780,581a871f176a98281cad67a2,581a81a8176a98281cad678c,Provo East Stake,Peter D,3,2.806764
581a7ce9176a98281cad6780,581a89cd176a98281cad67cd,581a81a8176a98281cad678c,Provo East Stake,Peter D,1,6.734912
581a7ce9176a98281cad6780,581a8a90176a98281cad67db,581a81a8176a98281cad678c,Provo East Stake,Peter D,4,2.814164
581a7ce9176a98281cad6780,581a8b5d176a98281cad67f0,581a81a8176a98281cad678c,Provo East Stake,Peter D,2,2.835664
581a7ce9176a98281cad6780,581a871f176a98281cad67a4,581a81cb176a98281cad678d,Provo East Stake,Bob,4,2.96074
581a7ce9176a98281cad6780,581a88bb176a98281cad67ba,581a81cb176a98281cad678d,Provo East Stake,Bob,1,2.9073119999999997
581a7ce9176a98281cad6780,581a89fe176a98281cad67ce,581a81cb176a98281cad678d,Provo East Stake,Bob,2,2.892716
581a7ce9176a98281cad6780,581a8b33176a98281cad67ea,581a81cb176a98281cad678d,Provo East Stake,Bob,3,2.8441359999999998
581a7ce9176a98281cad6780,581a876e176a98281cad67a8,581a81e5176a98281cad678e,Provo East Stake,Chance,1,2.848632
581a7ce9176a98281cad6780,581a8919176a98281cad67c2,581a81e5176a98281cad678e,Provo East Stake,Chance,2,2.85696
581a7ce9176a98281cad6780,581a8a29176a98281cad67d2,581a81e5176a98281cad678e,Provo East Stake,Chance,4,2.8037959999999997
581a7ce9176a98281cad6780,581a8c2d176a98281cad67f7,581a81e5176a98281cad678e,Provo East Stake,Chance,3,2.82144
581a7ce9176a98281cad6780,581a876e176a98281cad67a7,581a81fe176a98281cad678f,Provo East Stake,Sebi,2,2.818616
581a7ce9176a98281cad6780,581a8919176a98281cad67c1,581a81fe176a98281cad678f,Provo East Stake,Sebi,3,2.82008
581a7ce9176a98281cad6780,581a8a4e176a98281cad67d6,581a81fe176a98281cad678f,Provo East Stake,Sebi,4,2.801328
581a7ce9176a98281cad6780,581a8b84176a98281cad67f3,581a81fe176a98281cad678f,Provo East Stake,Sebi,1,2.8130319999999998
581a7ce9176a98281cad6780,581a876e176a98281cad67a9,581a821a176a98281cad6790,Provo East Stake,Matias,3,3.1414999999999997
581a7ce9176a98281cad6780,581a885d176a98281cad67b1,581a821a176a98281cad6790,Provo East Stake,Matias,4,3.1644319999999997
581a7ce9176a98281cad6780,581a89c9176a98281cad67cc,581a821a176a98281cad6790,Provo East Stake,Matias,2,3.0500879999999997
581a7ce9176a98281cad6780,581a8adb176a98281cad67e5,581a821a176a98281cad6790,Provo East Stake,Matias,1,3.022716
581a7ce9176a98281cad6780,581a876e176a98281cad67a6,581a8239176a98281cad6791,Provo East Stake,Edith,4,2.765872
581a7ce9176a98281cad6780,581a8998176a98281cad67c6,581a8239176a98281cad6791,Provo East Stake,Edith,1,2.7919199999999997
581a7ce9176a98281cad6780,581a8a90176a98281cad67da,581a8239176a98281cad6791,Provo East Stake,Edith,3,2.7767079999999997
581a7ce9176a98281cad6780,581a8c2d176a98281cad67f6,581a8239176a98281cad6791,Provo East Stake,Edith,2,2.786872
581a7ce9176a98281cad6780,581a87ab176a98281cad67ab,581a8265176a98281cad6792,Provo East Stake,Grant,1,2.9139
581a7ce9176a98281cad6780,581a88bb176a98281cad67b9,581a8265176a98281cad6792,Provo East Stake,Grant,2,2.895892
581a7ce9176a98281cad6780,581a89fe176a98281cad67cf,581a8265176a98281cad6792,Provo East Stake,Grant,4,2.899804
581a7ce9176a98281cad6780,581a8b06176a98281cad67e7,581a8265176a98281cad6792,Provo East Stake,Grant,3,2.8817239999999997
581a7ce9176a98281cad6780,581a888e176a98281cad67b5,581a828d176a98281cad6793,Provo East Stake,Henry,1,2.949296
581a7ce9176a98281cad6780,581a88e8176a98281cad67be,581a828d176a98281cad6793,Provo East Stake,Henry,2,2.9069719999999997
581a7ce9176a98281cad6780,581a89fe176a98281cad67d0,581a828d176a98281cad6793,Provo East Stake,Henry,3,2.92496
581a7ce9176a98281cad6780,581a8ab6176a98281cad67df,581a828d176a98281cad6793,Provo East Stake,Henry,4,2.939796
581a7ce9176a98281cad6780,581a87ab176a98281cad67aa,581a82a6176a98281cad6794,Provo East Stake,Samuel,3,2.8823239999999997
581a7ce9176a98281cad6780,581a88e8176a98281cad67bf,581a82a6176a98281cad6794,Provo East Stake,Samuel,4,2.915304
581a7ce9176a98281cad6780,581a8a29176a98281cad67d4,581a82a6176a98281cad6794,Provo East Stake,Samuel,1,2.8894439999999997
581a7ce9176a98281cad6780,581a8b06176a98281cad67e8,581a82a6176a98281cad6794,Provo East Stake,Samuel,2,2.8942039999999998
581a7ce9176a98281cad6780,581a87ab176a98281cad67ac,581a82d4176a98281cad6795,Provo East Stake,Justin,4,3.0926839999999998
581a7ce9176a98281cad6780,581a885d176a98281cad67b0,581a82d4176a98281cad6795,Provo East Stake,Justin,3,3.093804
581a7ce9176a98281cad6780,581a89ff176a98281cad67d1,581a82d4176a98281cad6795,Provo East Stake,Justin,1,3.078708
581a7ce9176a98281cad6780,581a8ab6176a98281cad67e0,581a82d4176a98281cad6795,Provo East Stake,Justin,2,3.084996
581a7ce9176a98281cad6780,581a8829176a98281cad67ae,581a82e9176a98281cad6796,Provo East Stake,Braxton,2,2.797332
581a7ce9176a98281cad6780,581a89c9176a98281cad67ca,581a82e9176a98281cad6796,Provo East Stake,Braxton,3,2.750816
581a7ce9176a98281cad6780,581a8ab6176a98281cad67de,581a82e9176a98281cad6796,Provo East Stake,Braxton,1,2.7768599999999997
581a7ce9176a98281cad6780,581a8b5d176a98281cad67ee,581a82e9176a98281cad6796,Provo East Stake,Braxton,4,2.750048
581a7ce9176a98281cad6780,581a8829176a98281cad67af,581a832b176a98281cad6797,Provo East Stake,Joseph,3,2.87318
581a7ce9176a98281cad6780,581a8919176a98281cad67c3,581a832b176a98281cad6797,Provo East Stake,Joseph,1,2.882936
581a7ce9176a98281cad6780,581a8a29176a98281cad67d5,581a832b176a98281cad6797,Provo East Stake,Joseph,2,2.9022639999999997
581a7ce9176a98281cad6780,581a8adb176a98281cad67e2,581a832b176a98281cad6797,Provo East Stake,Joseph,4,2.890304
581a7ce9176a98281cad6780,581a8829176a98281cad67ad,581a84c6176a98281cad6799,Provo East Stake,Mia,4,2.788132
581a7ce9176a98281cad6780,581a894c176a98281cad67c4,581a84c6176a98281cad6799,Provo East Stake,Mia,2,2.78632
581a7ce9176a98281cad6780,581a8a4e176a98281cad67d7,581a84c6176a98281cad6799,Provo East Stake,Mia,3,2.808248
581a7ce9176a98281cad6780,581a8bb6176a98281cad67f5,581a84c6176a98281cad6799,Provo East Stake,Mia,1,2.790604
588166e9492a455c5d50ae9e,58816ffe3221b6884f8e8d90,58816987492a455c5d50aea0,Pack 923,10 Luke,1,2.923056
588166e9492a455c5d50ae9e,588171383221b6884f8e8da3,58816987492a455c5d50aea0,Pack 923,10 Luke,2,2.9116679999999997
588166e9492a455c5d50ae9e,588171943221b6884f8e8daa,58816987492a455c5d50aea0,Pack 923,10 Luke,3,2.9149439999999998
588166e9492a455c5d50ae9e,588172533221b6884f8e8db7,58816987492a455c5d50aea0,Pack 923,10 Luke,4,2.8948799999999997
588166e9492a455c5d50ae9e,58816ffe3221b6884f8e8d92,588169ae492a455c5d50aea1,Pack 923,42 Wyatt,2,3.226364
588166e9492a455c5d50ae9e,5881707a3221b6884f8e8d9a,588169ae492a455c5d50aea1,Pack 923,42 Wyatt,3,3.060508
588166e9492a455c5d50ae9e,588171953221b6884f8e8dac,588169ae492a455c5d50aea1,Pack 923,42 Wyatt,1,3.2076
588166e9492a455c5d50ae9e,588172063221b6884f8e8db2,588169ae492a455c5d50aea1,Pack 923,42 Wyatt,4,3.0409599999999997
588166e9492a455c5d50ae9e,58816ffe3221b6884f8e8d91,588169d5492a455c5d50aea2,Pack 923,50 Jake K,3,2.9408559999999997
588166e9492a455c5d50ae9e,5881707a3221b6884f8e8d99,588169d5492a455c5d50aea2,Pack 923,50 Jake K,4,2.96496
588166e9492a455c5d50ae9e,588171943221b6884f8e8dab,588169d5492a455c5d50aea2,Pack 923,50 Jake K,2,2.9490719999999997
588166e9492a455c5d50ae9e,588172533221b6884f8e8db8,588169d5492a455c5d50aea2,Pack 923,50 Jake K,1,2.944336
588166e9492a455c5d50ae9e,58816ffe3221b6884f8e8d93,58816a01492a455c5d50aea3,Pack 923,98 Aydian,4,3.416104
588166e9492a455c5d50ae9e,5881707a3221b6884f8e8d9b,58816a01492a455c5d50aea3,Pack 923,98 Aydian,2,3.500944
588166e9492a455c5d50ae9e,588171663221b6884f8e8da6,58816a01492a455c5d50aea3,Pack 923,98 Aydian,3,3.26732
588166e9492a455c5d50ae9e,588171c43221b6884f8e8db0,58816a01492a455c5d50aea3,Pack 923,98 Aydian,1,3.491768
588166e9492a455c5d50ae9e,588170423221b6884f8e8d94,58816a2b492a455c5d50aea4,Pack 923,110 Jake H,1,2.9617999999999998
588166e9492a455c5d50ae9e,588171053221b6884f8e8d9d,58816a2b492a455c5d50aea4,Pack 923,110 Jake H,4,2.8832679999999997
588166e9492a455c5d50ae9e,588171c33221b6884f8e8dad,58816a2b492a455c5d50aea4,Pack 923,110 Jake H,3,2.905084
588166e9492a455c5d50ae9e,588172063221b6884f8e8db1,58816a2b492a455c5d50aea4,Pack 923,110 Jake H,2,2.9177239999999998
588166e9492a455c5d50ae9e,588170423221b6884f8e8d95,58816a45492a455c5d50aea5,Pack 923,100 Daniel,2,3.113972
588166e9492a455c5d50ae9e,588171053221b6884f8e8d9f,58816a45492a455c5d50aea5,Pack 923,100 Daniel,3,3.109
588166e9492a455c5d50ae9e,588171653221b6884f8e8da5,58816a45492a455c5d50aea5,Pack 923,100 Daniel,4,3.0658879999999997
588166e9492a455c5d50ae9e,588172063221b6884f8e8db3,58816a45492a455c5d50aea5,Pack 923,100 Daniel,1,3.399712
588166e9492a455c5d50ae9e,588170423221b6884f8e8d96,58816a69492a455c5d50aea6,Pack 923,42 Israel,3,3.210448
588166e9492a455c5d50ae9e,588171393221b6884f8e8da4,58816a69492a455c5d50aea6,Pack 923,42 Israel,1,3.249072
588166e9492a455c5d50ae9e,588171663221b6884f8e8da7,58816a69492a455c5d50aea6,Pack 923,42 Israel,2,3.30922
588166e9492a455c5d50ae9e,588171c43221b6884f8e8daf,58816a69492a455c5d50aea6,Pack 923,42 Israel,4,3.32042
588166e9492a455c5d50ae9e,588170423221b6884f8e8d97,58816a97492a455c5d50aea7,Pack 923,113 Colby,4,3.57002
588166e9492a455c5d50ae9e,588171063221b6884f8e8da0,58816a97492a455c5d50aea7,Pack 923,113 Colby,2,3.519148
588166e9492a455c5d50ae9e,588171663221b6884f8e8da8,58816a97492a455c5d50aea7,Pack 923,113 Colby,1,3.542516
588166e9492a455c5d50ae9e,588172073221b6884f8e8db4,58816a97492a455c5d50aea7,Pack 923,113 Colby,3,3.566052
588166e9492a455c5d50ae9e,5881707a3221b6884f8e8d98,58816ae8492a455c5d50aea8,Pack 923,360 Brigham,1,2.8808439999999997
588166e9492a455c5d50ae9e,588171383221b6884f8e8da1,58816ae8492a455c5d50aea8,Pack 923,360 Brigham,3,2.871892
588166e9492a455c5d50ae9e,588171943221b6884f8e8da9,58816ae8492a455c5d50aea8,Pack 923,360 Brigham,4,2.8675479999999998
588166e9492a455c5d50ae9e,588172533221b6884f8e8db5,58816ae8492a455c5d50aea8,Pack 923,360 Brigham,2,2.876892
588166e9492a455c5d50ae9e,588171053221b6884f8e8d9e,588170b83221b6884f8e8d9c,Pack 923,Craig,1,2.965448
588166e9492a455c5d50ae9e,588171383221b6884f8e8da2,588170b83221b6884f8e8d9c,Pack 923,Craig,4,2.89336
588166e9492a455c5d50ae9e,588171c33221b6884f8e8dae,588170b83221b6884f8e8d9c,Pack 923,Craig,2,2.9529799999999997
588166e9492a455c5d50ae9e,588172533221b6884f8e8db6,588170b83221b6884f8e8d9c,Pack 923,Craig,3,2.8774319999999998
58816b5d492a455c5d50aea9,588173793221b6884f8e8dbb,58816b74492a455c5d50aeab,Activity Days Girls,2905 Angelina,1,3.084784
58816b5d492a455c5d50aea9,588174203221b6884f8e8dc5,58816b74492a455c5d50aeab,Activity Days Girls,2905 Angelina,4,3.09084
58816b5d492a455c5d50aea9,588174f73221b6884f8e8dd6,58816b74492a455c5d50aeab,Activity Days Girls,2905 Angelina,2,3.082756
58816b5d492a455c5d50aea9,588175763221b6884f8e8de2,58816b74492a455c5d50aeab,Activity Days Girls,2905 Angelina,3,3.125728
58816b5d492a455c5d50aea9,588173783221b6884f8e8dba,58816b96492a455c5d50aeac,Activity Days Girls,Flower Power Megan,2,2.7873639999999997
58816b5d492a455c5d50aea9,588174813221b6884f8e8dcd,58816b96492a455c5d50aeac,Activity Days Girls,Flower Power Megan,3,2.780936
58816b5d492a455c5d50aea9,5881751f3221b6884f8e8dd9,58816b96492a455c5d50aeac,Activity Days Girls,Flower Power Megan,4,2.775552
58816b5d492a455c5d50aea9,588175c53221b6884f8e8de9,58816b96492a455c5d50aeac,Activity Days Girls,Flower Power Megan,1,2.785276
58816b5d492a455c5d50aea9,588173793221b6884f8e8dbc,58816bac492a455c5d50aead,Activity Days Girls,21 Christine,3,3.262104
58816b5d492a455c5d50aea9,588174203221b6884f8e8dc8,58816bac492a455c5d50aead,Activity Days Girls,21 Christine,2,3.3028679999999997
58816b5d492a455c5d50aea9,588174f73221b6884f8e8dd7,58816bac492a455c5d50aead,Activity Days Girls,21 Christine,1,3.3234519999999996
58816b5d492a455c5d50aea9,588175763221b6884f8e8de4,58816bac492a455c5d50aead,Activity Days Girls,21 Christine,4,3.329748
58816b5d492a455c5d50aea9,588173793221b6884f8e8dbd,58816bd8492a455c5d50aeae,Activity Days Girls,17 Keller,4,3.324276
58816b5d492a455c5d50aea9,588174203221b6884f8e8dc6,58816bd8492a455c5d50aeae,Activity Days Girls,17 Keller,1,3.26048
58816b5d492a455c5d50aea9,588174b93221b6884f8e8dd2,58816bd8492a455c5d50aeae,Activity Days Girls,17 Keller,3,3.2536039999999997
58816b5d492a455c5d50aea9,588175513221b6884f8e8ddf,58816bd8492a455c5d50aeae,Activity Days Girls,17 Keller,2,3.227292
58816b5d492a455c5d50aea9,588173b03221b6884f8e8dbe,58816bf3492a455c5d50aeaf,Activity Days Girls,79 Miriam,1,2.9785079999999997
58816b5d492a455c5d50aea9,588174813221b6884f8e8dcf,58816bf3492a455c5d50aeaf,Activity Days Girls,79 Miriam,2,2.9778439999999997
58816b5d492a455c5d50aea9,588174f73221b6884f8e8dd5,58816bf3492a455c5d50aeaf,Activity Days Girls,79 Miriam,4,2.94542
58816b5d492a455c5d50aea9,588175a13221b6884f8e8de6,58816bf3492a455c5d50aeaf,Activity Days Girls,79 Miriam,3,2.9471879999999997
58816b5d492a455c5d50aea9,588173b03221b6884f8e8dc1,58816c14492a455c5d50aeb0,Activity Days Girls,Abby,2,3.274588
58816b5d492a455c5d50aea9,588174203221b6884f8e8dc7,58816c14492a455c5d50aeb0,Activity Days Girls,Abby,3,3.268344
58816b5d492a455c5d50aea9,588174b83221b6884f8e8dd1,58816c14492a455c5d50aeb0,Activity Days Girls,Abby,4,3.1611279999999997
58816b5d492a455c5d50aea9,588175763221b6884f8e8de3,58816c14492a455c5d50aeb0,Activity Days Girls,Abby,1,3.1267039999999997
58816b5d492a455c5d50aea9,588173b03221b6884f8e8dc0,58816c3d492a455c5d50aeb1,Activity Days Girls,1 Kady,3,3.023736
58816b5d492a455c5d50aea9,588174513221b6884f8e8dc9,58816c3d492a455c5d50aeb1,Activity Days Girls,1 Kady,4,3.0275239999999997
58816b5d492a455c5d50aea9,5881751f3221b6884f8e8ddb,58816c3d492a455c5d50aeb1,Activity Days Girls,1 Kady,2,2.996772
58816b5d492a455c5d50aea9,588175a13221b6884f8e8de7,58816c3d492a455c5d50aeb1,Activity Days Girls,1 Kady,1,3.009732
58816b5d492a455c5d50aea9,588173b03221b6884f8e8dbf,58816c6b492a455c5d50aeb2,Activity Days Girls,Googly Eyes Starr,4,2.983316
58816b5d492a455c5d50aea9,588174813221b6884f8e8dd0,58816c6b492a455c5d50aeb2,Activity Days Girls,Googly Eyes Starr,1,3.005308
58816b5d492a455c5d50aea9,5881751f3221b6884f8e8dda,58816c6b492a455c5d50aeb2,Activity Days Girls,Googly Eyes Starr,3,2.899032
58816b5d492a455c5d50aea9,588175763221b6884f8e8de1,58816c6b492a455c5d50aeb2,Activity Days Girls,Googly Eyes Starr,2,2.956248
58816b5d492a455c5d50aea9,588174513221b6884f8e8dcb,58816c7e492a455c5d50aeb3,Activity Days Girls,11 Bryli,1,3.25756
58816b5d492a455c5d50aea9,588174b93221b6884f8e8dd4,58816c7e492a455c5d50aeb3,Activity Days Girls,11 Bryli,2,3.4406399999999997
58816b5d492a455c5d50aea9,588174f73221b6884f8e8dd8,58816c7e492a455c5d50aeb3,Activity Days Girls,11 Bryli,3,3.357804
58816b5d492a455c5d50aea9,588175a13221b6884f8e8de8,58816c7e492a455c5d50aeb3,Activity Days Girls,11 Bryli,4,3.3506519999999997
58816b5d492a455c5d50aea9,588173e03221b6884f8e8dc4,58816cab492a455c5d50aeb4,Activity Days Girls,83 Millie,2,3.438068
58816b5d492a455c5d50aea9,588174513221b6884f8e8dcc,58816cab492a455c5d50aeb4,Activity Days Girls,83 Millie,3,3.296576
58816b5d492a455c5d50aea9,588174b93221b6884f8e8dd3,58816cab492a455c5d50aeb4,Activity Days Girls,83 Millie,1,3.4394959999999997
58816b5d492a455c5d50aea9,588175513221b6884f8e8de0,58816cab492a455c5d50aeb4,Activity Days Girls,83 Millie,4,3.3598079999999997
58816b5d492a455c5d50aea9,588173df3221b6884f8e8dc2,58816cec492a455c5d50aeb5,Activity Days Girls,Blossoms Kira,3,2.82138
58816b5d492a455c5d50aea9,588174813221b6884f8e8dce,58816cec492a455c5d50aeb5,Activity Days Girls,Blossoms Kira,4,2.82808
58816b5d492a455c5d50aea9,588175513221b6884f8e8ddd,58816cec492a455c5d50aeb5,Activity Days Girls,Blossoms Kira,1,2.832316
58816b5d492a455c5d50aea9,588175a13221b6884f8e8de5,58816cec492a455c5d50aeb5,Activity Days Girls,Blossoms Kira,2,2.8326
58816b5d492a455c5d50aea9,588173e03221b6884f8e8dc3,588173213221b6884f8e8db9,Activity Days Girls,16 Scarlet,4,3.143156
58816b5d492a455c5d50aea9,588174513221b6884f8e8dca,588173213221b6884f8e8db9,Activity Days Girls,16 Scarlet,2,3.097804
58816b5d492a455c5d50aea9,5881751f3221b6884f8e8ddc,588173213221b6884f8e8db9,Activity Days Girls,16 Scarlet,1,3.0321719999999996
58816b5d492a455c5d50aea9,588175513221b6884f8e8dde,588173213221b6884f8e8db9,Activity Days Girls,16 Scarlet,3,3.0372
5887f84d7e897dbc0d7a1a54,5887fe6839206b581703ec9e,5887f9687e897dbc0d7a1a56,Pack 1880,Logan,1,3.0090719999999997
5887f84d7e897dbc0d7a1a54,5887ffa439206b581703ecb0,5887f9687e897dbc0d7a1a56,Pack 1880,Logan,4,3.016492
5887f84d7e897dbc0d7a1a54,5888011139206b581703ecca,5887f9687e897dbc0d7a1a56,Pack 1880,Logan,2,3.01106
5887f84d7e897dbc0d7a1a54,5888021739206b581703ecdc,5887f9687e897dbc0d7a1a56,Pack 1880,Logan,3,3.01532
5887f84d7e897dbc0d7a1a54,5888036239206b581703ecef,5887f9687e897dbc0d7a1a56,Pack 1880,Logan,4,3.1692839999999998
5887f84d7e897dbc0d7a1a54,5888044139206b581703ed03,5887f9687e897dbc0d7a1a56,Pack 1880,Logan,1,3.197192
5887f84d7e897dbc0d7a1a54,588804c039206b581703ed13,5887f9687e897dbc0d7a1a56,Pack 1880,Logan,3,3.166708
5887f84d7e897dbc0d7a1a54,5888058339206b581703ed2b,5887f9687e897dbc0d7a1a56,Pack 1880,Logan,2,3.164504
5887f84d7e897dbc0d7a1a54,5887fe6839206b581703ec9f,5887f9827e897dbc0d7a1a57,Pack 1880,Bryce,2,3.2152879999999997
5887f84d7e897dbc0d7a1a54,5887ffa539206b581703ecb2,5887f9827e897dbc0d7a1a57,Pack 1880,Bryce,3,3.1921079999999997
5887f84d7e897dbc0d7a1a54,588800d839206b581703ecc7,5887f9827e897dbc0d7a1a57,Pack 1880,Bryce,4,3.360832
5887f84d7e897dbc0d7a1a54,5888023f39206b581703ece2,5887f9827e897dbc0d7a1a57,Pack 1880,Bryce,1,3.174248
5887f84d7e897dbc0d7a1a54,5888036339206b581703ecf0,5887f9827e897dbc0d7a1a57,Pack 1880,Bryce,3,4.26884
5887f84d7e897dbc0d7a1a54,5888041439206b581703ed00,5887f9827e897dbc0d7a1a57,Pack 1880,Bryce,4,3.907772
5887f84d7e897dbc0d7a1a54,588804c039206b581703ed14,5887f9827e897dbc0d7a1a57,Pack 1880,Bryce,1,3.578312
5887f84d7e897dbc0d7a1a54,5888056339206b581703ed28,5887f9827e897dbc0d7a1a57,Pack 1880,Bryce,2,4.103656
5887f84d7e897dbc0d7a1a54,5887fe6839206b581703ec9d,5887f99b7e897dbc0d7a1a58,Pack 1880,Quinn,3,2.9900439999999997
5887f84d7e897dbc0d7a1a54,5888001a39206b581703ecb5,5887f99b7e897dbc0d7a1a58,Pack 1880,Quinn,4,2.9977199999999997
5887f84d7e897dbc0d7a1a54,5888013939206b581703ecce,5887f99b7e897dbc0d7a1a58,Pack 1880,Quinn,1,2.957972
5887f84d7e897dbc0d7a1a54,5888021739206b581703ecdb,5887f99b7e897dbc0d7a1a58,Pack 1880,Quinn,2,2.981308
5887f84d7e897dbc0d7a1a54,5888038439206b581703ecf1,5887f99b7e897dbc0d7a1a58,Pack 1880,Quinn,3,2.938008
5887f84d7e897dbc0d7a1a54,5888045839206b581703ed05,5887f99b7e897dbc0d7a1a58,Pack 1880,Quinn,2,2.9385
5887f84d7e897dbc0d7a1a54,588804dd39206b581703ed15,5887f99b7e897dbc0d7a1a58,Pack 1880,Quinn,4,2.9482239999999997
5887f84d7e897dbc0d7a1a54,5888058339206b581703ed29,5887f99b7e897dbc0d7a1a58,Pack 1880,Quinn,1,2.9447639999999997
5887f84d7e897dbc0d7a1a54,5887fe6839206b581703ec9c,5887f9b27e897dbc0d7a1a59,Pack 1880,Porter,4,2.806704
5887f84d7e897dbc0d7a1a54,588800d839206b581703ecc4,5887f9b27e897dbc0d7a1a59,Pack 1880,Porter,1,2.82028
5887f84d7e897dbc0d7a1a54,588801e739206b581703ecd7,5887f9b27e897dbc0d7a1a59,Pack 1880,Porter,3,2.810556
5887f84d7e897dbc0d7a1a54,5888029239206b581703ece8,5887f9b27e897dbc0d7a1a59,Pack 1880,Porter,2,2.839308
5887f84d7e897dbc0d7a1a54,5888041339206b581703ecff,5887f9b27e897dbc0d7a1a59,Pack 1880,Porter,1,3.1819599999999997
5887f84d7e897dbc0d7a1a54,5888049f39206b581703ed10,5887f9b27e897dbc0d7a1a59,Pack 1880,Porter,3,3.1817919999999997
5887f84d7e897dbc0d7a1a54,5888054539206b581703ed24,5887f9b27e897dbc0d7a1a59,Pack 1880,Porter,2,3.145224
5887f84d7e897dbc0d7a1a54,588805de39206b581703ed34,5887f9b27e897dbc0d7a1a59,Pack 1880,Porter,4,3.217848
5887f84d7e897dbc0d7a1a54,5887fe9739206b581703eca1,5887f9ca7e897dbc0d7a1a5a,Pack 1880,Ty,1,2.881296
5887f84d7e897dbc0d7a1a54,5888007739206b581703ecbd,5887f9ca7e897dbc0d7a1a5a,Pack 1880,Ty,3,2.87898
5887f84d7e897dbc0d7a1a54,5888016539206b581703ecd2,5887f9ca7e897dbc0d7a1a5a,Pack 1880,Ty,2,2.921744
5887f84d7e897dbc0d7a1a54,5888026939206b581703ece5,5887f9ca7e897dbc0d7a1a5a,Pack 1880,Ty,4,2.8867559999999997
5887f84d7e897dbc0d7a1a54,588803b839206b581703ecf5,5887f9ca7e897dbc0d7a1a5a,Pack 1880,Ty,4,2.917176
5887f84d7e897dbc0d7a1a54,5888047939206b581703ed0a,5887f9ca7e897dbc0d7a1a5a,Pack 1880,Ty,2,2.922404
5887f84d7e897dbc0d7a1a54,588804f539206b581703ed19,5887f9ca7e897dbc0d7a1a5a,Pack 1880,Ty,3,2.90256
5887f84d7e897dbc0d7a1a54,588805a339206b581703ed2d,5887f9ca7e897dbc0d7a1a5a,Pack 1880,Ty,1,2.906152
5887f84d7e897dbc0d7a1a54,5887fe9739206b581703eca2,5887f9e17e897dbc0d7a1a5b,Pack 1880,Asher,2,2.9059559999999998
5887f84d7e897dbc0d7a1a54,5888004639206b581703ecba,5887f9e17e897dbc0d7a1a5b,Pack 1880,Asher,3,2.9138159999999997
5887f84d7e897dbc0d7a1a54,5888013939206b581703eccc,5887f9e17e897dbc0d7a1a5b,Pack 1880,Asher,4,2.910748
5887f84d7e897dbc0d7a1a54,5888029239206b581703ecea,5887f9e17e897dbc0d7a1a5b,Pack 1880,Asher,1,2.8850919999999998
5887f84d7e897dbc0d7a1a54,588803b839206b581703ecf6,5887f9e17e897dbc0d7a1a5b,Pack 1880,Asher,3,2.972228
5887f84d7e897dbc0d7a1a54,5888047939206b581703ed0b,5887f9e17e897dbc0d7a1a5b,Pack 1880,Asher,1,2.9515919999999998
5887f84d7e897dbc0d7a1a54,588804f539206b581703ed1b,5887f9e17e897dbc0d7a1a5b,Pack 1880,Asher,4,2.971276
5887f84d7e897dbc0d7a1a54,588805a339206b581703ed2e,5887f9e17e897dbc0d7a1a5b,Pack 1880,Asher,2,2.9732
5887f84d7e897dbc0d7a1a54,5887fe9839206b581703eca3,5887fa057e897dbc0d7a1a5c,Pack 1880,Zackary,3,3.2734319999999997
5887f84d7e897dbc0d7a1a54,5887ff6839206b581703ecae,5887fa057e897dbc0d7a1a5c,Pack 1880,Zackary,4,3.274308
5887f84d7e897dbc0d7a1a54,588800d839206b581703ecc5,5887fa057e897dbc0d7a1a5c,Pack 1880,Zackary,2,3.2364759999999997
5887f84d7e897dbc0d7a1a54,5888021739206b581703ecde,5887fa057e897dbc0d7a1a5c,Pack 1880,Zackary,1,3.2465279999999996
5887f84d7e897dbc0d7a1a54,5888036139206b581703eced,5887fa057e897dbc0d7a1a5c,Pack 1880,Zackary,2,2.9446
5887f84d7e897dbc0d7a1a54,5888044139206b581703ed01,5887fa057e897dbc0d7a1a5c,Pack 1880,Zackary,4,3.0110919999999997
5887f84d7e897dbc0d7a1a54,588804de39206b581703ed16,5887fa057e897dbc0d7a1a5c,Pack 1880,Zackary,3,3.0060879999999996
5887f84d7e897dbc0d7a1a54,5888056239206b581703ed25,5887fa057e897dbc0d7a1a5c,Pack 1880,Zackary,1,2.9769639999999997
5887f84d7e897dbc0d7a1a54,5887fe9739206b581703eca0,5887fa647e897dbc0d7a1a5d,Pack 1880,Sam,4,2.85128
5887f84d7e897dbc0d7a1a54,588800a539206b581703ecc2,5887fa647e897dbc0d7a1a5d,Pack 1880,Sam,3,2.843772
5887f84d7e897dbc0d7a1a54,588801a839206b581703ecd3,5887fa647e897dbc0d7a1a5d,Pack 1880,Sam,1,2.839852
5887f84d7e897dbc0d7a1a54,5888026939206b581703ece3,5887fa647e897dbc0d7a1a5d,Pack 1880,Sam,2,2.819628
5887f84d7e897dbc0d7a1a54,588803db39206b581703ecf9,5887fa647e897dbc0d7a1a5d,Pack 1880,Sam,4,2.834628
5887f84d7e897dbc0d7a1a54,5888049f39206b581703ed0d,5887fa647e897dbc0d7a1a5d,Pack 1880,Sam,2,2.8236399999999997
5887f84d7e897dbc0d7a1a54,5888051e39206b581703ed1d,5887fa647e897dbc0d7a1a5d,Pack 1880,Sam,3,2.832432
5887f84d7e897dbc0d7a1a54,588805c239206b581703ed30,5887fa647e897dbc0d7a1a5d,Pack 1880,Sam,1,2.85084
5887f84d7e897dbc0d7a1a54,5887fec639206b581703eca7,5887fa997e897dbc0d7a1a5e,Pack 1880,Jordan,1,3.0510439999999996
5887f84d7e897dbc0d7a1a54,5887ffa539206b581703ecb1,5887fa997e897dbc0d7a1a5e,Pack 1880,Jordan,2,3.0621639999999997
5887f84d7e897dbc0d7a1a54,5888011139206b581703ecc9,5887fa997e897dbc0d7a1a5e,Pack 1880,Jordan,3,2.97646
5887f84d7e897dbc0d7a1a54,5888021739206b581703ecdd,5887fa997e897dbc0d7a1a5e,Pack 1880,Jordan,4,3.0812
5887f84d7e897dbc0d7a1a54,5888038539206b581703ecf4,5887fa997e897dbc0d7a1a5e,Pack 1880,Jordan,2,3.542328
5887f84d7e897dbc0d7a1a54,5888044139206b581703ed04,5887fa997e897dbc0d7a1a5e,Pack 1880,Jordan,3,3.43808
5887f84d7e897dbc0d7a1a54,588804de39206b581703ed18,5887fa997e897dbc0d7a1a5e,Pack 1880,Jordan,1,3.3425119999999997
5887f84d7e897dbc0d7a1a54,5888056239206b581703ed27,5887fa997e897dbc0d7a1a5e,Pack 1880,Jordan,4,3.260788
5887f84d7e897dbc0d7a1a54,5887fec539206b581703eca4,5887fab47e897dbc0d7a1a5f,Pack 1880,Mason,2,2.8865
5887f84d7e897dbc0d7a1a54,5888007739206b581703ecbc,5887fab47e897dbc0d7a1a5f,Pack 1880,Mason,1,2.813584
5887f84d7e897dbc0d7a1a54,588801a839206b581703ecd5,5887fab47e897dbc0d7a1a5f,Pack 1880,Mason,3,2.879464
5887f84d7e897dbc0d7a1a54,5888029239206b581703ece7,5887fab47e897dbc0d7a1a5f,Pack 1880,Mason,4,2.804232
5887f84d7e897dbc0d7a1a54,5888041339206b581703ecfd,5887fab47e897dbc0d7a1a5f,Pack 1880,Mason,2,3.0666599999999997
5887f84d7e897dbc0d7a1a54,5888049f39206b581703ed0f,5887fab47e897dbc0d7a1a5f,Pack 1880,Mason,4,3.056772
5887f84d7e897dbc0d7a1a54,5888054539206b581703ed21,5887fab47e897dbc0d7a1a5f,Pack 1880,Mason,1,3.0232959999999998
5887f84d7e897dbc0d7a1a54,588805c239206b581703ed32,5887fab47e897dbc0d7a1a5f,Pack 1880,Mason,3,3.0269719999999998
5887f84d7e897dbc0d7a1a54,5887fec539206b581703eca6,5887fad17e897dbc0d7a1a60,Pack 1880,Riley,3,2.977308
5887f84d7e897dbc0d7a1a54,5888004639206b581703ecbb,5887fad17e897dbc0d7a1a60,Pack 1880,Riley,1,2.97506
5887f84d7e897dbc0d7a1a54,5888011139206b581703ecc8,5887fad17e897dbc0d7a1a60,Pack 1880,Riley,4,2.954376
5887f84d7e897dbc0d7a1a54,5888023f39206b581703ece1,5887fad17e897dbc0d7a1a60,Pack 1880,Riley,2,3.029368
5887f84d7e897dbc0d7a1a54,5888038439206b581703ecf3,5887fad17e897dbc0d7a1a60,Pack 1880,Riley,4,3.144984
5887f84d7e897dbc0d7a1a54,5888045839206b581703ed08,5887fad17e897dbc0d7a1a60,Pack 1880,Riley,1,3.0496559999999997
5887f84d7e897dbc0d7a1a54,588804de39206b581703ed17,5887fad17e897dbc0d7a1a60,Pack 1880,Riley,2,3.0356039999999997
5887f84d7e897dbc0d7a1a54,5888056239206b581703ed26,5887fad17e897dbc0d7a1a60,Pack 1880,Riley,3,3.03612
5887f84d7e897dbc0d7a1a54,5887fec539206b581703eca5,5887fae87e897dbc0d7a1a61,Pack 1880,Andrew,4,2.949068
5887f84d7e897dbc0d7a1a54,5888004639206b581703ecb9,5887fae87e897dbc0d7a1a61,Pack 1880,Andrew,2,2.910252
5887f84d7e897dbc0d7a1a54,5888013939206b581703eccd,5887fae87e897dbc0d7a1a61,Pack 1880,Andrew,3,2.944816
5887f84d7e897dbc0d7a1a54,5888026939206b581703ece6,5887fae87e897dbc0d7a1a61,Pack 1880,Andrew,1,2.9284399999999997
5887f84d7e897dbc0d7a1a54,588803b839206b581703ecf7,5887fae87e897dbc0d7a1a61,Pack 1880,Andrew,2,2.976372
5887f84d7e897dbc0d7a1a54,5888045839206b581703ed07,5887fae87e897dbc0d7a1a61,Pack 1880,Andrew,4,2.994128
5887f84d7e897dbc0d7a1a54,588804f539206b581703ed1a,5887fae87e897dbc0d7a1a61,Pack 1880,Andrew,1,2.942736
5887f84d7e897dbc0d7a1a54,5888058339206b581703ed2a,5887fae87e897dbc0d7a1a61,Pack 1880,Andrew,3,2.949404
5887f84d7e897dbc0d7a1a54,5887ff3339206b581703ecaa,5887fb047e897dbc0d7a1a62,Pack 1880,Jenson,1,2.874056
5887f84d7e897dbc0d7a1a54,588800a539206b581703ecc1,5887fb047e897dbc0d7a1a62,Pack 1880,Jenson,2,2.8323
5887f84d7e897dbc0d7a1a54,5888016539206b581703ecd0,5887fb047e897dbc0d7a1a62,Pack 1880,Jenson,4,2.832976
5887f84d7e897dbc0d7a1a54,588802be39206b581703eceb,5887fb047e897dbc0d7a1a62,Pack 1880,Jenson,3,2.828424
5887f84d7e897dbc0d7a1a54,588803db39206b581703ecfb,5887fb047e897dbc0d7a1a62,Pack 1880,Jenson,3,2.939632
5887f84d7e897dbc0d7a1a54,5888049f39206b581703ed0e,5887fb047e897dbc0d7a1a62,Pack 1880,Jenson,1,2.9856879999999997
5887f84d7e897dbc0d7a1a54,5888051e39206b581703ed1f,5887fb047e897dbc0d7a1a62,Pack 1880,Jenson,4,2.995524
5887f84d7e897dbc0d7a1a54,588805c239206b581703ed31,5887fb047e897dbc0d7a1a62,Pack 1880,Jenson,2,2.9743079999999997
5887f84d7e897dbc0d7a1a54,5887ffa439206b581703ecaf,5887fb407e897dbc0d7a1a63,Pack 1880,Kasen,1,2.875072
5887f84d7e897dbc0d7a1a54,5888007739206b581703ecbe,5887fb407e897dbc0d7a1a63,Pack 1880,Kasen,4,2.9839279999999997
5887f84d7e897dbc0d7a1a54,588801e739206b581703ecd9,5887fb407e897dbc0d7a1a63,Pack 1880,Kasen,2,2.8701559999999997
5887f84d7e897dbc0d7a1a54,5888026939206b581703ece4,5887fb407e897dbc0d7a1a63,Pack 1880,Kasen,3,2.86434
5887f84d7e897dbc0d7a1a54,588803db39206b581703ecfa,5887fb407e897dbc0d7a1a63,Pack 1880,Kasen,1,2.855152
5887f84d7e897dbc0d7a1a54,5888047939206b581703ed09,5887fb407e897dbc0d7a1a63,Pack 1880,Kasen,3,2.8746959999999997
5887f84d7e897dbc0d7a1a54,5888051e39206b581703ed1e,5887fb407e897dbc0d7a1a63,Pack 1880,Kasen,2,2.8801639999999997
5887f84d7e897dbc0d7a1a54,588805a339206b581703ed2c,5887fb407e897dbc0d7a1a63,Pack 1880,Kasen,4,2.880184
5887f84d7e897dbc0d7a1a54,5887ff3339206b581703eca8,5887fbe47e897dbc0d7a1a64,Pack 1880,Josh,3,2.8053399999999997
5887f84d7e897dbc0d7a1a54,588800a539206b581703ecc0,5887fbe47e897dbc0d7a1a64,Pack 1880,Josh,4,2.821824
5887f84d7e897dbc0d7a1a54,588801e739206b581703ecd8,5887fbe47e897dbc0d7a1a64,Pack 1880,Josh,1,2.826752
5887f84d7e897dbc0d7a1a54,588802be39206b581703ecec,5887fbe47e897dbc0d7a1a64,Pack 1880,Josh,2,2.828964
5887f84d7e897dbc0d7a1a54,5887ff3339206b581703eca9,5887fc117e897dbc0d7a1a65,Pack 1880,J,4,2.85764
5887f84d7e897dbc0d7a1a54,588800a539206b581703ecc3,5887fc117e897dbc0d7a1a65,Pack 1880,J,1,2.8662319999999997
5887f84d7e897dbc0d7a1a54,588801a839206b581703ecd4,5887fc117e897dbc0d7a1a65,Pack 1880,J,2,2.8669279999999997
5887f84d7e897dbc0d7a1a54,5888029239206b581703ece9,5887fc117e897dbc0d7a1a65,Pack 1880,J,3,2.853372
5887f84d7e897dbc0d7a1a54,588803db39206b581703ecfc,5887fc117e897dbc0d7a1a65,Pack 1880,J,2,3.1456679999999997
5887f84d7e897dbc0d7a1a54,5888047939206b581703ed0c,5887fc117e897dbc0d7a1a65,Pack 1880,J,4,3.105652
5887f84d7e897dbc0d7a1a54,5888051e39206b581703ed20,5887fc117e897dbc0d7a1a65,Pack 1880,J,1,3.0884199999999997
5887f84d7e897dbc0d7a1a54,588805a339206b581703ed2f,5887fc117e897dbc0d7a1a65,Pack 1880,J,3,3.1092839999999997
5887f84d7e897dbc0d7a1a54,5887ff6739206b581703ecac,5887fc6f7e897dbc0d7a1a66,Pack 1880,Jack,1,3.012172
5887f84d7e897dbc0d7a1a54,5888001a39206b581703ecb4,5887fc6f7e897dbc0d7a1a66,Pack 1880,Jack,3,2.92866
5887f84d7e897dbc0d7a1a54,5888013939206b581703eccf,5887fc6f7e897dbc0d7a1a66,Pack 1880,Jack,2,2.9755119999999997
5887f84d7e897dbc0d7a1a54,5888023f39206b581703ece0,5887fc6f7e897dbc0d7a1a66,Pack 1880,Jack,4,3.022172
5887f84d7e897dbc0d7a1a54,588803b839206b581703ecf8,5887fc6f7e897dbc0d7a1a66,Pack 1880,Jack,1,3.122312
5887f84d7e897dbc0d7a1a54,5888045839206b581703ed06,5887fc6f7e897dbc0d7a1a66,Pack 1880,Jack,3,2.96752
5887f84d7e897dbc0d7a1a54,588804f539206b581703ed1c,5887fc6f7e897dbc0d7a1a66,Pack 1880,Jack,2,3.2588079999999997
5887f84d7e897dbc0d7a1a54,588805c239206b581703ed33,5887fc6f7e897dbc0d7a1a66,Pack 1880,Jack,4,3.038004
5887f84d7e897dbc0d7a1a54,5887ff6739206b581703ecab,5887fcdf7e897dbc0d7a1a67,Pack 1880,Camden,2,2.9057999999999997
5887f84d7e897dbc0d7a1a54,5888004639206b581703ecb8,5887fcdf7e897dbc0d7a1a67,Pack 1880,Camden,4,2.907996
5887f84d7e897dbc0d7a1a54,5888016539206b581703ecd1,5887fcdf7e897dbc0d7a1a67,Pack 1880,Camden,1,2.899108
5887f84d7e897dbc0d7a1a54,5888023f39206b581703ecdf,5887fcdf7e897dbc0d7a1a67,Pack 1880,Camden,3,2.913268
5887f84d7e897dbc0d7a1a54,5887ff6739206b581703ecad,5887fd0c7e897dbc0d7a1a68,Pack 1880,Jensen R,3,3.061236
5887f84d7e897dbc0d7a1a54,5888001a39206b581703ecb6,5887fd0c7e897dbc0d7a1a68,Pack 1880,Jensen R,2,3.052752
5887f84d7e897dbc0d7a1a54,5888011139206b581703eccb,5887fd0c7e897dbc0d7a1a68,Pack 1880,Jensen R,1,3.029432
5887f84d7e897dbc0d7a1a54,588801e739206b581703ecda,5887fd0c7e897dbc0d7a1a68,Pack 1880,Jensen R,4,3.007996
5887f84d7e897dbc0d7a1a54,5888038439206b581703ecf2,5887fd0c7e897dbc0d7a1a68,Pack 1880,Jensen R,1,3.098416
5887f84d7e897dbc0d7a1a54,5888044139206b581703ed02,5887fd0c7e897dbc0d7a1a68,Pack 1880,Jensen R,2,3.035952
5887f84d7e897dbc0d7a1a54,588804bf39206b581703ed11,5887fd0c7e897dbc0d7a1a68,Pack 1880,Jensen R,4,2.958008
5887f84d7e897dbc0d7a1a54,5888054539206b581703ed22,5887fd0c7e897dbc0d7a1a68,Pack 1880,Jensen R,3,3.0681399999999996
5887f84d7e897dbc0d7a1a54,5888001a39206b581703ecb7,5887ffef39206b581703ecb3,Pack 1880,Tanner,1,3.291292
5887f84d7e897dbc0d7a1a54,5888007739206b581703ecbf,5887ffef39206b581703ecb3,Pack 1880,Tanner,2,3.333084
5887f84d7e897dbc0d7a1a54,588800d839206b581703ecc6,5887ffef39206b581703ecb3,Pack 1880,Tanner,3,3.297976
5887f84d7e897dbc0d7a1a54,588801a839206b581703ecd6,5887ffef39206b581703ecb3,Pack 1880,Tanner,4,3.2702999999999998
5887f84d7e897dbc0d7a1a54,5888036239206b581703ecee,5887ffef39206b581703ecb3,Pack 1880,Tanner,1,3.15114
5887f84d7e897dbc0d7a1a54,5888041339206b581703ecfe,5887ffef39206b581703ecb3,Pack 1880,Tanner,3,3.126732
5887f84d7e897dbc0d7a1a54,588804c039206b581703ed12,5887ffef39206b581703ecb3,Pack 1880,Tanner,2,3.11826
5887f84d7e897dbc0d7a1a54,5888054539206b581703ed23,5887ffef39206b581703ecb3,Pack 1880,Tanner,4,3.128752
5891434ce56ad8b0152c0180,5997bca332026f282d7d1492,58914356e56ad8b0152c0182,Test,Left Right Left Right Up Down,1,3.322149
5891434ce56ad8b0152c0180,5997ca2b67c0af20100a65e4,58914356e56ad8b0152c0182,Test,Left Right Left Right Up Down,2,3.457303
5891434ce56ad8b0152c0180,5997cac7ee6b7be828793c81,58914356e56ad8b0152c0182,Test,Left Right Left Right Up Down,3,3.245819
5891434ce56ad8b0152c0180,5997cb27ee6b7be828793c96,58914356e56ad8b0152c0182,Test,Left Right Left Right Up Down,4,3.410017
5891434ce56ad8b0152c0180,5997bca432026f282d7d1493,5891435de56ad8b0152c0183,Test,Right,2,3.3437189999999997
5891434ce56ad8b0152c0180,5997ca2b67c0af20100a65e3,5891435de56ad8b0152c0183,Test,Right,3,3.433312
5891434ce56ad8b0152c0180,5997cad1ee6b7be828793c86,5891435de56ad8b0152c0183,Test,Right,1,3.168042
5891434ce56ad8b0152c0180,5997cb4bee6b7be828793c9d,5891435de56ad8b0152c0183,Test,Right,4,3.173483
5891434ce56ad8b0152c0180,5997bca332026f282d7d1490,58cdfd61d97902180f67eb97,Test,Hexagon,3,3.02189
5891434ce56ad8b0152c0180,5997cac8ee6b7be828793c83,58cdfd61d97902180f67eb97,Test,Hexagon,1,3.431443
5891434ce56ad8b0152c0180,5997cb1cee6b7be828793c92,58cdfd61d97902180f67eb97,Test,Hexagon,4,3.2864359999999997
5891434ce56ad8b0152c0180,5997cb56ee6b7be828793ca2,58cdfd61d97902180f67eb97,Test,Hexagon,2,3.281571
5891434ce56ad8b0152c0180,5997bca332026f282d7d1491,58cec187b2ccc3d429f4e617,Test,E,4,3.08643
5891434ce56ad8b0152c0180,5997ca5aee6b7be828793c7e,58cec187b2ccc3d429f4e617,Test,E,3,3.435667
5891434ce56ad8b0152c0180,5997cb11ee6b7be828793c8d,58cec187b2ccc3d429f4e617,Test,E,1,3.200431
5891434ce56ad8b0152c0180,5997cb3cee6b7be828793c99,58cec187b2ccc3d429f4e617,Test,E,2,3.261659
5891434ce56ad8b0152c0180,5997bcf6a656d9f428fc31a2,58cec1cbb2ccc3d429f4e618,Test,F,1,3.35379
5891434ce56ad8b0152c0180,5997c9e27843d5dc2b0952b8,58cec1cbb2ccc3d429f4e618,Test,F,2,3.2524349999999997
5891434ce56ad8b0152c0180,5997cad1ee6b7be828793c85,58cec1cbb2ccc3d429f4e618,Test,F,4,3.107437
5891434ce56ad8b0152c0180,5997cb1cee6b7be828793c90,58cec1cbb2ccc3d429f4e618,Test,F,3,3.1817539999999997
5891434ce56ad8b0152c0180,5997bcf6a656d9f428fc31a0,58cfea72d40fe89c47e18024,Test,Blah,2,3.234607
5891434ce56ad8b0152c0180,5997ca2b67c0af20100a65e2,58cfea72d40fe89c47e18024,Test,Blah,4,3.0653289999999997
5891434ce56ad8b0152c0180,5997cb11ee6b7be828793c8e,58cfea72d40fe89c47e18024,Test,Blah,3,3.4068899999999998
5891434ce56ad8b0152c0180,5997cb4bee6b7be828793c9c,58cfea72d40fe89c47e18024,Test,Blah,1,3.071005
5891434ce56ad8b0152c0180,5997bcf6a656d9f428fc31a1,5909676e8f8cb5c4016a85cf,Test,Haircut,3,3.350151
5891434ce56ad8b0152c0180,5997c9e27843d5dc2b0952b7,5909676e8f8cb5c4016a85cf,Test,Haircut,4,3.228639
5891434ce56ad8b0152c0180,5997cafeee6b7be828793c89,5909676e8f8cb5c4016a85cf,Test,Haircut,1,3.18438
5891434ce56ad8b0152c0180,5997cb27ee6b7be828793c97,5909676e8f8cb5c4016a85cf,Test,Haircut,2,3.4705139999999997
5891434ce56ad8b0152c0180,5997bcf6a656d9f428fc319f,590967acf98c10603064e581,Test,blah,4,3.2143949999999997
5891434ce56ad8b0152c0180,5997ca4267c0af20100a65e6,590967acf98c10603064e581,Test,blah,3,3.071742
5891434ce56ad8b0152c0180,5997cb11ee6b7be828793c8c,590967acf98c10603064e581,Test,blah,2,3.168059
5891434ce56ad8b0152c0180,5997cb3cee6b7be828793c9a,590967acf98c10603064e581,Test,blah,1,3.483869
5891434ce56ad8b0152c0180,5997c9cb7843d5dc2b0952b1,5909689cf98c10603064e582,Test,addcar,1,3.165727
5891434ce56ad8b0152c0180,5997ca5aee6b7be828793c7c,5909689cf98c10603064e582,Test,addcar,2,3.025594
5891434ce56ad8b0152c0180,5997cb11ee6b7be828793c8f,5909689cf98c10603064e582,Test,addcar,4,3.499317
5891434ce56ad8b0152c0180,5997cb4cee6b7be828793c9f,5909689cf98c10603064e582,Test,addcar,3,3.458703
5891434ce56ad8b0152c0180,5997c9cb7843d5dc2b0952b2,590968cbf091cbbc163d4c21,Test,newcaragain,2,3.355253
5891434ce56ad8b0152c0180,5997c9e37843d5dc2b0952ba,590968cbf091cbbc163d4c21,Test,newcaragain,3,3.498128
5891434ce56ad8b0152c0180,5997cac7ee6b7be828793c82,590968cbf091cbbc163d4c21,Test,newcaragain,4,3.393274
5891434ce56ad8b0152c0180,5997cb27ee6b7be828793c95,590968cbf091cbbc163d4c21,Test,newcaragain,1,3.35229
5891434ce56ad8b0152c0180,5997c9cb7843d5dc2b0952af,590969b495945fc8009d6b35,Test,finallygotit?,3,3.06518
5891434ce56ad8b0152c0180,5997ca5aee6b7be828793c7f,590969b495945fc8009d6b35,Test,finallygotit?,4,3.454758
5891434ce56ad8b0152c0180,5997cb1dee6b7be828793c93,590969b495945fc8009d6b35,Test,finallygotit?,1,3.4809229999999998
5891434ce56ad8b0152c0180,5997cb4bee6b7be828793c9e,590969b495945fc8009d6b35,Test,finallygotit?,2,3.2373
5891434ce56ad8b0152c0180,5997c9cb7843d5dc2b0952b0,590969d6697c843827e5af75,Test,finallynow?,4,3.091344
5891434ce56ad8b0152c0180,5997ca5aee6b7be828793c7d,590969d6697c843827e5af75,Test,finallynow?,1,3.288988
5891434ce56ad8b0152c0180,5997cafeee6b7be828793c8b,590969d6697c843827e5af75,Test,finallynow?,2,3.278981
5891434ce56ad8b0152c0180,5997cb27ee6b7be828793c94,590969d6697c843827e5af75,Test,finallynow?,3,3.287642
5891434ce56ad8b0152c0180,5997c9d57843d5dc2b0952b3,590ab56797f70060340d0326,Test,Ceiling,1,3.054966
5891434ce56ad8b0152c0180,5997cac7ee6b7be828793c80,590ab56797f70060340d0326,Test,Ceiling,2,3.186448
5891434ce56ad8b0152c0180,5997cafeee6b7be828793c8a,590ab56797f70060340d0326,Test,Ceiling,4,3.1879739999999996
5891434ce56ad8b0152c0180,5997cb3cee6b7be828793c9b,590ab56797f70060340d0326,Test,Ceiling,3,3.4915049999999996
5891434ce56ad8b0152c0180,5997c9d67843d5dc2b0952b4,5997b4d4343877cc1aa85d05,Test,MyNameIsVeryLongAndHasNoSpaces,2,3.1798539999999997
5891434ce56ad8b0152c0180,5997ca4267c0af20100a65e5,5997b4d4343877cc1aa85d05,Test,MyNameIsVeryLongAndHasNoSpaces,4,3.071636
5891434ce56ad8b0152c0180,5997cafeee6b7be828793c88,5997b4d4343877cc1aa85d05,Test,MyNameIsVeryLongAndHasNoSpaces,3,3.009788
5891434ce56ad8b0152c0180,5997cb56ee6b7be828793ca3,5997b4d4343877cc1aa85d05,Test,MyNameIsVeryLongAndHasNoSpaces,1,3.339873
5891434ce56ad8b0152c0180,5997c9d67843d5dc2b0952b6,5997b99b343877cc1aa85d0a,Test,Apo'trophe,3,3.4964109999999997
5891434ce56ad8b0152c0180,5997ca2b67c0af20100a65e1,5997b99b343877cc1aa85d0a,Test,Apo'trophe,1,3.022092
5891434ce56ad8b0152c0180,5997cb1cee6b7be828793c91,5997b99b343877cc1aa85d0a,Test,Apo'trophe,2,3.238086
5891434ce56ad8b0152c0180,5997cb56ee6b7be828793ca0,5997b99b343877cc1aa85d0a,Test,Apo'trophe,4,3.0470639999999998
5891434ce56ad8b0152c0180,5997c9d67843d5dc2b0952b5,5997b9d1343877cc1aa85d0f,Test,"Quote",4,3.268627
5891434ce56ad8b0152c0180,5997ca4267c0af20100a65e8,5997b9d1343877cc1aa85d0f,Test,"Quote",1,3.445705
5891434ce56ad8b0152c0180,5997cad1ee6b7be828793c84,5997b9d1343877cc1aa85d0f,Test,"Quote",2,3.0025969999999997
5891434ce56ad8b0152c0180,5997cb56ee6b7be828793ca1,5997b9d1343877cc1aa85d0f,Test,"Quote",3,3.094722
5891434ce56ad8b0152c0180,5997c9e37843d5dc2b0952b9,5997ba27343877cc1aa85d14,Test,<>/*&^%$#@!.,[]{}-=_+\|,1,3.463173
5891434ce56ad8b0152c0180,5997ca4267c0af20100a65e7,5997ba27343877cc1aa85d14,Test,<>/*&^%$#@!.,[]{}-=_+\|,2,3.259932
5891434ce56ad8b0152c0180,5997cad1ee6b7be828793c87,5997ba27343877cc1aa85d14,Test,<>/*&^%$#@!.,[]{}-=_+\|,3,3.1867259999999997
5891434ce56ad8b0152c0180,5997cb3cee6b7be828793c98,5997ba27343877cc1aa85d14,Test,<>/*&^%$#@!.,[]{}-=_+\|,4,3.1579759999999997
58bae2293f37aea839f11746,58baed2f20be31c40369aeb0,58bae55a3f37aea839f1174c,Pack 3448,Owen,1,2.9617
58bae2293f37aea839f11746,58baedc920be31c40369aec0,58bae55a3f37aea839f1174c,Pack 3448,Owen,3,2.998172
58bae2293f37aea839f11746,58baee6020be31c40369aece,58bae55a3f37aea839f1174c,Pack 3448,Owen,2,2.9641599999999997
58bae2293f37aea839f11746,58baef4220be31c40369aee5,58bae55a3f37aea839f1174c,Pack 3448,Owen,4,2.9444839999999997
58bae2293f37aea839f11746,58baed2f20be31c40369aeaf,58bae56b3f37aea839f1174d,Pack 3448,Will,2,2.90484
58bae2293f37aea839f11746,58baedeb20be31c40369aec3,58bae56b3f37aea839f1174d,Pack 3448,Will,4,2.930196
58bae2293f37aea839f11746,58baee8220be31c40369aed2,58bae56b3f37aea839f1174d,Pack 3448,Will,3,2.885024
58bae2293f37aea839f11746,58baef6a20be31c40369aee8,58bae56b3f37aea839f1174d,Pack 3448,Will,1,2.8916359999999997
58bae2293f37aea839f11746,58baed2f20be31c40369aeb1,58bae5ac3f37aea839f1174e,Pack 3448,Evan,3,2.9855
58bae2293f37aea839f11746,58baedc920be31c40369aebf,58bae5ac3f37aea839f1174e,Pack 3448,Evan,1,2.9533039999999997
58bae2293f37aea839f11746,58baee8220be31c40369aed4,58bae5ac3f37aea839f1174e,Pack 3448,Evan,2,2.931936
58bae2293f37aea839f11746,58baef6a20be31c40369aee9,58bae5ac3f37aea839f1174e,Pack 3448,Evan,4,2.948476
58bae2293f37aea839f11746,58baed2f20be31c40369aeae,58bae5de3f37aea839f1174f,Pack 3448,Jack,4,2.770432
58bae2293f37aea839f11746,58baee3720be31c40369aeca,58bae5de3f37aea839f1174f,Pack 3448,Jack,3,2.797304
58bae2293f37aea839f11746,58baef1120be31c40369aede,58bae5de3f37aea839f1174f,Pack 3448,Jack,2,2.8002279999999997
58bae2293f37aea839f11746,58baefa320be31c40369aeea,58bae5de3f37aea839f1174f,Pack 3448,Jack,1,2.799944
58bae2293f37aea839f11746,58baed5520be31c40369aeb5,58bae5fc3f37aea839f11750,Pack 3448,Brighton,1,3.065968
58bae2293f37aea839f11746,58baedc920be31c40369aec1,58bae5fc3f37aea839f11750,Pack 3448,Brighton,2,3.044996
58bae2293f37aea839f11746,58baee6020be31c40369aed1,58bae5fc3f37aea839f11750,Pack 3448,Brighton,3,3.04074
58bae2293f37aea839f11746,58baeede20be31c40369aedc,58bae5fc3f37aea839f11750,Pack 3448,Brighton,4,3.043252
58bae2293f37aea839f11746,58baed5520be31c40369aeb3,58bae62b3f37aea839f11751,Pack 3448,Bowen,2,2.9363799999999998
58bae2293f37aea839f11746,58baedeb20be31c40369aec2,58bae62b3f37aea839f11751,Pack 3448,Bowen,3,2.917668
58bae2293f37aea839f11746,58baee8220be31c40369aed3,58bae62b3f37aea839f11751,Pack 3448,Bowen,4,2.9068799999999997
58bae2293f37aea839f11746,58baef4220be31c40369aee3,58bae62b3f37aea839f11751,Pack 3448,Bowen,1,2.928252
58bae2293f37aea839f11746,58baed5520be31c40369aeb4,58bae6713f37aea839f11752,Pack 3448,Ammon,3,2.9652279999999998
58bae2293f37aea839f11746,58baedc920be31c40369aebe,58bae6713f37aea839f11752,Pack 3448,Ammon,4,2.92212
58bae2293f37aea839f11746,58baee8220be31c40369aed5,58bae6713f37aea839f11752,Pack 3448,Ammon,1,2.933424
58bae2293f37aea839f11746,58baef4220be31c40369aee4,58bae6713f37aea839f11752,Pack 3448,Ammon,2,2.94394
58bae2293f37aea839f11746,58baed5520be31c40369aeb2,58bae69f3f37aea839f11753,Pack 3448,Braken,4,2.904476
58bae2293f37aea839f11746,58baee0f20be31c40369aec9,58bae69f3f37aea839f11753,Pack 3448,Braken,1,2.9131959999999997
58bae2293f37aea839f11746,58baeeab20be31c40369aed8,58bae69f3f37aea839f11753,Pack 3448,Braken,2,2.919472
58bae2293f37aea839f11746,58baef1120be31c40369aee0,58bae69f3f37aea839f11753,Pack 3448,Braken,3,2.911656
58bae2293f37aea839f11746,58baed7b20be31c40369aeb8,58bae6c43f37aea839f11754,Pack 3448,Owen H,1,2.8345439999999997
58bae2293f37aea839f11746,58baee3820be31c40369aecd,58bae6c43f37aea839f11754,Pack 3448,Owen H,2,2.9954479999999997
58bae2293f37aea839f11746,58baeeab20be31c40369aed6,58bae6c43f37aea839f11754,Pack 3448,Owen H,3,2.8096159999999997
58bae2293f37aea839f11746,58baefa320be31c40369aeed,58bae6c43f37aea839f11754,Pack 3448,Owen H,4,3.056292
58bae2293f37aea839f11746,58baed7b20be31c40369aeb7,58bae73b3f37aea839f11755,Pack 3448,Dominic,2,2.8340039999999997
58bae2293f37aea839f11746,58baee3820be31c40369aecc,58bae73b3f37aea839f11755,Pack 3448,Dominic,1,2.8648119999999997
58bae2293f37aea839f11746,58baeeab20be31c40369aed7,58bae73b3f37aea839f11755,Pack 3448,Dominic,4,2.834644
58bae2293f37aea839f11746,58baef6a20be31c40369aee7,58bae73b3f37aea839f11755,Pack 3448,Dominic,3,2.872284
58bae2293f37aea839f11746,58baed7b20be31c40369aeb6,58bae79e3f37aea839f11757,Pack 3448,Lincoln,3,2.8182519999999998
58bae2293f37aea839f11746,58baee3820be31c40369aecb,58bae79e3f37aea839f11757,Pack 3448,Lincoln,4,2.813668
58bae2293f37aea839f11746,58baef1120be31c40369aedf,58bae79e3f37aea839f11757,Pack 3448,Lincoln,1,2.841736
58bae2293f37aea839f11746,58baefa320be31c40369aeec,58bae79e3f37aea839f11757,Pack 3448,Lincoln,2,2.827292
58bae2293f37aea839f11746,58baed7b20be31c40369aeb9,58bae8743f37aea839f1175b,Pack 3448,Hayden,4,2.894112
58bae2293f37aea839f11746,58baee0f20be31c40369aec8,58bae8743f37aea839f1175b,Pack 3448,Hayden,2,2.9036679999999997
58bae2293f37aea839f11746,58baeeac20be31c40369aed9,58bae8743f37aea839f1175b,Pack 3448,Hayden,1,2.965092
58bae2293f37aea839f11746,58baef4220be31c40369aee2,58bae8743f37aea839f1175b,Pack 3448,Hayden,3,2.91756
58bae2293f37aea839f11746,58baeda220be31c40369aeba,58bae8863f37aea839f1175c,Pack 3448,Payton,1,2.8417719999999997
58bae2293f37aea839f11746,58baee0f20be31c40369aec6,58bae8863f37aea839f1175c,Pack 3448,Payton,4,2.8224799999999997
58bae2293f37aea839f11746,58baeedd20be31c40369aeda,58bae8863f37aea839f1175c,Pack 3448,Payton,2,2.848864
58bae2293f37aea839f11746,58baefa320be31c40369aeeb,58bae8863f37aea839f1175c,Pack 3448,Payton,3,2.826748
58bae2293f37aea839f11746,58baeda220be31c40369aebd,58bae8c73f37aea839f1175d,Pack 3448,Jayden,2,3.02032
58bae2293f37aea839f11746,58baedeb20be31c40369aec5,58bae8c73f37aea839f1175d,Pack 3448,Jayden,1,3.0450399999999997
58bae2293f37aea839f11746,58baee6020be31c40369aed0,58bae8c73f37aea839f1175d,Pack 3448,Jayden,4,3.039644
58bae2293f37aea839f11746,58baeede20be31c40369aedd,58bae8c73f37aea839f1175d,Pack 3448,Jayden,3,3.048616
58bae2293f37aea839f11746,58baeda220be31c40369aebc,58bae8f23f37aea839f1175e,Pack 3448,Preston,3,2.9937959999999997
58bae2293f37aea839f11746,58baedeb20be31c40369aec4,58bae8f23f37aea839f1175e,Pack 3448,Preston,2,2.989908
58bae2293f37aea839f11746,58baee6020be31c40369aecf,58bae8f23f37aea839f1175e,Pack 3448,Preston,1,3.002008
58bae2293f37aea839f11746,58baef1120be31c40369aee1,58bae8f23f37aea839f1175e,Pack 3448,Preston,4,2.9851039999999998
58bae2293f37aea839f11746,58baeda220be31c40369aebb,58bae92c3f37aea839f1175f,Pack 3448,Cedric,4,2.866184
58bae2293f37aea839f11746,58baee0f20be31c40369aec7,58bae92c3f37aea839f1175f,Pack 3448,Cedric,3,2.850616
58bae2293f37aea839f11746,58baeede20be31c40369aedb,58bae92c3f37aea839f1175f,Pack 3448,Cedric,1,2.859444
58bae2293f37aea839f11746,58baef6a20be31c40369aee6,58bae92c3f37aea839f1175f,Pack 3448,Cedric,2,2.83716
58bae2453f37aea839f11748,58baeba320be31c40369ae99,58bae4043f37aea839f1174a,North Canyon 5th Girls,Eilee,1,3.160068
58bae2453f37aea839f11748,58baebdf20be31c40369ae9d,58bae4043f37aea839f1174a,North Canyon 5th Girls,Eilee,3,3.1663639999999997
58bae2453f37aea839f11748,58baec4f20be31c40369aea5,58bae4043f37aea839f1174a,North Canyon 5th Girls,Eilee,2,3.1483239999999997
58bae2453f37aea839f11748,58baec9120be31c40369aea9,58bae4043f37aea839f1174a,North Canyon 5th Girls,Eilee,4,3.1873199999999997
58bae2453f37aea839f11748,58baeba320be31c40369ae98,58bae41d3f37aea839f1174b,North Canyon 5th Girls,Eliza,2,3.018824
58bae2453f37aea839f11748,58baebdf20be31c40369ae9a,58bae41d3f37aea839f1174b,North Canyon 5th Girls,Eliza,4,2.9837759999999998
58bae2453f37aea839f11748,58baec4f20be31c40369aea3,58bae41d3f37aea839f1174b,North Canyon 5th Girls,Eliza,3,2.998252
58bae2453f37aea839f11748,58baecb920be31c40369aeac,58bae41d3f37aea839f1174b,North Canyon 5th Girls,Eliza,1,2.99546
58bae2453f37aea839f11748,58baeba320be31c40369ae96,58bae7813f37aea839f11756,North Canyon 5th Girls,Annie,3,2.861008
58bae2453f37aea839f11748,58baec1f20be31c40369ae9e,58bae7813f37aea839f11756,North Canyon 5th Girls,Annie,2,2.86244
58bae2453f37aea839f11748,58baec9120be31c40369aea6,58bae7813f37aea839f11756,North Canyon 5th Girls,Annie,1,2.862932
58bae2453f37aea839f11748,58baecb920be31c40369aeaa,58bae7813f37aea839f11756,North Canyon 5th Girls,Annie,4,2.853532
58bae2453f37aea839f11748,58baeba320be31c40369ae97,58bae7c93f37aea839f11758,North Canyon 5th Girls,Savannah,4,2.921344
58bae2453f37aea839f11748,58baec1f20be31c40369ae9f,58bae7c93f37aea839f11758,North Canyon 5th Girls,Savannah,1,2.9308479999999997
58bae2453f37aea839f11748,58baec9120be31c40369aea7,58bae7c93f37aea839f11758,North Canyon 5th Girls,Savannah,2,2.939308
58bae2453f37aea839f11748,58baecb920be31c40369aeab,58bae7c93f37aea839f11758,North Canyon 5th Girls,Savannah,3,2.935676
58bae2453f37aea839f11748,58baebdf20be31c40369ae9c,58bae8183f37aea839f11759,North Canyon 5th Girls,Elizabeth,1,3.0562039999999997
58bae2453f37aea839f11748,58baec2020be31c40369aea1,58bae8183f37aea839f11759,North Canyon 5th Girls,Elizabeth,3,3.0245919999999997
58bae2453f37aea839f11748,58baec4f20be31c40369aea4,58bae8183f37aea839f11759,North Canyon 5th Girls,Elizabeth,4,3.032108
58bae2453f37aea839f11748,58baecb920be31c40369aead,58bae8183f37aea839f11759,North Canyon 5th Girls,Elizabeth,2,3.037916
58bae2453f37aea839f11748,58baebdf20be31c40369ae9b,58bae8343f37aea839f1175a,North Canyon 5th Girls,Elsa,2,3.010408
58bae2453f37aea839f11748,58baec2020be31c40369aea0,58bae8343f37aea839f1175a,North Canyon 5th Girls,Elsa,4,3.0175
58bae2453f37aea839f11748,58baec4f20be31c40369aea2,58bae8343f37aea839f1175a,North Canyon 5th Girls,Elsa,1,2.983784
58bae2453f37aea839f11748,58baec9120be31c40369aea8,58bae8343f37aea839f1175a,North Canyon 5th Girls,Elsa,3,2.994748
58daf88173012bbc2100b1c6,58db01b473012bbc2100b1d1,58dafca773012bbc2100b1c8,17th Ward Cub Scouts,AJ,1,2.714396
58daf88173012bbc2100b1c6,58db022373012bbc2100b1d9,58dafca773012bbc2100b1c8,17th Ward Cub Scouts,AJ,4,2.801072
58daf88173012bbc2100b1c6,58db02d773012bbc2100b1eb,58dafca773012bbc2100b1c8,17th Ward Cub Scouts,AJ,3,2.800856
58daf88173012bbc2100b1c6,58db032173012bbc2100b1f3,58dafca773012bbc2100b1c8,17th Ward Cub Scouts,AJ,2,2.813316
58daf88173012bbc2100b1c6,58db03b273012bbc2100b1fd,58dafca773012bbc2100b1c8,17th Ward Cub Scouts,AJ,1,2.8771039999999997
58daf88173012bbc2100b1c6,58db041973012bbc2100b205,58dafca773012bbc2100b1c8,17th Ward Cub Scouts,AJ,2,2.899092
58daf88173012bbc2100b1c6,58db045773012bbc2100b20d,58dafca773012bbc2100b1c8,17th Ward Cub Scouts,AJ,3,2.871868
58daf88173012bbc2100b1c6,58db049d73012bbc2100b216,58dafca773012bbc2100b1c8,17th Ward Cub Scouts,AJ,4,2.867336
58daf88173012bbc2100b1c6,58db01b473012bbc2100b1d4,58dafcc973012bbc2100b1c9,17th Ward Cub Scouts,Ben,2,2.895388
58daf88173012bbc2100b1c6,58db022373012bbc2100b1da,58dafcc973012bbc2100b1c9,17th Ward Cub Scouts,Ben,3,2.9645159999999997
58daf88173012bbc2100b1c6,58db027b73012bbc2100b1e2,58dafcc973012bbc2100b1c9,17th Ward Cub Scouts,Ben,4,2.9293839999999998
58daf88173012bbc2100b1c6,58db02fa73012bbc2100b1ef,58dafcc973012bbc2100b1c9,17th Ward Cub Scouts,Ben,1,2.9403639999999998
58daf88173012bbc2100b1c6,58db037473012bbc2100b1f7,58dafcc973012bbc2100b1c9,17th Ward Cub Scouts,Ben,3,3.100396
58daf88173012bbc2100b1c6,58db03b273012bbc2100b1ff,58dafcc973012bbc2100b1c9,17th Ward Cub Scouts,Ben,4,3.163764
58daf88173012bbc2100b1c6,58db043973012bbc2100b20c,58dafcc973012bbc2100b1c9,17th Ward Cub Scouts,Ben,2,3.145324
58daf88173012bbc2100b1c6,58db047a73012bbc2100b214,58dafcc973012bbc2100b1c9,17th Ward Cub Scouts,Ben,1,3.0979639999999997
58daf88173012bbc2100b1c6,58db01b473012bbc2100b1d3,58dafd2973012bbc2100b1ca,17th Ward Cub Scouts,Dallin,3,2.895388
58daf88173012bbc2100b1c6,58db022373012bbc2100b1db,58dafd2973012bbc2100b1ca,17th Ward Cub Scouts,Dallin,2,2.9812719999999997
58daf88173012bbc2100b1c6,58db02a773012bbc2100b1e7,58dafd2973012bbc2100b1ca,17th Ward Cub Scouts,Dallin,1,2.9595279999999997
58daf88173012bbc2100b1c6,58db02fa73012bbc2100b1f0,58dafd2973012bbc2100b1ca,17th Ward Cub Scouts,Dallin,4,2.9642999999999997
58daf88173012bbc2100b1c6,58db037473012bbc2100b1f5,58dafd2973012bbc2100b1ca,17th Ward Cub Scouts,Dallin,4,2.986024
58daf88173012bbc2100b1c6,58db03d773012bbc2100b202,58dafd2973012bbc2100b1ca,17th Ward Cub Scouts,Dallin,1,2.9502639999999998
58daf88173012bbc2100b1c6,58db043973012bbc2100b20a,58dafd2973012bbc2100b1ca,17th Ward Cub Scouts,Dallin,3,2.949468
58daf88173012bbc2100b1c6,58db047a73012bbc2100b211,58dafd2973012bbc2100b1ca,17th Ward Cub Scouts,Dallin,2,2.918412
58daf88173012bbc2100b1c6,58db01b473012bbc2100b1d2,58dafd4a73012bbc2100b1cb,17th Ward Cub Scouts,Dash,4,2.804896
58daf88173012bbc2100b1c6,58db027b73012bbc2100b1e1,58dafd4a73012bbc2100b1cb,17th Ward Cub Scouts,Dash,1,2.926332
58daf88173012bbc2100b1c6,58db02a773012bbc2100b1e6,58dafd4a73012bbc2100b1cb,17th Ward Cub Scouts,Dash,2,2.949872
58daf88173012bbc2100b1c6,58db02fa73012bbc2100b1ed,58dafd4a73012bbc2100b1cb,17th Ward Cub Scouts,Dash,3,2.905248
58daf88173012bbc2100b1c6,58db039873012bbc2100b1fa,58dafd4a73012bbc2100b1cb,17th Ward Cub Scouts,Dash,1,2.9857359999999997
58daf88173012bbc2100b1c6,58db03d773012bbc2100b203,58dafd4a73012bbc2100b1cb,17th Ward Cub Scouts,Dash,2,3.022772
58daf88173012bbc2100b1c6,58db041973012bbc2100b207,58dafd4a73012bbc2100b1cb,17th Ward Cub Scouts,Dash,4,3.002204
58daf88173012bbc2100b1c6,58db047a73012bbc2100b212,58dafd4a73012bbc2100b1cb,17th Ward Cub Scouts,Dash,3,2.9591879999999997
58daf88173012bbc2100b1c6,58db01f373012bbc2100b1d5,58dafd7c73012bbc2100b1cc,17th Ward Cub Scouts,Kenneth,1,2.78064
58daf88173012bbc2100b1c6,58db025873012bbc2100b1dd,58dafd7c73012bbc2100b1cc,17th Ward Cub Scouts,Kenneth,4,2.7657439999999998
58daf88173012bbc2100b1c6,58db02d773012bbc2100b1e9,58dafd7c73012bbc2100b1cc,17th Ward Cub Scouts,Kenneth,2,2.777212
58daf88173012bbc2100b1c6,58db032173012bbc2100b1f1,58dafd7c73012bbc2100b1cc,17th Ward Cub Scouts,Kenneth,3,2.7740959999999997
58daf88173012bbc2100b1c6,58db039873012bbc2100b1fb,58dafd7c73012bbc2100b1cc,17th Ward Cub Scouts,Kenneth,4,3.073096
58daf88173012bbc2100b1c6,58db041973012bbc2100b206,58dafd7c73012bbc2100b1cc,17th Ward Cub Scouts,Kenneth,1,2.968528
58daf88173012bbc2100b1c6,58db045773012bbc2100b20e,58dafd7c73012bbc2100b1cc,17th Ward Cub Scouts,Kenneth,2,2.961852
58daf88173012bbc2100b1c6,58db049d73012bbc2100b217,58dafd7c73012bbc2100b1cc,17th Ward Cub Scouts,Kenneth,3,3.0448519999999997
58daf88173012bbc2100b1c6,58db01f373012bbc2100b1d7,58dafdcf73012bbc2100b1cd,17th Ward Cub Scouts,Chandler,2,2.8224519999999997
58daf88173012bbc2100b1c6,58db025873012bbc2100b1de,58dafdcf73012bbc2100b1cd,17th Ward Cub Scouts,Chandler,3,2.7798559999999997
58daf88173012bbc2100b1c6,58db02d773012bbc2100b1ea,58dafdcf73012bbc2100b1cd,17th Ward Cub Scouts,Chandler,1,2.7968599999999997
58daf88173012bbc2100b1c6,58db032273012bbc2100b1f4,58dafdcf73012bbc2100b1cd,17th Ward Cub Scouts,Chandler,4,3.0371319999999997
58daf88173012bbc2100b1c6,58db039873012bbc2100b1fc,58dafdcf73012bbc2100b1cd,17th Ward Cub Scouts,Chandler,3,3.206016
58daf88173012bbc2100b1c6,58db03d773012bbc2100b204,58dafdcf73012bbc2100b1cd,17th Ward Cub Scouts,Chandler,4,3.194524
58daf88173012bbc2100b1c6,58db045773012bbc2100b20f,58dafdcf73012bbc2100b1cd,17th Ward Cub Scouts,Chandler,1,3.141132
58daf88173012bbc2100b1c6,58db049d73012bbc2100b218,58dafdcf73012bbc2100b1cd,17th Ward Cub Scouts,Chandler,2,3.1308559999999996
58daf88173012bbc2100b1c6,58db01f373012bbc2100b1d6,58dafe0573012bbc2100b1ce,17th Ward Cub Scouts,Griffin,3,2.805204
58daf88173012bbc2100b1c6,58db025873012bbc2100b1df,58dafe0573012bbc2100b1ce,17th Ward Cub Scouts,Griffin,2,2.793656
58daf88173012bbc2100b1c6,58db02a773012bbc2100b1e5,58dafe0573012bbc2100b1ce,17th Ward Cub Scouts,Griffin,4,2.795404
58daf88173012bbc2100b1c6,58db032173012bbc2100b1f2,58dafe0573012bbc2100b1ce,17th Ward Cub Scouts,Griffin,1,2.81276
58daf88173012bbc2100b1c6,58db039873012bbc2100b1f9,58dafe0573012bbc2100b1ce,17th Ward Cub Scouts,Griffin,2,2.874112
58daf88173012bbc2100b1c6,58db03d673012bbc2100b201,58dafe0573012bbc2100b1ce,17th Ward Cub Scouts,Griffin,3,2.8501
58daf88173012bbc2100b1c6,58db043973012bbc2100b209,58dafe0573012bbc2100b1ce,17th Ward Cub Scouts,Griffin,4,2.884268
58daf88173012bbc2100b1c6,58db049d73012bbc2100b215,58dafe0573012bbc2100b1ce,17th Ward Cub Scouts,Griffin,1,2.861576
58daf88173012bbc2100b1c6,58db01f373012bbc2100b1d8,58dafe3073012bbc2100b1cf,17th Ward Cub Scouts,Navi,4,2.95926
58daf88173012bbc2100b1c6,58db025873012bbc2100b1e0,58dafe3073012bbc2100b1cf,17th Ward Cub Scouts,Navi,1,2.961824
58daf88173012bbc2100b1c6,58db027b73012bbc2100b1e3,58dafe3073012bbc2100b1cf,17th Ward Cub Scouts,Navi,3,2.941528
58daf88173012bbc2100b1c6,58db02fa73012bbc2100b1ee,58dafe3073012bbc2100b1cf,17th Ward Cub Scouts,Navi,2,2.939192
58daf88173012bbc2100b1c6,58db037473012bbc2100b1f6,58dafe3073012bbc2100b1cf,17th Ward Cub Scouts,Navi,2,3.0030319999999997
58daf88173012bbc2100b1c6,58db03b273012bbc2100b1fe,58dafe3073012bbc2100b1cf,17th Ward Cub Scouts,Navi,3,2.963844
58daf88173012bbc2100b1c6,58db043973012bbc2100b20b,58dafe3073012bbc2100b1cf,17th Ward Cub Scouts,Navi,1,3.06784
58daf88173012bbc2100b1c6,58db047a73012bbc2100b213,58dafe3073012bbc2100b1cf,17th Ward Cub Scouts,Navi,4,3.001228
58daf88173012bbc2100b1c6,58db022373012bbc2100b1dc,58dafeaa73012bbc2100b1d0,17th Ward Cub Scouts,Oli,1,3.232116
58daf88173012bbc2100b1c6,58db027c73012bbc2100b1e4,58dafeaa73012bbc2100b1d0,17th Ward Cub Scouts,Oli,2,3.2166639999999997
58daf88173012bbc2100b1c6,58db02a873012bbc2100b1e8,58dafeaa73012bbc2100b1d0,17th Ward Cub Scouts,Oli,3,3.344792
58daf88173012bbc2100b1c6,58db02d873012bbc2100b1ec,58dafeaa73012bbc2100b1d0,17th Ward Cub Scouts,Oli,4,3.1745039999999998
58daf88173012bbc2100b1c6,58db037573012bbc2100b1f8,58dafeaa73012bbc2100b1d0,17th Ward Cub Scouts,Oli,1,3.6994759999999998
58daf88173012bbc2100b1c6,58db03b373012bbc2100b200,58dafeaa73012bbc2100b1d0,17th Ward Cub Scouts,Oli,2,3.42596
58daf88173012bbc2100b1c6,58db041973012bbc2100b208,58dafeaa73012bbc2100b1d0,17th Ward Cub Scouts,Oli,3,3.470128
58daf88173012bbc2100b1c6,58db045873012bbc2100b210,58dafeaa73012bbc2100b1d0,17th Ward Cub Scouts,Oli,4,3.3185279999999997
58f6aee0576415ec34cdaefc,58f6b9cc576415ec34cdaf13,58f6b806576415ec34cdaefe,Pack 1524,Michael,1,3.1867799999999997
58f6aee0576415ec34cdaefc,58f6ba62576415ec34cdaf22,58f6b806576415ec34cdaefe,Pack 1524,Michael,3,3.112132
58f6aee0576415ec34cdaefc,58f6bb00576415ec34cdaf34,58f6b806576415ec34cdaefe,Pack 1524,Michael,2,3.0407319999999998
58f6aee0576415ec34cdaefc,58f6bb7f576415ec34cdaf47,58f6b806576415ec34cdaefe,Pack 1524,Michael,4,2.9981359999999997
58f6aee0576415ec34cdaefc,58f6b9cc576415ec34cdaf12,58f6b814576415ec34cdaeff,Pack 1524,Zach,2,3.038804
58f6aee0576415ec34cdaefc,58f6ba84576415ec34cdaf25,58f6b814576415ec34cdaeff,Pack 1524,Zach,3,3.0311839999999997
58f6aee0576415ec34cdaefc,58f6bb1f576415ec34cdaf3b,58f6b814576415ec34cdaeff,Pack 1524,Zach,1,3.023148
58f6aee0576415ec34cdaefc,58f6bbb8576415ec34cdaf49,58f6b814576415ec34cdaeff,Pack 1524,Zach,4,3.0341
58f6aee0576415ec34cdaefc,58f6b9cc576415ec34cdaf10,58f6b846576415ec34cdaf00,Pack 1524,Ryken,3,2.843072
58f6aee0576415ec34cdaefc,58f6badd576415ec34cdaf32,58f6b846576415ec34cdaf00,Pack 1524,Ryken,2,2.85892
58f6aee0576415ec34cdaefc,58f6bb56576415ec34cdaf40,58f6b846576415ec34cdaf00,Pack 1524,Ryken,4,2.841888
58f6aee0576415ec34cdaefc,58f6bc17576415ec34cdaf56,58f6b846576415ec34cdaf00,Pack 1524,Ryken,1,2.8626639999999997
58f6aee0576415ec34cdaefc,58f6b9cc576415ec34cdaf11,58f6b854576415ec34cdaf01,Pack 1524,Parker,4,2.966328
58f6aee0576415ec34cdaefc,58f6ba9e576415ec34cdaf2a,58f6b854576415ec34cdaf01,Pack 1524,Parker,1,2.9900599999999997
58f6aee0576415ec34cdaefc,58f6bb1f576415ec34cdaf39,58f6b854576415ec34cdaf01,Pack 1524,Parker,2,2.963412
58f6aee0576415ec34cdaefc,58f6bb7f576415ec34cdaf46,58f6b854576415ec34cdaf01,Pack 1524,Parker,3,2.962768
58f6aee0576415ec34cdaefc,58f6b9f4576415ec34cdaf14,58f6b866576415ec34cdaf02,Pack 1524,Isaac,1,2.8384679999999998
58f6aee0576415ec34cdaefc,58f6badd576415ec34cdaf30,58f6b866576415ec34cdaf02,Pack 1524,Isaac,3,2.808052
58f6aee0576415ec34cdaefc,58f6bb7f576415ec34cdaf44,58f6b866576415ec34cdaf02,Pack 1524,Isaac,2,2.806232
58f6aee0576415ec34cdaefc,58f6bc17576415ec34cdaf54,58f6b866576415ec34cdaf02,Pack 1524,Isaac,4,2.7931
58f6aee0576415ec34cdaefc,58f6b9f4576415ec34cdaf15,58f6b874576415ec34cdaf03,Pack 1524,Devin,2,2.9344919999999997
58f6aee0576415ec34cdaefc,58f6ba83576415ec34cdaf24,58f6b874576415ec34cdaf03,Pack 1524,Devin,4,2.981476
58f6aee0576415ec34cdaefc,58f6bb3b576415ec34cdaf3f,58f6b874576415ec34cdaf03,Pack 1524,Devin,1,2.967036
58f6aee0576415ec34cdaefc,58f6bbb8576415ec34cdaf48,58f6b874576415ec34cdaf03,Pack 1524,Devin,3,2.9370439999999998
58f6aee0576415ec34cdaefc,58f6b9f4576415ec34cdaf17,58f6b885576415ec34cdaf04,Pack 1524,Tristen,3,3.044232
58f6aee0576415ec34cdaefc,58f6ba62576415ec34cdaf23,58f6b885576415ec34cdaf04,Pack 1524,Tristen,4,3.148072
58f6aee0576415ec34cdaefc,58f6bb00576415ec34cdaf36,58f6b885576415ec34cdaf04,Pack 1524,Tristen,1,3.1913359999999997
58f6aee0576415ec34cdaefc,58f6bbdd576415ec34cdaf4f,58f6b885576415ec34cdaf04,Pack 1524,Tristen,2,3.2127239999999997
58f6aee0576415ec34cdaefc,58f6b9f4576415ec34cdaf16,58f6b890576415ec34cdaf05,Pack 1524,Weston,4,2.9660919999999997
58f6aee0576415ec34cdaefc,58f6ba9f576415ec34cdaf2b,58f6b890576415ec34cdaf05,Pack 1524,Weston,2,2.9949999999999997
58f6aee0576415ec34cdaefc,58f6bb1f576415ec34cdaf3a,58f6b890576415ec34cdaf05,Pack 1524,Weston,3,2.9953239999999997
58f6aee0576415ec34cdaefc,58f6bbdd576415ec34cdaf4e,58f6b890576415ec34cdaf05,Pack 1524,Weston,1,3.0258399999999996
58f6aee0576415ec34cdaefc,58f6ba14576415ec34cdaf1a,58f6b8a5576415ec34cdaf06,Pack 1524,Tave,1,2.90778
58f6aee0576415ec34cdaefc,58f6ba9e576415ec34cdaf29,58f6b8a5576415ec34cdaf06,Pack 1524,Tave,4,2.91674
58f6aee0576415ec34cdaefc,58f6bb3b576415ec34cdaf3e,58f6b8a5576415ec34cdaf06,Pack 1524,Tave,2,2.9042559999999997
58f6aee0576415ec34cdaefc,58f6bbdd576415ec34cdaf4d,58f6b8a5576415ec34cdaf06,Pack 1524,Tave,3,2.94158
58f6aee0576415ec34cdaefc,58f6ba14576415ec34cdaf18,58f6b8af576415ec34cdaf07,Pack 1524,Nate,2,2.836348
58f6aee0576415ec34cdaefc,58f6badd576415ec34cdaf31,58f6b8af576415ec34cdaf07,Pack 1524,Nate,4,2.8358119999999998
58f6aee0576415ec34cdaefc,58f6bb7f576415ec34cdaf45,58f6b8af576415ec34cdaf07,Pack 1524,Nate,1,2.827832
58f6aee0576415ec34cdaefc,58f6bc17576415ec34cdaf55,58f6b8af576415ec34cdaf07,Pack 1524,Nate,3,2.8121199999999997
58f6aee0576415ec34cdaefc,58f6ba14576415ec34cdaf19,58f6b8bf576415ec34cdaf08,Pack 1524,Taiven,3,2.8652439999999997
58f6aee0576415ec34cdaefc,58f6badd576415ec34cdaf33,58f6b8bf576415ec34cdaf08,Pack 1524,Taiven,1,2.877032
58f6aee0576415ec34cdaefc,58f6bb56576415ec34cdaf42,58f6b8bf576415ec34cdaf08,Pack 1524,Taiven,2,2.887496
58f6aee0576415ec34cdaefc,58f6bbdd576415ec34cdaf4c,58f6b8bf576415ec34cdaf08,Pack 1524,Taiven,4,2.869936
58f6aee0576415ec34cdaefc,58f6ba14576415ec34cdaf1b,58f6b8d1576415ec34cdaf09,Pack 1524,Jaydon,4,2.961708
58f6aee0576415ec34cdaefc,58f6ba9e576415ec34cdaf28,58f6b8d1576415ec34cdaf09,Pack 1524,Jaydon,3,2.9061399999999997
58f6aee0576415ec34cdaefc,58f6bb56576415ec34cdaf43,58f6b8d1576415ec34cdaf09,Pack 1524,Jaydon,1,2.9281319999999997
58f6aee0576415ec34cdaefc,58f6bbf9576415ec34cdaf53,58f6b8d1576415ec34cdaf09,Pack 1524,Jaydon,2,2.927324
58f6aee0576415ec34cdaefc,58f6ba3c576415ec34cdaf1d,58f6b8e8576415ec34cdaf0a,Pack 1524,Jonas,1,2.8951879999999997
58f6aee0576415ec34cdaefc,58f6babe576415ec34cdaf2d,58f6b8e8576415ec34cdaf0a,Pack 1524,Jonas,2,2.87154
58f6aee0576415ec34cdaefc,58f6bb3b576415ec34cdaf3d,58f6b8e8576415ec34cdaf0a,Pack 1524,Jonas,4,2.88652
58f6aee0576415ec34cdaefc,58f6bbf9576415ec34cdaf50,58f6b8e8576415ec34cdaf0a,Pack 1524,Jonas,3,2.85778
58f6aee0576415ec34cdaefc,58f6ba3c576415ec34cdaf1c,58f6b8f5576415ec34cdaf0b,Pack 1524,Alan,2,2.8766599999999998
58f6aee0576415ec34cdaefc,58f6babe576415ec34cdaf2e,58f6b8f5576415ec34cdaf0b,Pack 1524,Alan,1,2.882608
58f6aee0576415ec34cdaefc,58f6bb3b576415ec34cdaf3c,58f6b8f5576415ec34cdaf0b,Pack 1524,Alan,3,2.8611519999999997
58f6aee0576415ec34cdaefc,58f6bbf9576415ec34cdaf52,58f6b8f5576415ec34cdaf0b,Pack 1524,Alan,4,2.867552
58f6aee0576415ec34cdaefc,58f6ba3c576415ec34cdaf1e,58f6b900576415ec34cdaf0c,Pack 1524,Lincoln,3,3.036888
58f6aee0576415ec34cdaefc,58f6ba84576415ec34cdaf27,58f6b900576415ec34cdaf0c,Pack 1524,Lincoln,2,3.1180719999999997
58f6aee0576415ec34cdaefc,58f6bb00576415ec34cdaf37,58f6b900576415ec34cdaf0c,Pack 1524,Lincoln,4,3.1964639999999997
58f6aee0576415ec34cdaefc,58f6bbb8576415ec34cdaf4b,58f6b900576415ec34cdaf0c,Pack 1524,Lincoln,1,3.065604
58f6aee0576415ec34cdaefc,58f6ba3c576415ec34cdaf1f,58f6b90f576415ec34cdaf0d,Pack 1524,Max,4,3.069048
58f6aee0576415ec34cdaefc,58f6ba84576415ec34cdaf26,58f6b90f576415ec34cdaf0d,Pack 1524,Max,1,3.08534
58f6aee0576415ec34cdaefc,58f6bb00576415ec34cdaf35,58f6b90f576415ec34cdaf0d,Pack 1524,Max,3,3.067624
58f6aee0576415ec34cdaefc,58f6bbb8576415ec34cdaf4a,58f6b90f576415ec34cdaf0d,Pack 1524,Max,2,3.058408
58f6aee0576415ec34cdaefc,58f6ba62576415ec34cdaf21,58f6b91d576415ec34cdaf0e,Pack 1524,Elijah,1,2.893456
58f6aee0576415ec34cdaefc,58f6babe576415ec34cdaf2f,58f6b91d576415ec34cdaf0e,Pack 1524,Elijah,3,2.884296
58f6aee0576415ec34cdaefc,58f6bb1f576415ec34cdaf38,58f6b91d576415ec34cdaf0e,Pack 1524,Elijah,4,2.825196
58f6aee0576415ec34cdaefc,58f6bc17576415ec34cdaf57,58f6b91d576415ec34cdaf0e,Pack 1524,Elijah,2,2.903064
58f6aee0576415ec34cdaefc,58f6ba62576415ec34cdaf20,58f6b929576415ec34cdaf0f,Pack 1524,Oliver,2,2.8727359999999997
58f6aee0576415ec34cdaefc,58f6babe576415ec34cdaf2c,58f6b929576415ec34cdaf0f,Pack 1524,Oliver,4,2.86962
58f6aee0576415ec34cdaefc,58f6bb56576415ec34cdaf41,58f6b929576415ec34cdaf0f,Pack 1524,Oliver,3,2.85676
58f6aee0576415ec34cdaefc,58f6bbf9576415ec34cdaf51,58f6b929576415ec34cdaf0f,Pack 1524,Oliver,1,2.8668679999999997
58ffe7180395129455da5216,58fff1060395129455da5224,58ffed3b0395129455da5218,Lakeridge 5th Ward,TJ,1,2.8467879999999997
58ffe7180395129455da5216,58fff15e0395129455da522b,58ffed3b0395129455da5218,Lakeridge 5th Ward,TJ,2,2.813952
58ffe7180395129455da5216,58fff1e50395129455da5236,58ffed3b0395129455da5218,Lakeridge 5th Ward,TJ,3,2.822516
58ffe7180395129455da5216,58fff22b0395129455da5241,58ffed3b0395129455da5218,Lakeridge 5th Ward,TJ,4,2.935164
58ffe7180395129455da5216,58fff2ab0395129455da5248,58ffed3b0395129455da5218,Lakeridge 5th Ward,TJ,3,3.018792
58ffe7180395129455da5216,58fff2ee0395129455da5250,58ffed3b0395129455da5218,Lakeridge 5th Ward,TJ,2,2.9572119999999997
58ffe7180395129455da5216,58fff3620395129455da525c,58ffed3b0395129455da5218,Lakeridge 5th Ward,TJ,1,3.047764
58ffe7180395129455da5216,58fff3900395129455da5260,58ffed3b0395129455da5218,Lakeridge 5th Ward,TJ,4,3.012396
58ffe7180395129455da5216,58fff1070395129455da5225,58ffed5a0395129455da5219,Lakeridge 5th Ward,Ashton,2,3.667052
58ffe7180395129455da5216,58fff15e0395129455da522d,58ffed5a0395129455da5219,Lakeridge 5th Ward,Ashton,1,3.5433399999999997
58ffe7180395129455da5216,58fff1b20395129455da5235,58ffed5a0395129455da5219,Lakeridge 5th Ward,Ashton,3,3.8174159999999997
58ffe7180395129455da5216,58fff1e60395129455da5239,58ffed5a0395129455da5219,Lakeridge 5th Ward,Ashton,4,3.715308
58ffe7180395129455da5216,58fff2960395129455da5245,58ffed5a0395129455da5219,Lakeridge 5th Ward,Ashton,1,3.82006
58ffe7180395129455da5216,58fff2c90395129455da524d,58ffed5a0395129455da5219,Lakeridge 5th Ward,Ashton,2,3.8179719999999997
58ffe7180395129455da5216,58fff2ef0395129455da5251,58ffed5a0395129455da5219,Lakeridge 5th Ward,Ashton,4,3.544288
58ffe7180395129455da5216,58fff3410395129455da5259,58ffed5a0395129455da5219,Lakeridge 5th Ward,Ashton,3,3.485172
58ffe7180395129455da5216,58fff1060395129455da5223,58ffed6e0395129455da521a,Lakeridge 5th Ward,Everett,3,2.836076
58ffe7180395129455da5216,58fff15e0395129455da522c,58ffed6e0395129455da521a,Lakeridge 5th Ward,Everett,4,2.827628
58ffe7180395129455da5216,58fff1e50395129455da5237,58ffed6e0395129455da521a,Lakeridge 5th Ward,Everett,1,2.842228
58ffe7180395129455da5216,58fff2060395129455da523b,58ffed6e0395129455da521a,Lakeridge 5th Ward,Everett,2,2.8323679999999998
58ffe7180395129455da5216,58fff2ab0395129455da5247,58ffed6e0395129455da521a,Lakeridge 5th Ward,Everett,2,2.8519159999999997
58ffe7180395129455da5216,58fff2ee0395129455da524e,58ffed6e0395129455da521a,Lakeridge 5th Ward,Everett,3,2.841644
58ffe7180395129455da5216,58fff3400395129455da5256,58ffed6e0395129455da521a,Lakeridge 5th Ward,Everett,4,2.855352
58ffe7180395129455da5216,58fff3900395129455da525e,58ffed6e0395129455da521a,Lakeridge 5th Ward,Everett,1,2.8506199999999997
58ffe7180395129455da5216,58fff1060395129455da5222,58ffed830395129455da521b,Lakeridge 5th Ward,Hayden,4,2.800704
58ffe7180395129455da5216,58fff15d0395129455da522a,58ffed830395129455da521b,Lakeridge 5th Ward,Hayden,3,2.8059399999999997
58ffe7180395129455da5216,58fff2060395129455da523a,58ffed830395129455da521b,Lakeridge 5th Ward,Hayden,1,2.8068079999999997
58ffe7180395129455da5216,58fff22a0395129455da523e,58ffed830395129455da521b,Lakeridge 5th Ward,Hayden,2,2.791296
58ffe7180395129455da5216,58fff2ab0395129455da5246,58ffed830395129455da521b,Lakeridge 5th Ward,Hayden,4,2.8423279999999997
58ffe7180395129455da5216,58fff31c0395129455da5253,58ffed830395129455da521b,Lakeridge 5th Ward,Hayden,1,2.8764559999999997
58ffe7180395129455da5216,58fff3400395129455da5258,58ffed830395129455da521b,Lakeridge 5th Ward,Hayden,2,2.911604
58ffe7180395129455da5216,58fff3900395129455da525f,58ffed830395129455da521b,Lakeridge 5th Ward,Hayden,3,2.8619079999999997
58ffe7180395129455da5216,58fff1360395129455da5226,58ffed960395129455da521c,Lakeridge 5th Ward,Nathaniel,1,2.8652599999999997
58ffe7180395129455da5216,58fff1820395129455da522f,58ffed960395129455da521c,Lakeridge 5th Ward,Nathaniel,4,2.8627719999999997
58ffe7180395129455da5216,58fff1e50395129455da5238,58ffed960395129455da521c,Lakeridge 5th Ward,Nathaniel,2,2.84524
58ffe7180395129455da5216,58fff22a0395129455da523f,58ffed960395129455da521c,Lakeridge 5th Ward,Nathaniel,3,2.8579399999999997
58ffe7180395129455da5216,58fff2950395129455da5243,58ffed960395129455da521c,Lakeridge 5th Ward,Nathaniel,4,2.87546
58ffe7180395129455da5216,58fff2c80395129455da524a,58ffed960395129455da521c,Lakeridge 5th Ward,Nathaniel,3,2.874168
58ffe7180395129455da5216,58fff3400395129455da5257,58ffed960395129455da521c,Lakeridge 5th Ward,Nathaniel,1,2.882616
58ffe7180395129455da5216,58fff3620395129455da525b,58ffed960395129455da521c,Lakeridge 5th Ward,Nathaniel,2,2.871472
58ffe7180395129455da5216,58fff1360395129455da5228,58ffedad0395129455da521d,Lakeridge 5th Ward,Logan,2,2.9408399999999997
58ffe7180395129455da5216,58fff1820395129455da5230,58ffedad0395129455da521d,Lakeridge 5th Ward,Logan,3,2.944228
58ffe7180395129455da5216,58fff1b10395129455da5233,58ffedad0395129455da521d,Lakeridge 5th Ward,Logan,1,2.958048
58ffe7180395129455da5216,58fff2060395129455da523c,58ffedad0395129455da521d,Lakeridge 5th Ward,Logan,4,2.939384
58ffe7180395129455da5216,58fff2950395129455da5244,58ffedad0395129455da521d,Lakeridge 5th Ward,Logan,3,3.118748
58ffe7180395129455da5216,58fff2c80395129455da524c,58ffedad0395129455da521d,Lakeridge 5th Ward,Logan,1,3.11108
58ffe7180395129455da5216,58fff31c0395129455da5255,58ffedad0395129455da521d,Lakeridge 5th Ward,Logan,2,3.12962
58ffe7180395129455da5216,58fff3620395129455da525d,58ffedad0395129455da521d,Lakeridge 5th Ward,Logan,4,3.1179799999999998
58ffe7180395129455da5216,58fff1360395129455da5227,58ffedc60395129455da521e,Lakeridge 5th Ward,Cillian,3,2.897236
58ffe7180395129455da5216,58fff1820395129455da522e,58ffedc60395129455da521e,Lakeridge 5th Ward,Cillian,2,2.856264
58ffe7180395129455da5216,58fff1b10395129455da5232,58ffedc60395129455da521e,Lakeridge 5th Ward,Cillian,4,2.8298639999999997
58ffe7180395129455da5216,58fff22a0395129455da5240,58ffedc60395129455da521e,Lakeridge 5th Ward,Cillian,1,2.876648
58ffe7180395129455da5216,58fff2ab0395129455da5249,58ffedc60395129455da521e,Lakeridge 5th Ward,Cillian,1,3.10792
58ffe7180395129455da5216,58fff2c80395129455da524b,58ffedc60395129455da521e,Lakeridge 5th Ward,Cillian,4,3.096772
58ffe7180395129455da5216,58fff31c0395129455da5254,58ffedc60395129455da521e,Lakeridge 5th Ward,Cillian,3,3.0875
58ffe7180395129455da5216,58fff3900395129455da5261,58ffedc60395129455da521e,Lakeridge 5th Ward,Cillian,2,3.106944
58ffe7180395129455da5216,58fff1360395129455da5229,58ffedd80395129455da521f,Lakeridge 5th Ward,Jerod,4,3.172164
58ffe7180395129455da5216,58fff1820395129455da5231,58ffedd80395129455da521f,Lakeridge 5th Ward,Jerod,1,3.140564
58ffe7180395129455da5216,58fff1b20395129455da5234,58ffedd80395129455da521f,Lakeridge 5th Ward,Jerod,2,3.1381799999999997
58ffe7180395129455da5216,58fff2060395129455da523d,58ffedd80395129455da521f,Lakeridge 5th Ward,Jerod,3,3.129988
58ffe7180395129455da5216,58fff2950395129455da5242,58ffedd80395129455da521f,Lakeridge 5th Ward,Jerod,2,2.829304
58ffe7180395129455da5216,58fff2ee0395129455da524f,58ffedd80395129455da521f,Lakeridge 5th Ward,Jerod,1,2.8454479999999998
58ffe7180395129455da5216,58fff31b0395129455da5252,58ffedd80395129455da521f,Lakeridge 5th Ward,Jerod,4,2.8385279999999997
58ffe7180395129455da5216,58fff3610395129455da525a,58ffedd80395129455da521f,Lakeridge 5th Ward,Jerod,3,2.832356
590137e52662bf082332b11a,59013fab0f53ddf801ed7a14,590138382662bf082332b11c,West Mountain First Ward Pinewood Derby,Ryton,1,2.762656
590137e52662bf082332b11a,590141040f53ddf801ed7a34,590138382662bf082332b11c,West Mountain First Ward Pinewood Derby,Ryton,2,2.7663119999999997
590137e52662bf082332b11a,590141a10f53ddf801ed7a43,590138382662bf082332b11c,West Mountain First Ward Pinewood Derby,Ryton,4,2.7567079999999997
590137e52662bf082332b11a,590142390f53ddf801ed7a53,590138382662bf082332b11c,West Mountain First Ward Pinewood Derby,Ryton,3,2.753964
590137e52662bf082332b11a,59013fab0f53ddf801ed7a15,5901385c2662bf082332b11d,West Mountain First Ward Pinewood Derby,Tanner,2,2.846924
590137e52662bf082332b11a,590140af0f53ddf801ed7a2e,5901385c2662bf082332b11d,West Mountain First Ward Pinewood Derby,Tanner,3,2.9404879999999998
590137e52662bf082332b11a,590141700f53ddf801ed7a42,5901385c2662bf082332b11d,West Mountain First Ward Pinewood Derby,Tanner,1,2.854324
590137e52662bf082332b11a,590141c70f53ddf801ed7a4a,5901385c2662bf082332b11d,West Mountain First Ward Pinewood Derby,Tanner,4,2.855952
590137e52662bf082332b11a,59013fab0f53ddf801ed7a16,590138712662bf082332b11e,West Mountain First Ward Pinewood Derby,Adam,3,2.909888
590137e52662bf082332b11a,5901408d0f53ddf801ed7a2a,590138712662bf082332b11e,West Mountain First Ward Pinewood Derby,Adam,1,2.9297239999999998
590137e52662bf082332b11a,590141040f53ddf801ed7a36,590138712662bf082332b11e,West Mountain First Ward Pinewood Derby,Adam,4,2.951348
590137e52662bf082332b11a,590142180f53ddf801ed7a52,590138712662bf082332b11e,West Mountain First Ward Pinewood Derby,Adam,2,2.891548
590137e52662bf082332b11a,59013fab0f53ddf801ed7a13,590138992662bf082332b11f,West Mountain First Ward Pinewood Derby,Rylan,4,2.713708
590137e52662bf082332b11a,590141270f53ddf801ed7a37,590138992662bf082332b11f,West Mountain First Ward Pinewood Derby,Rylan,1,2.7230559999999997
590137e52662bf082332b11a,590141c70f53ddf801ed7a48,590138992662bf082332b11f,West Mountain First Ward Pinewood Derby,Rylan,2,2.7220239999999998
590137e52662bf082332b11a,590142770f53ddf801ed7a57,590138992662bf082332b11f,West Mountain First Ward Pinewood Derby,Rylan,3,2.7064239999999997
590137e52662bf082332b11a,59013fd70f53ddf801ed7a1a,590138e92662bf082332b120,West Mountain First Ward Pinewood Derby,Cayden,1,3.05586
590137e52662bf082332b11a,590140680f53ddf801ed7a25,590138e92662bf082332b120,West Mountain First Ward Pinewood Derby,Cayden,4,3.023396
590137e52662bf082332b11a,590141270f53ddf801ed7a39,590138e92662bf082332b120,West Mountain First Ward Pinewood Derby,Cayden,3,3.000956
590137e52662bf082332b11a,590141ea0f53ddf801ed7a4d,590138e92662bf082332b120,West Mountain First Ward Pinewood Derby,Cayden,2,2.9791
590137e52662bf082332b11a,59013fd70f53ddf801ed7a17,5901395a2662bf082332b121,West Mountain First Ward Pinewood Derby,Witt,2,2.719884
590137e52662bf082332b11a,590141040f53ddf801ed7a33,5901395a2662bf082332b121,West Mountain First Ward Pinewood Derby,Witt,3,2.71014
590137e52662bf082332b11a,590141c70f53ddf801ed7a47,5901395a2662bf082332b121,West Mountain First Ward Pinewood Derby,Witt,1,2.708916
590137e52662bf082332b11a,590142770f53ddf801ed7a58,5901395a2662bf082332b121,West Mountain First Ward Pinewood Derby,Witt,4,2.7083399999999997
590137e52662bf082332b11a,59013fd70f53ddf801ed7a19,590139792662bf082332b122,West Mountain First Ward Pinewood Derby,Logan,3,2.85426
590137e52662bf082332b11a,590140af0f53ddf801ed7a2d,590139792662bf082332b122,West Mountain First Ward Pinewood Derby,Logan,1,2.89248
590137e52662bf082332b11a,5901414c0f53ddf801ed7a3d,590139792662bf082332b122,West Mountain First Ward Pinewood Derby,Logan,4,2.8589599999999997
590137e52662bf082332b11a,590142770f53ddf801ed7a5a,590139792662bf082332b122,West Mountain First Ward Pinewood Derby,Logan,2,2.818432
590137e52662bf082332b11a,59013fd70f53ddf801ed7a18,590139a72662bf082332b123,West Mountain First Ward Pinewood Derby,Teegan,4,2.778184
590137e52662bf082332b11a,590141040f53ddf801ed7a35,590139a72662bf082332b123,West Mountain First Ward Pinewood Derby,Teegan,1,2.779096
590137e52662bf082332b11a,590141a10f53ddf801ed7a44,590139a72662bf082332b123,West Mountain First Ward Pinewood Derby,Teegan,2,2.7726599999999997
590137e52662bf082332b11a,590142180f53ddf801ed7a4f,590139a72662bf082332b123,West Mountain First Ward Pinewood Derby,Teegan,3,2.7903599999999997
590137e52662bf082332b11a,590140000f53ddf801ed7a1c,590139d72662bf082332b124,West Mountain First Ward Pinewood Derby,Ira,1,2.821776
590137e52662bf082332b11a,590140d80f53ddf801ed7a31,590139d72662bf082332b124,West Mountain First Ward Pinewood Derby,Ira,2,2.8231159999999997
590137e52662bf082332b11a,590141a10f53ddf801ed7a46,590139d72662bf082332b124,West Mountain First Ward Pinewood Derby,Ira,3,2.88124
590137e52662bf082332b11a,590142180f53ddf801ed7a51,590139d72662bf082332b124,West Mountain First Ward Pinewood Derby,Ira,4,2.8413519999999997
590137e52662bf082332b11a,590140000f53ddf801ed7a1d,59013a002662bf082332b125,West Mountain First Ward Pinewood Derby,Wyatt,2,2.83322
590137e52662bf082332b11a,590140d80f53ddf801ed7a32,59013a002662bf082332b125,West Mountain First Ward Pinewood Derby,Wyatt,1,2.8270399999999998
590137e52662bf082332b11a,590141700f53ddf801ed7a41,59013a002662bf082332b125,West Mountain First Ward Pinewood Derby,Wyatt,3,2.832608
590137e52662bf082332b11a,590141ea0f53ddf801ed7a4c,59013a002662bf082332b125,West Mountain First Ward Pinewood Derby,Wyatt,4,2.8306839999999998
590137e52662bf082332b11a,590140000f53ddf801ed7a1b,59013a2a2662bf082332b126,West Mountain First Ward Pinewood Derby,Cannon,3,2.8108
590137e52662bf082332b11a,590140d80f53ddf801ed7a30,59013a2a2662bf082332b126,West Mountain First Ward Pinewood Derby,Cannon,4,2.793332
590137e52662bf082332b11a,5901416f0f53ddf801ed7a3f,59013a2a2662bf082332b126,West Mountain First Ward Pinewood Derby,Cannon,2,2.8016159999999997
590137e52662bf082332b11a,590142390f53ddf801ed7a54,59013a2a2662bf082332b126,West Mountain First Ward Pinewood Derby,Cannon,1,2.79648
590137e52662bf082332b11a,590140000f53ddf801ed7a1e,59013a462662bf082332b127,West Mountain First Ward Pinewood Derby,Parley,4,3.1447119999999997
590137e52662bf082332b11a,590140680f53ddf801ed7a26,59013a462662bf082332b127,West Mountain First Ward Pinewood Derby,Parley,3,3.1185039999999997
590137e52662bf082332b11a,590141270f53ddf801ed7a3a,59013a462662bf082332b127,West Mountain First Ward Pinewood Derby,Parley,2,3.144028
590137e52662bf082332b11a,590141eb0f53ddf801ed7a4e,59013a462662bf082332b127,West Mountain First Ward Pinewood Derby,Parley,1,3.191424
590137e52662bf082332b11a,590140370f53ddf801ed7a22,59013a642662bf082332b128,West Mountain First Ward Pinewood Derby,Aaron,1,2.873528
590137e52662bf082332b11a,5901408d0f53ddf801ed7a29,59013a642662bf082332b128,West Mountain First Ward Pinewood Derby,Aaron,2,2.8805
590137e52662bf082332b11a,590141270f53ddf801ed7a38,59013a642662bf082332b128,West Mountain First Ward Pinewood Derby,Aaron,4,2.88428
590137e52662bf082332b11a,590141c70f53ddf801ed7a49,59013a642662bf082332b128,West Mountain First Ward Pinewood Derby,Aaron,3,2.848188
590137e52662bf082332b11a,590140370f53ddf801ed7a1f,59013a882662bf082332b129,West Mountain First Ward Pinewood Derby,Clark,2,2.79254
590137e52662bf082332b11a,590140d80f53ddf801ed7a2f,59013a882662bf082332b129,West Mountain First Ward Pinewood Derby,Clark,3,2.7851879999999998
590137e52662bf082332b11a,590141a10f53ddf801ed7a45,59013a882662bf082332b129,West Mountain First Ward Pinewood Derby,Clark,1,2.78648
590137e52662bf082332b11a,590142390f53ddf801ed7a55,59013a882662bf082332b129,West Mountain First Ward Pinewood Derby,Clark,4,2.819088
590137e52662bf082332b11a,590140370f53ddf801ed7a20,59013abb2662bf082332b12a,West Mountain First Ward Pinewood Derby,Aaron D,3,2.864948
590137e52662bf082332b11a,5901408d0f53ddf801ed7a28,59013abb2662bf082332b12a,West Mountain First Ward Pinewood Derby,Aaron D,4,2.8746959999999997
590137e52662bf082332b11a,5901414c0f53ddf801ed7a3b,59013abb2662bf082332b12a,West Mountain First Ward Pinewood Derby,Aaron D,2,2.7717639999999997
590137e52662bf082332b11a,590142770f53ddf801ed7a59,59013abb2662bf082332b12a,West Mountain First Ward Pinewood Derby,Aaron D,1,2.788592
590137e52662bf082332b11a,590140370f53ddf801ed7a21,59013ae22662bf082332b12b,West Mountain First Ward Pinewood Derby,Carson,4,2.8696319999999997
590137e52662bf082332b11a,5901408d0f53ddf801ed7a27,59013ae22662bf082332b12b,West Mountain First Ward Pinewood Derby,Carson,3,2.868436
590137e52662bf082332b11a,5901414c0f53ddf801ed7a3e,59013ae22662bf082332b12b,West Mountain First Ward Pinewood Derby,Carson,1,2.873652
590137e52662bf082332b11a,590142390f53ddf801ed7a56,59013ae22662bf082332b12b,West Mountain First Ward Pinewood Derby,Carson,2,2.862252
590137e52662bf082332b11a,590140680f53ddf801ed7a23,59013b102662bf082332b12c,West Mountain First Ward Pinewood Derby,Malcolm,1,2.82556
590137e52662bf082332b11a,590140af0f53ddf801ed7a2b,59013b102662bf082332b12c,West Mountain First Ward Pinewood Derby,Malcolm,2,2.8328919999999997
590137e52662bf082332b11a,5901416f0f53ddf801ed7a40,59013b102662bf082332b12c,West Mountain First Ward Pinewood Derby,Malcolm,4,2.812592
590137e52662bf082332b11a,590141ea0f53ddf801ed7a4b,59013b102662bf082332b12c,West Mountain First Ward Pinewood Derby,Malcolm,3,2.819144
590137e52662bf082332b11a,590140680f53ddf801ed7a24,59013bb62662bf082332b12d,West Mountain First Ward Pinewood Derby,Lyam,2,2.838924
590137e52662bf082332b11a,590140af0f53ddf801ed7a2c,59013bb62662bf082332b12d,West Mountain First Ward Pinewood Derby,Lyam,4,2.83538
590137e52662bf082332b11a,5901414c0f53ddf801ed7a3c,59013bb62662bf082332b12d,West Mountain First Ward Pinewood Derby,Lyam,3,2.8218479999999997
590137e52662bf082332b11a,590142180f53ddf801ed7a50,59013bb62662bf082332b12d,West Mountain First Ward Pinewood Derby,Lyam,1,2.828564
59028f561c82af3c4f03c8f1,5902954c1c82af3c4f03c909,5902934c1c82af3c4f03c8f3,Lakeview 2nd and 5th Ward Pinewood Derby,Braden,1,2.906528
59028f561c82af3c4f03c8f1,590296fb1c82af3c4f03c926,5902934c1c82af3c4f03c8f3,Lakeview 2nd and 5th Ward Pinewood Derby,Braden,2,2.949624
59028f561c82af3c4f03c8f1,590297c31c82af3c4f03c934,5902934c1c82af3c4f03c8f3,Lakeview 2nd and 5th Ward Pinewood Derby,Braden,3,2.94414
59028f561c82af3c4f03c8f1,590298ca1c82af3c4f03c94e,5902934c1c82af3c4f03c8f3,Lakeview 2nd and 5th Ward Pinewood Derby,Braden,4,2.953092
59028f561c82af3c4f03c8f1,5902954c1c82af3c4f03c907,590293591c82af3c4f03c8f4,Lakeview 2nd and 5th Ward Pinewood Derby,Kyle,2,2.8298039999999998
59028f561c82af3c4f03c8f1,590297481c82af3c4f03c92e,590293591c82af3c4f03c8f4,Lakeview 2nd and 5th Ward Pinewood Derby,Kyle,1,2.816204
59028f561c82af3c4f03c8f1,590298191c82af3c4f03c93b,590293591c82af3c4f03c8f4,Lakeview 2nd and 5th Ward Pinewood Derby,Kyle,3,2.814724
59028f561c82af3c4f03c8f1,590298f31c82af3c4f03c94f,590293591c82af3c4f03c8f4,Lakeview 2nd and 5th Ward Pinewood Derby,Kyle,4,2.823632
59028f561c82af3c4f03c8f1,5902954c1c82af3c4f03c908,590293671c82af3c4f03c8f5,Lakeview 2nd and 5th Ward Pinewood Derby,Jake,3,2.873348
59028f561c82af3c4f03c8f1,590296fb1c82af3c4f03c923,590293671c82af3c4f03c8f5,Lakeview 2nd and 5th Ward Pinewood Derby,Jake,4,2.85118
59028f561c82af3c4f03c8f1,590298441c82af3c4f03c941,590293671c82af3c4f03c8f5,Lakeview 2nd and 5th Ward Pinewood Derby,Jake,1,2.8591759999999997
59028f561c82af3c4f03c8f1,590298f31c82af3c4f03c952,590293671c82af3c4f03c8f5,Lakeview 2nd and 5th Ward Pinewood Derby,Jake,2,2.946984
59028f561c82af3c4f03c8f1,5902954c1c82af3c4f03c90a,590293751c82af3c4f03c8f6,Lakeview 2nd and 5th Ward Pinewood Derby,Aaron,4,2.923844
59028f561c82af3c4f03c8f1,590296c91c82af3c4f03c91f,590293751c82af3c4f03c8f6,Lakeview 2nd and 5th Ward Pinewood Derby,Aaron,2,2.88782
59028f561c82af3c4f03c8f1,590297e91c82af3c4f03c939,590293751c82af3c4f03c8f6,Lakeview 2nd and 5th Ward Pinewood Derby,Aaron,3,2.932988
59028f561c82af3c4f03c8f1,590298ca1c82af3c4f03c94d,590293751c82af3c4f03c8f6,Lakeview 2nd and 5th Ward Pinewood Derby,Aaron,1,2.921624
59028f561c82af3c4f03c8f1,590295b01c82af3c4f03c90e,590293851c82af3c4f03c8f7,Lakeview 2nd and 5th Ward Pinewood Derby,Henry,1,3.073112
59028f561c82af3c4f03c8f1,590296861c82af3c4f03c91c,590293851c82af3c4f03c8f7,Lakeview 2nd and 5th Ward Pinewood Derby,Henry,3,3.03376
59028f561c82af3c4f03c8f1,590297c31c82af3c4f03c936,590293851c82af3c4f03c8f7,Lakeview 2nd and 5th Ward Pinewood Derby,Henry,2,3.0366199999999997
59028f561c82af3c4f03c8f1,590298631c82af3c4f03c944,590293851c82af3c4f03c8f7,Lakeview 2nd and 5th Ward Pinewood Derby,Henry,4,3.025216
59028f561c82af3c4f03c8f1,590295af1c82af3c4f03c90b,5902939a1c82af3c4f03c8f8,Lakeview 2nd and 5th Ward Pinewood Derby,Ethan J,2,2.799956
59028f561c82af3c4f03c8f1,590297481c82af3c4f03c92d,5902939a1c82af3c4f03c8f8,Lakeview 2nd and 5th Ward Pinewood Derby,Ethan J,3,2.7884279999999997
59028f561c82af3c4f03c8f1,590298191c82af3c4f03c93c,5902939a1c82af3c4f03c8f8,Lakeview 2nd and 5th Ward Pinewood Derby,Ethan J,4,2.8181599999999998
59028f561c82af3c4f03c8f1,590299321c82af3c4f03c955,5902939a1c82af3c4f03c8f8,Lakeview 2nd and 5th Ward Pinewood Derby,Ethan J,1,2.821228
59028f561c82af3c4f03c8f1,590295af1c82af3c4f03c90c,590293b11c82af3c4f03c8f9,Lakeview 2nd and 5th Ward Pinewood Derby,Pearson,3,2.852788
59028f561c82af3c4f03c8f1,5902971e1c82af3c4f03c929,590293b11c82af3c4f03c8f9,Lakeview 2nd and 5th Ward Pinewood Derby,Pearson,4,2.874136
59028f561c82af3c4f03c8f1,590298191c82af3c4f03c93e,590293b11c82af3c4f03c8f9,Lakeview 2nd and 5th Ward Pinewood Derby,Pearson,1,2.867248
59028f561c82af3c4f03c8f1,590298ca1c82af3c4f03c94b,590293b11c82af3c4f03c8f9,Lakeview 2nd and 5th Ward Pinewood Derby,Pearson,2,2.867816
59028f561c82af3c4f03c8f1,590295af1c82af3c4f03c90d,590293bf1c82af3c4f03c8fa,Lakeview 2nd and 5th Ward Pinewood Derby,Kason,4,2.9157319999999998
59028f561c82af3c4f03c8f1,590296fb1c82af3c4f03c925,590293bf1c82af3c4f03c8fa,Lakeview 2nd and 5th Ward Pinewood Derby,Kason,1,2.899536
59028f561c82af3c4f03c8f1,590297e91c82af3c4f03c938,590293bf1c82af3c4f03c8fa,Lakeview 2nd and 5th Ward Pinewood Derby,Kason,2,2.9023719999999997
59028f561c82af3c4f03c8f1,590298ca1c82af3c4f03c94c,590293bf1c82af3c4f03c8fa,Lakeview 2nd and 5th Ward Pinewood Derby,Kason,3,2.9023719999999997
59028f561c82af3c4f03c8f1,590295d71c82af3c4f03c90f,590293ce1c82af3c4f03c8fb,Lakeview 2nd and 5th Ward Pinewood Derby,Ryken,1,2.860836
59028f561c82af3c4f03c8f1,5902971e1c82af3c4f03c928,590293ce1c82af3c4f03c8fb,Lakeview 2nd and 5th Ward Pinewood Derby,Ryken,2,2.8686559999999997
59028f561c82af3c4f03c8f1,590297e91c82af3c4f03c937,590293ce1c82af3c4f03c8fb,Lakeview 2nd and 5th Ward Pinewood Derby,Ryken,4,2.804792
59028f561c82af3c4f03c8f1,590299321c82af3c4f03c956,590293ce1c82af3c4f03c8fb,Lakeview 2nd and 5th Ward Pinewood Derby,Ryken,3,2.85548
59028f561c82af3c4f03c8f1,590295d71c82af3c4f03c911,590293de1c82af3c4f03c8fc,Lakeview 2nd and 5th Ward Pinewood Derby,Kolby,2,2.961648
59028f561c82af3c4f03c8f1,590296861c82af3c4f03c91b,590293de1c82af3c4f03c8fc,Lakeview 2nd and 5th Ward Pinewood Derby,Kolby,4,2.9725639999999998
59028f561c82af3c4f03c8f1,590297c31c82af3c4f03c935,590293de1c82af3c4f03c8fc,Lakeview 2nd and 5th Ward Pinewood Derby,Kolby,1,2.9786159999999997
59028f561c82af3c4f03c8f1,590298a71c82af3c4f03c949,590293de1c82af3c4f03c8fc,Lakeview 2nd and 5th Ward Pinewood Derby,Kolby,3,2.980104
59028f561c82af3c4f03c8f1,590295d71c82af3c4f03c910,590293ef1c82af3c4f03c8fd,Lakeview 2nd and 5th Ward Pinewood Derby,Keegan,3,2.909456
59028f561c82af3c4f03c8f1,590296c91c82af3c4f03c920,590293ef1c82af3c4f03c8fd,Lakeview 2nd and 5th Ward Pinewood Derby,Keegan,4,2.9263999999999997
59028f561c82af3c4f03c8f1,590297e91c82af3c4f03c93a,590293ef1c82af3c4f03c8fd,Lakeview 2nd and 5th Ward Pinewood Derby,Keegan,1,2.9974879999999997
59028f561c82af3c4f03c8f1,590298a71c82af3c4f03c948,590293ef1c82af3c4f03c8fd,Lakeview 2nd and 5th Ward Pinewood Derby,Keegan,2,2.932616
59028f561c82af3c4f03c8f1,590295d71c82af3c4f03c912,590294021c82af3c4f03c8fe,Lakeview 2nd and 5th Ward Pinewood Derby,Hyrum,4,3.087456
59028f561c82af3c4f03c8f1,590296861c82af3c4f03c91d,590294021c82af3c4f03c8fe,Lakeview 2nd and 5th Ward Pinewood Derby,Hyrum,1,3.1437679999999997
59028f561c82af3c4f03c8f1,590297701c82af3c4f03c931,590294021c82af3c4f03c8fe,Lakeview 2nd and 5th Ward Pinewood Derby,Hyrum,2,3.0975759999999997
59028f561c82af3c4f03c8f1,590298631c82af3c4f03c946,590294021c82af3c4f03c8fe,Lakeview 2nd and 5th Ward Pinewood Derby,Hyrum,3,3.099284
59028f561c82af3c4f03c8f1,590296011c82af3c4f03c916,590294181c82af3c4f03c8ff,Lakeview 2nd and 5th Ward Pinewood Derby,Alan,1,3.184412
59028f561c82af3c4f03c8f1,590296861c82af3c4f03c91e,590294181c82af3c4f03c8ff,Lakeview 2nd and 5th Ward Pinewood Derby,Alan,2,3.218436
59028f561c82af3c4f03c8f1,590297701c82af3c4f03c932,590294181c82af3c4f03c8ff,Lakeview 2nd and 5th Ward Pinewood Derby,Alan,3,3.169224
59028f561c82af3c4f03c8f1,590298451c82af3c4f03c942,590294181c82af3c4f03c8ff,Lakeview 2nd and 5th Ward Pinewood Derby,Alan,4,3.150372
59028f561c82af3c4f03c8f1,590296001c82af3c4f03c915,5902942e1c82af3c4f03c900,Lakeview 2nd and 5th Ward Pinewood Derby,Cohen,2,2.886452
59028f561c82af3c4f03c8f1,590296fb1c82af3c4f03c924,5902942e1c82af3c4f03c900,Lakeview 2nd and 5th Ward Pinewood Derby,Cohen,3,2.8773679999999997
59028f561c82af3c4f03c8f1,590297c31c82af3c4f03c933,5902942e1c82af3c4f03c900,Lakeview 2nd and 5th Ward Pinewood Derby,Cohen,4,2.9149279999999997
59028f561c82af3c4f03c8f1,590298a71c82af3c4f03c947,5902942e1c82af3c4f03c900,Lakeview 2nd and 5th Ward Pinewood Derby,Cohen,1,2.92982
59028f561c82af3c4f03c8f1,590296001c82af3c4f03c913,590294401c82af3c4f03c901,Lakeview 2nd and 5th Ward Pinewood Derby,Beau,3,2.774216
59028f561c82af3c4f03c8f1,590297481c82af3c4f03c92c,590294401c82af3c4f03c901,Lakeview 2nd and 5th Ward Pinewood Derby,Beau,4,2.779576
59028f561c82af3c4f03c8f1,590298631c82af3c4f03c943,590294401c82af3c4f03c901,Lakeview 2nd and 5th Ward Pinewood Derby,Beau,1,2.7848759999999997
59028f561c82af3c4f03c8f1,590299321c82af3c4f03c954,590294401c82af3c4f03c901,Lakeview 2nd and 5th Ward Pinewood Derby,Beau,2,2.785384
59028f561c82af3c4f03c8f1,590296001c82af3c4f03c914,590294581c82af3c4f03c902,Lakeview 2nd and 5th Ward Pinewood Derby,Cade,4,2.83384
59028f561c82af3c4f03c8f1,5902971e1c82af3c4f03c927,590294581c82af3c4f03c902,Lakeview 2nd and 5th Ward Pinewood Derby,Cade,3,2.840456
59028f561c82af3c4f03c8f1,590298441c82af3c4f03c940,590294581c82af3c4f03c902,Lakeview 2nd and 5th Ward Pinewood Derby,Cade,2,2.8242439999999998
59028f561c82af3c4f03c8f1,590298f31c82af3c4f03c950,590294581c82af3c4f03c902,Lakeview 2nd and 5th Ward Pinewood Derby,Cade,1,2.834484
59028f561c82af3c4f03c8f1,5902962b1c82af3c4f03c917,590294721c82af3c4f03c903,Lakeview 2nd and 5th Ward Pinewood Derby,Bryson,1,2.784188
59028f561c82af3c4f03c8f1,590297481c82af3c4f03c92b,590294721c82af3c4f03c903,Lakeview 2nd and 5th Ward Pinewood Derby,Bryson,2,2.769544
59028f561c82af3c4f03c8f1,590298441c82af3c4f03c93f,590294721c82af3c4f03c903,Lakeview 2nd and 5th Ward Pinewood Derby,Bryson,3,2.774092
59028f561c82af3c4f03c8f1,590299321c82af3c4f03c953,590294721c82af3c4f03c903,Lakeview 2nd and 5th Ward Pinewood Derby,Bryson,4,2.766928
59028f561c82af3c4f03c8f1,5902962b1c82af3c4f03c919,590294831c82af3c4f03c904,Lakeview 2nd and 5th Ward Pinewood Derby,Traden,2,3.0195719999999997
59028f561c82af3c4f03c8f1,590296c91c82af3c4f03c921,590294831c82af3c4f03c904,Lakeview 2nd and 5th Ward Pinewood Derby,Traden,3,3.005652
59028f561c82af3c4f03c8f1,590297701c82af3c4f03c92f,590294831c82af3c4f03c904,Lakeview 2nd and 5th Ward Pinewood Derby,Traden,1,3.056256
59028f561c82af3c4f03c8f1,590298a71c82af3c4f03c94a,590294831c82af3c4f03c904,Lakeview 2nd and 5th Ward Pinewood Derby,Traden,4,3.021268
59028f561c82af3c4f03c8f1,5902962c1c82af3c4f03c91a,590294971c82af3c4f03c905,Lakeview 2nd and 5th Ward Pinewood Derby,Ethan S,3,3.1206519999999998
59028f561c82af3c4f03c8f1,590296ca1c82af3c4f03c922,590294971c82af3c4f03c905,Lakeview 2nd and 5th Ward Pinewood Derby,Ethan S,1,3.0770679999999997
59028f561c82af3c4f03c8f1,590297701c82af3c4f03c930,590294971c82af3c4f03c905,Lakeview 2nd and 5th Ward Pinewood Derby,Ethan S,4,3.096152
59028f561c82af3c4f03c8f1,590298631c82af3c4f03c945,590294971c82af3c4f03c905,Lakeview 2nd and 5th Ward Pinewood Derby,Ethan S,2,3.075428
59028f561c82af3c4f03c8f1,5902962b1c82af3c4f03c918,590294ad1c82af3c4f03c906,Lakeview 2nd and 5th Ward Pinewood Derby,Alexander,4,2.884068
59028f561c82af3c4f03c8f1,5902971e1c82af3c4f03c92a,590294ad1c82af3c4f03c906,Lakeview 2nd and 5th Ward Pinewood Derby,Alexander,1,2.9120999999999997
59028f561c82af3c4f03c8f1,590298191c82af3c4f03c93d,590294ad1c82af3c4f03c906,Lakeview 2nd and 5th Ward Pinewood Derby,Alexander,2,2.896584
59028f561c82af3c4f03c8f1,590298f31c82af3c4f03c951,590294ad1c82af3c4f03c906,Lakeview 2nd and 5th Ward Pinewood Derby,Alexander,3,2.906084
591259413980e45c1e3c5fa7,59125ef43980e45c1e3c5fbb,59125cc93980e45c1e3c5fa9,Spanish Highlands 2nd Ward,Nash,1,2.7969999999999997
591259413980e45c1e3c5fa7,591260673980e45c1e3c5fdc,59125cc93980e45c1e3c5fa9,Spanish Highlands 2nd Ward,Nash,2,2.786
591259413980e45c1e3c5fa7,591260dd3980e45c1e3c5feb,59125cc93980e45c1e3c5fa9,Spanish Highlands 2nd Ward,Nash,4,2.7825119999999997
591259413980e45c1e3c5fa7,591261613980e45c1e3c5ffb,59125cc93980e45c1e3c5fa9,Spanish Highlands 2nd Ward,Nash,3,2.787432
591259413980e45c1e3c5fa7,59125ef43980e45c1e3c5fbc,59125cd63980e45c1e3c5faa,Spanish Highlands 2nd Ward,Trevor,2,2.802756
591259413980e45c1e3c5fa7,591260283980e45c1e3c5fd8,59125cd63980e45c1e3c5faa,Spanish Highlands 2nd Ward,Trevor,4,2.837388
591259413980e45c1e3c5fa7,591260dd3980e45c1e3c5fed,59125cd63980e45c1e3c5faa,Spanish Highlands 2nd Ward,Trevor,3,2.835276
591259413980e45c1e3c5fa7,591261863980e45c1e3c6002,59125cd63980e45c1e3c5faa,Spanish Highlands 2nd Ward,Trevor,1,2.836392
591259413980e45c1e3c5fa7,59125ef43980e45c1e3c5fbe,59125cf03980e45c1e3c5fab,Spanish Highlands 2nd Ward,Asher,3,3.069884
591259413980e45c1e3c5fa7,59125fd93980e45c1e3c5fd1,59125cf03980e45c1e3c5fab,Spanish Highlands 2nd Ward,Asher,4,3.0692679999999997
591259413980e45c1e3c5fa7,591260a53980e45c1e3c5fe5,59125cf03980e45c1e3c5fab,Spanish Highlands 2nd Ward,Asher,1,3.0728359999999997
591259413980e45c1e3c5fa7,591261183980e45c1e3c5ff5,59125cf03980e45c1e3c5fab,Spanish Highlands 2nd Ward,Asher,2,3.0671839999999997
591259413980e45c1e3c5fa7,59125ef43980e45c1e3c5fbd,59125d153980e45c1e3c5fac,Spanish Highlands 2nd Ward,Asher H,4,2.845776
591259413980e45c1e3c5fa7,591260673980e45c1e3c5fdd,59125d153980e45c1e3c5fac,Spanish Highlands 2nd Ward,Asher H,1,2.853088
591259413980e45c1e3c5fa7,591260c63980e45c1e3c5fe7,59125d153980e45c1e3c5fac,Spanish Highlands 2nd Ward,Asher H,3,2.8458799999999997
591259413980e45c1e3c5fa7,591261613980e45c1e3c5ffc,59125d153980e45c1e3c5fac,Spanish Highlands 2nd Ward,Asher H,2,2.8548039999999997
591259413980e45c1e3c5fa7,59125f183980e45c1e3c5fc0,59125d253980e45c1e3c5fad,Spanish Highlands 2nd Ward,Kole,1,2.792372
591259413980e45c1e3c5fa7,591260673980e45c1e3c5fdb,59125d253980e45c1e3c5fad,Spanish Highlands 2nd Ward,Kole,3,2.775152
591259413980e45c1e3c5fa7,591260fa3980e45c1e3c5fef,59125d253980e45c1e3c5fad,Spanish Highlands 2nd Ward,Kole,4,2.778148
591259413980e45c1e3c5fa7,591261863980e45c1e3c5fff,59125d253980e45c1e3c5fad,Spanish Highlands 2nd Ward,Kole,2,2.78712
591259413980e45c1e3c5fa7,59125f183980e45c1e3c5fc1,59125d3b3980e45c1e3c5fae,Spanish Highlands 2nd Ward,Kalessin,2,2.915708
591259413980e45c1e3c5fa7,59125fd93980e45c1e3c5fcf,59125d3b3980e45c1e3c5fae,Spanish Highlands 2nd Ward,Kalessin,3,2.934176
591259413980e45c1e3c5fa7,591260a53980e45c1e3c5fe3,59125d3b3980e45c1e3c5fae,Spanish Highlands 2nd Ward,Kalessin,4,2.9331799999999997
591259413980e45c1e3c5fa7,5912613b3980e45c1e3c5ff8,59125d3b3980e45c1e3c5fae,Spanish Highlands 2nd Ward,Kalessin,1,2.937748
591259413980e45c1e3c5fa7,59125f193980e45c1e3c5fc2,59125d493980e45c1e3c5faf,Spanish Highlands 2nd Ward,William,3,3.2502519999999997
591259413980e45c1e3c5fa7,59125fa93980e45c1e3c5fcd,59125d493980e45c1e3c5faf,Spanish Highlands 2nd Ward,William,4,3.145024
591259413980e45c1e3c5fa7,591260833980e45c1e3c5fe0,59125d493980e45c1e3c5faf,Spanish Highlands 2nd Ward,William,2,3.1147
591259413980e45c1e3c5fa7,591260fa3980e45c1e3c5ff1,59125d493980e45c1e3c5faf,Spanish Highlands 2nd Ward,William,1,3.205716
591259413980e45c1e3c5fa7,59125f183980e45c1e3c5fbf,59125d593980e45c1e3c5fb0,Spanish Highlands 2nd Ward,Dominic,4,2.779884
591259413980e45c1e3c5fa7,591260833980e45c1e3c5fdf,59125d593980e45c1e3c5fb0,Spanish Highlands 2nd Ward,Dominic,1,2.789608
591259413980e45c1e3c5fa7,591260fa3980e45c1e3c5ff0,59125d593980e45c1e3c5fb0,Spanish Highlands 2nd Ward,Dominic,2,2.7929519999999997
591259413980e45c1e3c5fa7,591261863980e45c1e3c6000,59125d593980e45c1e3c5fb0,Spanish Highlands 2nd Ward,Dominic,3,2.7996
591259413980e45c1e3c5fa7,59125f5c3980e45c1e3c5fc6,59125d673980e45c1e3c5fb1,Spanish Highlands 2nd Ward,Braden,1,3.102692
591259413980e45c1e3c5fa7,59125fa93980e45c1e3c5fcb,59125d673980e45c1e3c5fb1,Spanish Highlands 2nd Ward,Braden,3,3.0631679999999997
591259413980e45c1e3c5fa7,591260a53980e45c1e3c5fe6,59125d673980e45c1e3c5fb1,Spanish Highlands 2nd Ward,Braden,2,3.10154
591259413980e45c1e3c5fa7,5912613b3980e45c1e3c5ffa,59125d673980e45c1e3c5fb1,Spanish Highlands 2nd Ward,Braden,4,3.0901039999999997
591259413980e45c1e3c5fa7,59125f5c3980e45c1e3c5fc5,59125d753980e45c1e3c5fb2,Spanish Highlands 2nd Ward,Nico,2,2.899768
591259413980e45c1e3c5fa7,5912600d3980e45c1e3c5fd3,59125d753980e45c1e3c5fb2,Spanish Highlands 2nd Ward,Nico,3,2.8959799999999998
591259413980e45c1e3c5fa7,591260c63980e45c1e3c5fe9,59125d753980e45c1e3c5fb2,Spanish Highlands 2nd Ward,Nico,4,2.913808
591259413980e45c1e3c5fa7,591261613980e45c1e3c5ffd,59125d753980e45c1e3c5fb2,Spanish Highlands 2nd Ward,Nico,1,2.8927519999999998
591259413980e45c1e3c5fa7,59125f5c3980e45c1e3c5fc3,59125d863980e45c1e3c5fb3,Spanish Highlands 2nd Ward,Jacob,3,2.8802079999999997
591259413980e45c1e3c5fa7,591260283980e45c1e3c5fd9,59125d863980e45c1e3c5fb3,Spanish Highlands 2nd Ward,Jacob,2,2.880012
591259413980e45c1e3c5fa7,591260dd3980e45c1e3c5fee,59125d863980e45c1e3c5fb3,Spanish Highlands 2nd Ward,Jacob,1,2.8860959999999998
591259413980e45c1e3c5fa7,591261613980e45c1e3c5ffe,59125d863980e45c1e3c5fb3,Spanish Highlands 2nd Ward,Jacob,4,2.899248
591259413980e45c1e3c5fa7,59125f5c3980e45c1e3c5fc4,59125d9c3980e45c1e3c5fb4,Spanish Highlands 2nd Ward,Cache,4,2.885652
591259413980e45c1e3c5fa7,591260283980e45c1e3c5fda,59125d9c3980e45c1e3c5fb4,Spanish Highlands 2nd Ward,Cache,1,2.884152
591259413980e45c1e3c5fa7,591260c63980e45c1e3c5fe8,59125d9c3980e45c1e3c5fb4,Spanish Highlands 2nd Ward,Cache,2,2.873072
591259413980e45c1e3c5fa7,5912613b3980e45c1e3c5ff7,59125d9c3980e45c1e3c5fb4,Spanish Highlands 2nd Ward,Cache,3,2.858152
591259413980e45c1e3c5fa7,59125f833980e45c1e3c5fc7,59125dcb3980e45c1e3c5fb5,Spanish Highlands 2nd Ward,George,1,2.863952
591259413980e45c1e3c5fa7,591260283980e45c1e3c5fd7,59125dcb3980e45c1e3c5fb5,Spanish Highlands 2nd Ward,George,3,2.82258
591259413980e45c1e3c5fa7,591260dd3980e45c1e3c5fec,59125dcb3980e45c1e3c5fb5,Spanish Highlands 2nd Ward,George,2,2.827508
591259413980e45c1e3c5fa7,591261863980e45c1e3c6001,59125dcb3980e45c1e3c5fb5,Spanish Highlands 2nd Ward,George,4,2.8313479999999998
591259413980e45c1e3c5fa7,59125f833980e45c1e3c5fca,59125dd73980e45c1e3c5fb6,Spanish Highlands 2nd Ward,David,2,3.188548
591259413980e45c1e3c5fa7,59125fda3980e45c1e3c5fd2,59125dd73980e45c1e3c5fb6,Spanish Highlands 2nd Ward,David,1,3.246168
591259413980e45c1e3c5fa7,591260673980e45c1e3c5fde,59125dd73980e45c1e3c5fb6,Spanish Highlands 2nd Ward,David,4,3.246912
591259413980e45c1e3c5fa7,591260fb3980e45c1e3c5ff2,59125dd73980e45c1e3c5fb6,Spanish Highlands 2nd Ward,David,3,3.455936
591259413980e45c1e3c5fa7,59125f833980e45c1e3c5fc8,59125de83980e45c1e3c5fb7,Spanish Highlands 2nd Ward,James,3,2.9626799999999998
591259413980e45c1e3c5fa7,5912600d3980e45c1e3c5fd4,59125de83980e45c1e3c5fb7,Spanish Highlands 2nd Ward,James,4,2.9813319999999996
591259413980e45c1e3c5fa7,591260c63980e45c1e3c5fea,59125de83980e45c1e3c5fb7,Spanish Highlands 2nd Ward,James,1,2.98862
591259413980e45c1e3c5fa7,5912613b3980e45c1e3c5ff9,59125de83980e45c1e3c5fb7,Spanish Highlands 2nd Ward,James,2,3.010268
591259413980e45c1e3c5fa7,59125f833980e45c1e3c5fc9,59125dfb3980e45c1e3c5fb8,Spanish Highlands 2nd Ward,Hudson,4,3.078464
591259413980e45c1e3c5fa7,59125fd93980e45c1e3c5fd0,59125dfb3980e45c1e3c5fb8,Spanish Highlands 2nd Ward,Hudson,2,3.0581679999999998
591259413980e45c1e3c5fa7,591260a53980e45c1e3c5fe4,59125dfb3980e45c1e3c5fb8,Spanish Highlands 2nd Ward,Hudson,3,3.06708
591259413980e45c1e3c5fa7,591261183980e45c1e3c5ff4,59125dfb3980e45c1e3c5fb8,Spanish Highlands 2nd Ward,Hudson,1,3.0654399999999997
591259413980e45c1e3c5fa7,59125fa93980e45c1e3c5fcc,59125e0c3980e45c1e3c5fb9,Spanish Highlands 2nd Ward,Cole,1,3.1072159999999998
591259413980e45c1e3c5fa7,5912600e3980e45c1e3c5fd5,59125e0c3980e45c1e3c5fb9,Spanish Highlands 2nd Ward,Cole,2,3.0854679999999997
591259413980e45c1e3c5fa7,591260843980e45c1e3c5fe1,59125e0c3980e45c1e3c5fb9,Spanish Highlands 2nd Ward,Cole,4,3.1157999999999997
591259413980e45c1e3c5fa7,591261183980e45c1e3c5ff3,59125e0c3980e45c1e3c5fb9,Spanish Highlands 2nd Ward,Cole,3,3.045352
591259413980e45c1e3c5fa7,59125faa3980e45c1e3c5fce,59125e2a3980e45c1e3c5fba,Spanish Highlands 2nd Ward,Gavin,2,3.308732
591259413980e45c1e3c5fa7,5912600e3980e45c1e3c5fd6,59125e2a3980e45c1e3c5fba,Spanish Highlands 2nd Ward,Gavin,1,3.2581439999999997
591259413980e45c1e3c5fa7,591260843980e45c1e3c5fe2,59125e2a3980e45c1e3c5fba,Spanish Highlands 2nd Ward,Gavin,3,3.32884
591259413980e45c1e3c5fa7,591261183980e45c1e3c5ff6,59125e2a3980e45c1e3c5fba,Spanish Highlands 2nd Ward,Gavin,4,3.3265279999999997
591b9258e30ef2e8491b4472,591b9983d906673409055962,591b95c7e30ef2e8491b4476,Legacy Farms Boys,Tyler J,1,3.155976
591b9258e30ef2e8491b4472,591b9b77d906673409055983,591b95c7e30ef2e8491b4476,Legacy Farms Boys,Tyler J,3,3.0973599999999997
591b9258e30ef2e8491b4472,591b9c3ed906673409055995,591b95c7e30ef2e8491b4476,Legacy Farms Boys,Tyler J,4,3.1162199999999998
591b9258e30ef2e8491b4472,591b9dbcd9066734090559b7,591b95c7e30ef2e8491b4476,Legacy Farms Boys,Tyler J,2,3.258
591b9258e30ef2e8491b4472,591b9983d906673409055963,591b95d7e30ef2e8491b4477,Legacy Farms Boys,Hunter,2,3.7125399999999997
591b9258e30ef2e8491b4472,591b9b06d90667340905597b,591b95d7e30ef2e8491b4477,Legacy Farms Boys,Hunter,3,3.506548
591b9258e30ef2e8491b4472,591b9c11d906673409055993,591b95d7e30ef2e8491b4477,Legacy Farms Boys,Hunter,4,3.503752
591b9258e30ef2e8491b4472,591b9983d906673409055960,591b95fbe30ef2e8491b4478,Legacy Farms Boys,Aeden,3,2.909504
591b9258e30ef2e8491b4472,591b9bbcd906673409055988,591b95fbe30ef2e8491b4478,Legacy Farms Boys,Aeden,4,2.8407679999999997
591b9258e30ef2e8491b4472,591b9d00d9066734090559aa,591b95fbe30ef2e8491b4478,Legacy Farms Boys,Aeden,1,2.89316
591b9258e30ef2e8491b4472,591b9e36d9066734090559c1,591b95fbe30ef2e8491b4478,Legacy Farms Boys,Aeden,2,2.803384
591b9258e30ef2e8491b4472,591b9983d906673409055961,591b9602e30ef2e8491b4479,Legacy Farms Boys,Bear,4,2.990996
591b9258e30ef2e8491b4472,591b9b9dd906673409055985,591b9602e30ef2e8491b4479,Legacy Farms Boys,Bear,2,2.99834
591b9258e30ef2e8491b4472,591b9c8ed90667340905599c,591b9602e30ef2e8491b4479,Legacy Farms Boys,Bear,3,2.96652
591b9258e30ef2e8491b4472,591b9dbcd9066734090559b6,591b9602e30ef2e8491b4479,Legacy Farms Boys,Bear,1,3.015692
591b9258e30ef2e8491b4472,591b99abd906673409055965,591b9612e30ef2e8491b447a,Legacy Farms Boys,Andrew,1,2.861836
591b9258e30ef2e8491b4472,591b9becd90667340905598e,591b9612e30ef2e8491b447a,Legacy Farms Boys,Andrew,3,2.8605799999999997
591b9258e30ef2e8491b4472,591b9cd9d9066734090559a6,591b9612e30ef2e8491b447a,Legacy Farms Boys,Andrew,2,2.867368
591b9258e30ef2e8491b4472,591b9e06d9066734090559be,591b9612e30ef2e8491b447a,Legacy Farms Boys,Andrew,4,2.8747119999999997
591b9258e30ef2e8491b4472,591b99abd906673409055966,591b9624e30ef2e8491b447b,Legacy Farms Boys,Cristian,2,3.096688
591b9258e30ef2e8491b4472,591b9b77d906673409055982,591b9624e30ef2e8491b447b,Legacy Farms Boys,Cristian,1,3.0686519999999997
591b9258e30ef2e8491b4472,591b9c3ed906673409055994,591b9624e30ef2e8491b447b,Legacy Farms Boys,Cristian,3,3.0757559999999997
591b9258e30ef2e8491b4472,591b9d78d9066734090559ad,591b9624e30ef2e8491b447b,Legacy Farms Boys,Cristian,4,3.04674
591b9258e30ef2e8491b4472,591b99abd906673409055967,591b9786d906673409055940,Legacy Farms Boys,Evan,3,3.44048
591b9258e30ef2e8491b4472,591b9b06d90667340905597a,591b9786d906673409055940,Legacy Farms Boys,Evan,4,3.4010879999999997
591b9258e30ef2e8491b4472,591b9c3ed906673409055996,591b9786d906673409055940,Legacy Farms Boys,Evan,1,3.3979239999999997
591b9258e30ef2e8491b4472,591b9d78d9066734090559ac,591b9786d906673409055940,Legacy Farms Boys,Evan,2,3.000232
591b9258e30ef2e8491b4472,591b99abd906673409055964,591b9798d906673409055941,Legacy Farms Boys,Lucas,4,2.84476
591b9258e30ef2e8491b4472,591b9becd90667340905598c,591b9798d906673409055941,Legacy Farms Boys,Lucas,1,2.825628
591b9258e30ef2e8491b4472,591b9d00d9066734090559a8,591b9798d906673409055941,Legacy Farms Boys,Lucas,2,2.81526
591b9258e30ef2e8491b4472,591b9e36d9066734090559c0,591b9798d906673409055941,Legacy Farms Boys,Lucas,3,2.789768
591b9258e30ef2e8491b4472,591b99eed906673409055969,591b97acd906673409055942,Legacy Farms Boys,Parker,1,2.871364
591b9258e30ef2e8491b4472,591b9becd90667340905598f,591b97acd906673409055942,Legacy Farms Boys,Parker,2,2.872824
591b9258e30ef2e8491b4472,591b9cbcd9066734090559a0,591b97acd906673409055942,Legacy Farms Boys,Parker,4,2.850176
591b9258e30ef2e8491b4472,591b9de4d9066734090559b8,591b97acd906673409055942,Legacy Farms Boys,Parker,3,2.839152
591b9258e30ef2e8491b4472,591b99edd906673409055968,591b97b7d906673409055943,Legacy Farms Boys,Dallin,2,2.826816
591b9258e30ef2e8491b4472,591b9c11d906673409055992,591b97b7d906673409055943,Legacy Farms Boys,Dallin,1,2.905532
591b9258e30ef2e8491b4472,591b9d00d9066734090559a9,591b97b7d906673409055943,Legacy Farms Boys,Dallin,3,2.892604
591b9258e30ef2e8491b4472,591b9e36d9066734090559c2,591b97b7d906673409055943,Legacy Farms Boys,Dallin,4,2.8162279999999997
591b9258e30ef2e8491b4472,591b99eed90667340905596a,591b97c9d906673409055944,Legacy Farms Boys,Monroe,3,3.353996
591b9258e30ef2e8491b4472,591b9b4ad90667340905597d,591b97c9d906673409055944,Legacy Farms Boys,Monroe,2,2.995344
591b9258e30ef2e8491b4472,591b9c8ed90667340905599d,591b97c9d906673409055944,Legacy Farms Boys,Monroe,1,2.997808
591b9258e30ef2e8491b4472,591b9dbcd9066734090559b5,591b97c9d906673409055944,Legacy Farms Boys,Monroe,4,2.96106
591b9258e30ef2e8491b4472,591b99eed90667340905596b,591b97ead906673409055946,Legacy Farms Boys,Hunter C,4,3.604904
591b9258e30ef2e8491b4472,591b9b4ad90667340905597f,591b97ead906673409055946,Legacy Farms Boys,Hunter C,1,3.499584
591b9258e30ef2e8491b4472,591b9c3ed906673409055997,591b97ead906673409055946,Legacy Farms Boys,Hunter C,2,3.6452
591b9258e30ef2e8491b4472,591b9d79d9066734090559af,591b97ead906673409055946,Legacy Farms Boys,Hunter C,3,3.68722
591b9258e30ef2e8491b4472,591b9a12d90667340905596c,591b97f6d906673409055947,Legacy Farms Boys,Cougar,1,2.842268
591b9258e30ef2e8491b4472,591b9c11d906673409055990,591b97f6d906673409055947,Legacy Farms Boys,Cougar,2,2.828116
591b9258e30ef2e8491b4472,591b9cd9d9066734090559a4,591b97f6d906673409055947,Legacy Farms Boys,Cougar,4,2.8165959999999997
591b9258e30ef2e8491b4472,591b9e05d9066734090559bc,591b97f6d906673409055947,Legacy Farms Boys,Cougar,3,2.807808
591b9258e30ef2e8491b4472,591b9a12d90667340905596e,591b9809d906673409055949,Legacy Farms Boys,Parker M,2,2.915896
591b9258e30ef2e8491b4472,591b9bbcd90667340905598a,591b9809d906673409055949,Legacy Farms Boys,Parker M,1,2.8750959999999997
591b9258e30ef2e8491b4472,591b9cbcd9066734090559a1,591b9809d906673409055949,Legacy Farms Boys,Parker M,3,2.882036
591b9258e30ef2e8491b4472,591b9de4d9066734090559ba,591b9809d906673409055949,Legacy Farms Boys,Parker M,4,2.877808
591b9258e30ef2e8491b4472,591b9a12d90667340905596f,591b9820d90667340905594c,Legacy Farms Boys,Keegan,3,3.255416
591b9258e30ef2e8491b4472,591b9b4ad90667340905597c,591b9820d90667340905594c,Legacy Farms Boys,Keegan,4,2.88794
591b9258e30ef2e8491b4472,591b9cbcd9066734090559a2,591b9820d90667340905594c,Legacy Farms Boys,Keegan,2,2.9051
591b9258e30ef2e8491b4472,591b9e06d9066734090559bf,591b9820d90667340905594c,Legacy Farms Boys,Keegan,1,2.9339679999999997
591b9258e30ef2e8491b4472,591b9a12d90667340905596d,591b982cd90667340905594d,Legacy Farms Boys,Beckett,4,2.873484
591b9258e30ef2e8491b4472,591b9bbcd906673409055989,591b982cd90667340905594d,Legacy Farms Boys,Beckett,3,2.861868
591b9258e30ef2e8491b4472,591b9cd9d9066734090559a7,591b982cd90667340905594d,Legacy Farms Boys,Beckett,1,2.883956
591b9258e30ef2e8491b4472,591b9de4d9066734090559b9,591b982cd90667340905594d,Legacy Farms Boys,Beckett,2,2.876908
591b9258e30ef2e8491b4472,591b9a3cd906673409055972,591b983dd90667340905594e,Legacy Farms Boys,Collin,1,3.2544399999999998
591b9258e30ef2e8491b4472,591b9b77d906673409055980,591b983dd90667340905594e,Legacy Farms Boys,Collin,2,3.0123159999999998
591b9258e30ef2e8491b4472,591b9c67d906673409055998,591b983dd90667340905594e,Legacy Farms Boys,Collin,4,2.8581399999999997
591b9258e30ef2e8491b4472,591b9dbbd9066734090559b4,591b983dd90667340905594e,Legacy Farms Boys,Collin,3,2.84264
591b9258e30ef2e8491b4472,591b9a3dd906673409055973,591b984ad90667340905594f,Legacy Farms Boys,Noah,2,4.194128
591b9258e30ef2e8491b4472,591b9a3bd906673409055971,591b9862d906673409055950,Legacy Farms Boys,Conner,3,3.0379799999999997
591b9258e30ef2e8491b4472,591b9b9dd906673409055986,591b9862d906673409055950,Legacy Farms Boys,Conner,1,3.0083919999999997
591b9258e30ef2e8491b4472,591b9c67d906673409055999,591b9862d906673409055950,Legacy Farms Boys,Conner,2,3.021696
591b9258e30ef2e8491b4472,591b9d9ad9066734090559b2,591b9862d906673409055950,Legacy Farms Boys,Conner,4,3.0202519999999997
591b9258e30ef2e8491b4472,591b9a3bd906673409055970,591b9873d906673409055951,Legacy Farms Boys,Landon,4,2.91094
591b9258e30ef2e8491b4472,591b9bbcd90667340905598b,591b9873d906673409055951,Legacy Farms Boys,Landon,2,2.936552
591b9258e30ef2e8491b4472,591b9cbcd9066734090559a3,591b9873d906673409055951,Legacy Farms Boys,Landon,1,2.931396
591b9258e30ef2e8491b4472,591b9d9ad9066734090559b0,591b9873d906673409055951,Legacy Farms Boys,Landon,3,2.912928
591b9258e30ef2e8491b4472,591b9a62d906673409055974,591b987ed906673409055952,Legacy Farms Boys,Ryan,1,2.8547919999999998
591b9258e30ef2e8491b4472,591b9becd90667340905598d,591b987ed906673409055952,Legacy Farms Boys,Ryan,4,2.8470999999999997
591b9258e30ef2e8491b4472,591b9cd9d9066734090559a5,591b987ed906673409055952,Legacy Farms Boys,Ryan,3,2.857304
591b9258e30ef2e8491b4472,591b9e05d9066734090559bd,591b987ed906673409055952,Legacy Farms Boys,Ryan,2,2.852044
591b9258e30ef2e8491b4472,591b9a62d906673409055976,591b988ad906673409055953,Legacy Farms Boys,Vitor,2,3.0463999999999998
591b9258e30ef2e8491b4472,591b9b77d906673409055981,591b988ad906673409055953,Legacy Farms Boys,Vitor,4,3.0408999999999997
591b9258e30ef2e8491b4472,591b9c68d90667340905599a,591b988ad906673409055953,Legacy Farms Boys,Vitor,3,3.0937479999999997
591b9258e30ef2e8491b4472,591b9d78d9066734090559ae,591b988ad906673409055953,Legacy Farms Boys,Vitor,1,3.0839879999999997
591b9258e30ef2e8491b4472,591b9a62d906673409055975,591b989bd906673409055954,Legacy Farms Boys,Paul,3,2.930948
591b9258e30ef2e8491b4472,591b9b9dd906673409055987,591b989bd906673409055954,Legacy Farms Boys,Paul,4,3.021096
591b9258e30ef2e8491b4472,591b9c8ed90667340905599f,591b989bd906673409055954,Legacy Farms Boys,Paul,2,3.005248
591b9258e30ef2e8491b4472,591b9de4d9066734090559bb,591b989bd906673409055954,Legacy Farms Boys,Paul,1,2.970976
591b9258e30ef2e8491b4472,591b9a62d906673409055977,591b98aed906673409055956,Legacy Farms Boys,Joshua,4,3.2681839999999998
591b9258e30ef2e8491b4472,591b9b4ad90667340905597e,591b98aed906673409055956,Legacy Farms Boys,Joshua,3,3.20248
591b9258e30ef2e8491b4472,591b9c68d90667340905599b,591b98aed906673409055956,Legacy Farms Boys,Joshua,1,3.216856
591b9258e30ef2e8491b4472,591b9d9ad9066734090559b3,591b98aed906673409055956,Legacy Farms Boys,Joshua,2,3.2342999999999997
591b9258e30ef2e8491b4472,591b9b05d906673409055978,591b98c7d90667340905595b,Legacy Farms Boys,Gage,1,2.82326
591b9258e30ef2e8491b4472,591b9c11d906673409055991,591b98c7d90667340905595b,Legacy Farms Boys,Gage,3,2.8534919999999997
591b9258e30ef2e8491b4472,591b9d00d9066734090559ab,591b98c7d90667340905595b,Legacy Farms Boys,Gage,4,2.911092
591b9258e30ef2e8491b4472,591b9e55d9066734090559c3,591b98c7d90667340905595b,Legacy Farms Boys,Gage,2,2.892176
591b9258e30ef2e8491b4472,591b9b05d906673409055979,591b98dad90667340905595c,Legacy Farms Boys,Kyson,2,3.011136
591b9258e30ef2e8491b4472,591b9b9dd906673409055984,591b98dad90667340905595c,Legacy Farms Boys,Kyson,3,2.9769959999999998
591b9258e30ef2e8491b4472,591b9c8ed90667340905599e,591b98dad90667340905595c,Legacy Farms Boys,Kyson,4,3.004556
591b9258e30ef2e8491b4472,591b9d9ad9066734090559b1,591b98dad90667340905595c,Legacy Farms Boys,Kyson,1,2.9780919999999997
591b9267e30ef2e8491b4474,591ba11cd9066734090559d2,591b9fd0d9066734090559c4,Legacy Farms Girls,Amelia,1,2.847988
591b9267e30ef2e8491b4474,591ba1e1d9066734090559e6,591b9fd0d9066734090559c4,Legacy Farms Girls,Amelia,4,2.852992
591b9267e30ef2e8491b4474,591ba251d9066734090559f3,591b9fd0d9066734090559c4,Legacy Farms Girls,Amelia,2,2.8687039999999997
591b9267e30ef2e8491b4474,591ba2c9d9066734090559ff,591b9fd0d9066734090559c4,Legacy Farms Girls,Amelia,3,2.87152
591b9267e30ef2e8491b4474,591ba11cd9066734090559d3,591b9fdfd9066734090559c5,Legacy Farms Girls,Rylee,2,2.8638839999999997
591b9267e30ef2e8491b4474,591ba188d9066734090559dd,591b9fdfd9066734090559c5,Legacy Farms Girls,Rylee,4,2.850368
591b9267e30ef2e8491b4474,591ba251d9066734090559f2,591b9fdfd9066734090559c5,Legacy Farms Girls,Rylee,3,2.8422799999999997
591b9267e30ef2e8491b4474,591ba2c9d9066734090559fd,591b9fdfd9066734090559c5,Legacy Farms Girls,Rylee,1,2.845008
591b9267e30ef2e8491b4474,591ba11cd9066734090559d1,591b9ff4d9066734090559c6,Legacy Farms Girls,Adelaide,3,2.82922
591b9267e30ef2e8491b4474,591ba20ed9066734090559e9,591b9ff4d9066734090559c6,Legacy Farms Girls,Adelaide,1,2.840664
591b9267e30ef2e8491b4474,591ba275d9066734090559f7,591b9ff4d9066734090559c6,Legacy Farms Girls,Adelaide,4,2.837844
591b9267e30ef2e8491b4474,591ba2e8d906673409055a03,591b9ff4d9066734090559c6,Legacy Farms Girls,Adelaide,2,2.8478559999999997
591b9267e30ef2e8491b4474,591ba11cd9066734090559d4,591b9ffdd9066734090559c7,Legacy Farms Girls,Lyla,4,2.906272
591b9267e30ef2e8491b4474,591ba1bcd9066734090559e3,591b9ffdd9066734090559c7,Legacy Farms Girls,Lyla,2,2.9214599999999997
591b9267e30ef2e8491b4474,591ba251d9066734090559f4,591b9ffdd9066734090559c7,Legacy Farms Girls,Lyla,1,2.9377679999999997
591b9267e30ef2e8491b4474,591ba2a9d9066734090559fa,591b9ffdd9066734090559c7,Legacy Farms Girls,Lyla,3,2.9539999999999997
591b9267e30ef2e8491b4474,591ba13fd9066734090559d5,591ba012d9066734090559c8,Legacy Farms Girls,Emily,1,2.783356
591b9267e30ef2e8491b4474,591ba20ed9066734090559ea,591ba012d9066734090559c8,Legacy Farms Girls,Emily,2,2.7772479999999997
591b9267e30ef2e8491b4474,591ba275d9066734090559f5,591ba012d9066734090559c8,Legacy Farms Girls,Emily,3,2.766548
591b9267e30ef2e8491b4474,591ba2e8d906673409055a01,591ba012d9066734090559c8,Legacy Farms Girls,Emily,4,2.7711479999999997
591b9267e30ef2e8491b4474,591ba13fd9066734090559d6,591ba028d9066734090559c9,Legacy Farms Girls,Noelle,2,2.850628
591b9267e30ef2e8491b4474,591ba1e1d9066734090559e5,591ba028d9066734090559c9,Legacy Farms Girls,Noelle,3,2.841768
591b9267e30ef2e8491b4474,591ba251d9066734090559f1,591ba028d9066734090559c9,Legacy Farms Girls,Noelle,4,2.8371519999999997
591b9267e30ef2e8491b4474,591ba2e8d906673409055a04,591ba028d9066734090559c9,Legacy Farms Girls,Noelle,1,2.851188
591b9267e30ef2e8491b4474,591ba13fd9066734090559d8,591ba036d9066734090559ca,Legacy Farms Girls,Paige,3,3.01552
591b9267e30ef2e8491b4474,591ba188d9066734090559df,591ba036d9066734090559ca,Legacy Farms Girls,Paige,2,2.981124
591b9267e30ef2e8491b4474,591ba20ed9066734090559ec,591ba036d9066734090559ca,Legacy Farms Girls,Paige,4,2.939768
591b9267e30ef2e8491b4474,591ba275d9066734090559f8,591ba036d9066734090559ca,Legacy Farms Girls,Paige,1,2.9492559999999997
591b9267e30ef2e8491b4474,591ba13fd9066734090559d7,591ba04ed9066734090559cb,Legacy Farms Girls,McClain,4,2.974032
591b9267e30ef2e8491b4474,591ba188d9066734090559de,591ba04ed9066734090559cb,Legacy Farms Girls,McClain,3,2.978696
591b9267e30ef2e8491b4474,591ba235d9066734090559f0,591ba04ed9066734090559cb,Legacy Farms Girls,McClain,1,2.9934
591b9267e30ef2e8491b4474,591ba2a9d9066734090559fb,591ba04ed9066734090559cb,Legacy Farms Girls,McClain,2,2.9891159999999997
591b9267e30ef2e8491b4474,591ba15ed9066734090559da,591ba065d9066734090559cc,Legacy Farms Girls,Shelby,1,2.861008
591b9267e30ef2e8491b4474,591ba1bcd9066734090559e1,591ba065d9066734090559cc,Legacy Farms Girls,Shelby,4,2.836348
591b9267e30ef2e8491b4474,591ba275d9066734090559f6,591ba065d9066734090559cc,Legacy Farms Girls,Shelby,2,2.8311439999999997
591b9267e30ef2e8491b4474,591ba2e8d906673409055a02,591ba065d9066734090559cc,Legacy Farms Girls,Shelby,3,2.83418
591b9267e30ef2e8491b4474,591ba15ed9066734090559dc,591ba07ad9066734090559cd,Legacy Farms Girls,Ava,2,2.9676839999999998
591b9267e30ef2e8491b4474,591ba1bcd9066734090559e4,591ba07ad9066734090559cd,Legacy Farms Girls,Ava,1,3.02378
591b9267e30ef2e8491b4474,591ba235d9066734090559ef,591ba07ad9066734090559cd,Legacy Farms Girls,Ava,3,2.9331519999999998
591b9267e30ef2e8491b4474,591ba2c9d906673409055a00,591ba07ad9066734090559cd,Legacy Farms Girls,Ava,4,2.9627559999999997
591b9267e30ef2e8491b4474,591ba15ed9066734090559d9,591ba08ed9066734090559ce,Legacy Farms Girls,Jayda,3,2.852172
591b9267e30ef2e8491b4474,591ba1e1d9066734090559e7,591ba08ed9066734090559ce,Legacy Farms Girls,Jayda,1,2.8551119999999997
591b9267e30ef2e8491b4474,591ba235d9066734090559ed,591ba08ed9066734090559ce,Legacy Farms Girls,Jayda,4,2.8455719999999998
591b9267e30ef2e8491b4474,591ba2c9d9066734090559fe,591ba08ed9066734090559ce,Legacy Farms Girls,Jayda,2,2.85284
591b9267e30ef2e8491b4474,591ba15ed9066734090559db,591ba09cd9066734090559cf,Legacy Farms Girls,Tyli,4,2.8653519999999997
591b9267e30ef2e8491b4474,591ba1bcd9066734090559e2,591ba09cd9066734090559cf,Legacy Farms Girls,Tyli,3,2.8656159999999997
591b9267e30ef2e8491b4474,591ba235d9066734090559ee,591ba09cd9066734090559cf,Legacy Farms Girls,Tyli,2,2.87874
591b9267e30ef2e8491b4474,591ba2a9d9066734090559f9,591ba09cd9066734090559cf,Legacy Farms Girls,Tyli,1,2.8333559999999998
591b9267e30ef2e8491b4474,591ba188d9066734090559e0,591ba0acd9066734090559d0,Legacy Farms Girls,Brettlyn,1,3.1146599999999998
591b9267e30ef2e8491b4474,591ba1e1d9066734090559e8,591ba0acd9066734090559d0,Legacy Farms Girls,Brettlyn,2,3.116412
591b9267e30ef2e8491b4474,591ba20ed9066734090559eb,591ba0acd9066734090559d0,Legacy Farms Girls,Brettlyn,3,3.135808
591b9267e30ef2e8491b4474,591ba2a9d9066734090559fc,591ba0acd9066734090559d0,Legacy Farms Girls,Brettlyn,4,3.09706
59261cfcfcec8ff033822ad5,5926256efcec8ff033822aea,59262319fcec8ff033822ad7,Maple Highlands Kentucky Derby,Carson,1,2.9603479999999998
59261cfcfcec8ff033822ad5,59262632fcec8ff033822af7,59262319fcec8ff033822ad7,Maple Highlands Kentucky Derby,Carson,3,2.954056
59261cfcfcec8ff033822ad5,5926271efcec8ff033822b09,59262319fcec8ff033822ad7,Maple Highlands Kentucky Derby,Carson,4,2.933392
59261cfcfcec8ff033822ad5,59262896fcec8ff033822b22,59262319fcec8ff033822ad7,Maple Highlands Kentucky Derby,Carson,2,2.90048
59261cfcfcec8ff033822ad5,5926256efcec8ff033822ae8,5926232cfcec8ff033822ad8,Maple Highlands Kentucky Derby,TDM,2,2.832532
59261cfcfcec8ff033822ad5,59262682fcec8ff033822afb,5926232cfcec8ff033822ad8,Maple Highlands Kentucky Derby,TDM,4,2.827056
59261cfcfcec8ff033822ad5,59262758fcec8ff033822b0b,5926232cfcec8ff033822ad8,Maple Highlands Kentucky Derby,TDM,3,2.822616
59261cfcfcec8ff033822ad5,59262896fcec8ff033822b21,5926232cfcec8ff033822ad8,Maple Highlands Kentucky Derby,TDM,1,2.8279479999999997
59261cfcfcec8ff033822ad5,5926256efcec8ff033822ae9,59262340fcec8ff033822ad9,Maple Highlands Kentucky Derby,Kyle,3,2.953904
59261cfcfcec8ff033822ad5,59262632fcec8ff033822af9,59262340fcec8ff033822ad9,Maple Highlands Kentucky Derby,Kyle,4,2.97138
59261cfcfcec8ff033822ad5,59262758fcec8ff033822b0d,59262340fcec8ff033822ad9,Maple Highlands Kentucky Derby,Kyle,1,2.942768
59261cfcfcec8ff033822ad5,59262847fcec8ff033822b1e,59262340fcec8ff033822ad9,Maple Highlands Kentucky Derby,Kyle,2,2.880912
59261cfcfcec8ff033822ad5,5926256efcec8ff033822ae7,59262355fcec8ff033822ada,Maple Highlands Kentucky Derby,The Cougar,4,2.772224
59261cfcfcec8ff033822ad5,5926271efcec8ff033822b07,59262355fcec8ff033822ada,Maple Highlands Kentucky Derby,The Cougar,1,2.784504
59261cfcfcec8ff033822ad5,592627fcfcec8ff033822b17,59262355fcec8ff033822ada,Maple Highlands Kentucky Derby,The Cougar,2,2.7790559999999997
59261cfcfcec8ff033822ad5,592628dbfcec8ff033822b23,59262355fcec8ff033822ada,Maple Highlands Kentucky Derby,The Cougar,3,2.777024
59261cfcfcec8ff033822ad5,592625a1fcec8ff033822aec,59262374fcec8ff033822adb,Maple Highlands Kentucky Derby,Speedo,1,2.815804
59261cfcfcec8ff033822ad5,592626bcfcec8ff033822b01,59262374fcec8ff033822adb,Maple Highlands Kentucky Derby,Speedo,3,2.82824
59261cfcfcec8ff033822ad5,59262789fcec8ff033822b10,59262374fcec8ff033822adb,Maple Highlands Kentucky Derby,Speedo,4,2.8125199999999997
59261cfcfcec8ff033822ad5,592628dbfcec8ff033822b26,59262374fcec8ff033822adb,Maple Highlands Kentucky Derby,Speedo,2,2.796864
59261cfcfcec8ff033822ad5,592625a1fcec8ff033822aeb,59262387fcec8ff033822adc,Maple Highlands Kentucky Derby,Black Attack,2,2.782444
59261cfcfcec8ff033822ad5,592626effcec8ff033822b04,59262387fcec8ff033822adc,Maple Highlands Kentucky Derby,Black Attack,3,2.800404
59261cfcfcec8ff033822ad5,592627c4fcec8ff033822b14,59262387fcec8ff033822adc,Maple Highlands Kentucky Derby,Black Attack,1,2.78816
59261cfcfcec8ff033822ad5,592628dbfcec8ff033822b24,59262387fcec8ff033822adc,Maple Highlands Kentucky Derby,Black Attack,4,2.7775719999999997
59261cfcfcec8ff033822ad5,592625a1fcec8ff033822aed,59262399fcec8ff033822add,Maple Highlands Kentucky Derby,Black Widow,3,2.8854279999999997
59261cfcfcec8ff033822ad5,59262682fcec8ff033822afd,59262399fcec8ff033822add,Maple Highlands Kentucky Derby,Black Widow,1,2.879076
59261cfcfcec8ff033822ad5,59262758fcec8ff033822b0e,59262399fcec8ff033822add,Maple Highlands Kentucky Derby,Black Widow,2,2.949656
59261cfcfcec8ff033822ad5,592627fcfcec8ff033822b18,59262399fcec8ff033822add,Maple Highlands Kentucky Derby,Black Widow,4,2.9531479999999997
59261cfcfcec8ff033822ad5,592625a2fcec8ff033822aee,592623adfcec8ff033822ade,Maple Highlands Kentucky Derby,Tom,4,3.145612
59261cfcfcec8ff033822ad5,59262632fcec8ff033822afa,592623adfcec8ff033822ade,Maple Highlands Kentucky Derby,Tom,1,3.275156
59261cfcfcec8ff033822ad5,5926271efcec8ff033822b0a,592623adfcec8ff033822ade,Maple Highlands Kentucky Derby,Tom,2,2.99146
59261cfcfcec8ff033822ad5,592627fcfcec8ff033822b1a,592623adfcec8ff033822ade,Maple Highlands Kentucky Derby,Tom,3,3.0180879999999997
59261cfcfcec8ff033822ad5,592625d5fcec8ff033822aef,592623d6fcec8ff033822adf,Maple Highlands Kentucky Derby,Mr Creep,1,2.817408
59261cfcfcec8ff033822ad5,592626bcfcec8ff033822b00,592623d6fcec8ff033822adf,Maple Highlands Kentucky Derby,Mr Creep,2,2.805948
59261cfcfcec8ff033822ad5,59262789fcec8ff033822b0f,592623d6fcec8ff033822adf,Maple Highlands Kentucky Derby,Mr Creep,3,2.802424
59261cfcfcec8ff033822ad5,59262847fcec8ff033822b1b,592623d6fcec8ff033822adf,Maple Highlands Kentucky Derby,Mr Creep,4,2.8167199999999997
59261cfcfcec8ff033822ad5,592625d5fcec8ff033822af1,59262400fcec8ff033822ae0,Maple Highlands Kentucky Derby,THE  SHARK,2,2.8335
59261cfcfcec8ff033822ad5,59262682fcec8ff033822afc,59262400fcec8ff033822ae0,Maple Highlands Kentucky Derby,THE  SHARK,3,2.8399799999999997
59261cfcfcec8ff033822ad5,59262758fcec8ff033822b0c,59262400fcec8ff033822ae0,Maple Highlands Kentucky Derby,THE  SHARK,4,2.852328
59261cfcfcec8ff033822ad5,59262847fcec8ff033822b1d,59262400fcec8ff033822ae0,Maple Highlands Kentucky Derby,THE  SHARK,1,2.8641959999999997
59261cfcfcec8ff033822ad5,592625d5fcec8ff033822af2,59262431fcec8ff033822ae1,Maple Highlands Kentucky Derby,Pikachu,3,2.9734119999999997
59261cfcfcec8ff033822ad5,59262632fcec8ff033822af8,59262431fcec8ff033822ae1,Maple Highlands Kentucky Derby,Pikachu,2,2.967732
59261cfcfcec8ff033822ad5,592626f0fcec8ff033822b06,59262431fcec8ff033822ae1,Maple Highlands Kentucky Derby,Pikachu,4,2.953448
59261cfcfcec8ff033822ad5,592627fcfcec8ff033822b19,59262431fcec8ff033822ae1,Maple Highlands Kentucky Derby,Pikachu,1,2.96456
59261cfcfcec8ff033822ad5,592625d5fcec8ff033822af0,59262440fcec8ff033822ae2,Maple Highlands Kentucky Derby,Turbo,4,2.826052
59261cfcfcec8ff033822ad5,592626bcfcec8ff033822b02,59262440fcec8ff033822ae2,Maple Highlands Kentucky Derby,Turbo,1,2.844284
59261cfcfcec8ff033822ad5,59262789fcec8ff033822b12,59262440fcec8ff033822ae2,Maple Highlands Kentucky Derby,Turbo,2,2.8306959999999997
59261cfcfcec8ff033822ad5,59262847fcec8ff033822b1c,59262440fcec8ff033822ae2,Maple Highlands Kentucky Derby,Turbo,3,2.839636
59261cfcfcec8ff033822ad5,592625fcfcec8ff033822af6,59262454fcec8ff033822ae3,Maple Highlands Kentucky Derby,The Blue Blazer,1,2.9521439999999997
59261cfcfcec8ff033822ad5,59262682fcec8ff033822afe,59262454fcec8ff033822ae3,Maple Highlands Kentucky Derby,The Blue Blazer,2,2.919016
59261cfcfcec8ff033822ad5,5926271efcec8ff033822b08,59262454fcec8ff033822ae3,Maple Highlands Kentucky Derby,The Blue Blazer,3,2.9296439999999997
59261cfcfcec8ff033822ad5,592627c5fcec8ff033822b16,59262454fcec8ff033822ae3,Maple Highlands Kentucky Derby,The Blue Blazer,4,2.924404
59261cfcfcec8ff033822ad5,592625fcfcec8ff033822af5,59262467fcec8ff033822ae4,Maple Highlands Kentucky Derby,Orange Crush,2,2.803368
59261cfcfcec8ff033822ad5,592626bcfcec8ff033822aff,59262467fcec8ff033822ae4,Maple Highlands Kentucky Derby,Orange Crush,4,2.79522
59261cfcfcec8ff033822ad5,59262789fcec8ff033822b11,59262467fcec8ff033822ae4,Maple Highlands Kentucky Derby,Orange Crush,1,2.825612
59261cfcfcec8ff033822ad5,59262896fcec8ff033822b20,59262467fcec8ff033822ae4,Maple Highlands Kentucky Derby,Orange Crush,3,2.80394
59261cfcfcec8ff033822ad5,592625fcfcec8ff033822af4,5926247ffcec8ff033822ae5,Maple Highlands Kentucky Derby,Red Crush,3,2.800868
59261cfcfcec8ff033822ad5,592626effcec8ff033822b05,5926247ffcec8ff033822ae5,Maple Highlands Kentucky Derby,Red Crush,1,2.80678
59261cfcfcec8ff033822ad5,592627c4fcec8ff033822b15,5926247ffcec8ff033822ae5,Maple Highlands Kentucky Derby,Red Crush,2,2.802968
59261cfcfcec8ff033822ad5,59262895fcec8ff033822b1f,5926247ffcec8ff033822ae5,Maple Highlands Kentucky Derby,Red Crush,4,2.798368
59261cfcfcec8ff033822ad5,592625fcfcec8ff033822af3,592624abfcec8ff033822ae6,Maple Highlands Kentucky Derby,BB-8nt No Fun To Lose,4,2.77644
59261cfcfcec8ff033822ad5,592626effcec8ff033822b03,592624abfcec8ff033822ae6,Maple Highlands Kentucky Derby,BB-8nt No Fun To Lose,2,2.7745279999999997
59261cfcfcec8ff033822ad5,592627c4fcec8ff033822b13,592624abfcec8ff033822ae6,Maple Highlands Kentucky Derby,BB-8nt No Fun To Lose,3,2.780264
59261cfcfcec8ff033822ad5,592628dbfcec8ff033822b25,592624abfcec8ff033822ae6,Maple Highlands Kentucky Derby,BB-8nt No Fun To Lose,1,2.782692
59a5e3bd879822583694a500,59a5e9eeb86a21701c7040af,59a5e9060929faf81ce70312,Test Run,Screwdriver,1,1.617148
59a5e3bd879822583694a500,59a5ea00b86a21701c7040b2,59a5e9060929faf81ce70312,Test Run,Screwdriver,2,1.243436
59a5e3bd879822583694a500,59a5ea65b86a21701c7040b4,59a5e9060929faf81ce70312,Test Run,Screwdriver,4,1.514732
59a5e3bd879822583694a500,59a5eb28b86a21701c7040bb,59a5e9060929faf81ce70312,Test Run,Screwdriver,3,1.802724
59a5e3bd879822583694a500,59a5e9eeb86a21701c7040ae,59a5e9a3b86a21701c7040a9,Test Run,Block,2,1.50612
59a5e3bd879822583694a500,59a5ea00b86a21701c7040b3,59a5e9a3b86a21701c7040a9,Test Run,Block,1,1.332604
59a5e3bd879822583694a500,59a5ea65b86a21701c7040b5,59a5e9a3b86a21701c7040a9,Test Run,Block,3,1.60324
59a5e3bd879822583694a500,59a5eb28b86a21701c7040ba,59a5e9a3b86a21701c7040a9,Test Run,Block,4,1.7089239999999999
59a5e3bd879822583694a500,59a5e9eeb86a21701c7040ad,59a5e9b3b86a21701c7040aa,Test Run,Foot,3,1.4004919999999998
59a5e3bd879822583694a500,59a5e9ffb86a21701c7040b0,59a5e9b3b86a21701c7040aa,Test Run,Foot,4,1.078748
59a5e3bd879822583694a500,59a5ea65b86a21701c7040b6,59a5e9b3b86a21701c7040aa,Test Run,Foot,2,1.6754719999999999
59a5e3bd879822583694a500,59a5eb95b86a21701c7040bf,59a5e9b3b86a21701c7040aa,Test Run,Foot,1,1.2960159999999998
59a5e3bd879822583694a500,59a5e9eeb86a21701c7040ac,59a5e9beb86a21701c7040ab,Test Run,Power Strip,4,1.2790279999999998
59a5e3bd879822583694a500,59a5ea00b86a21701c7040b1,59a5e9beb86a21701c7040ab,Test Run,Power Strip,3,1.172016
59a5e3bd879822583694a500,59a5ea65b86a21701c7040b7,59a5e9beb86a21701c7040ab,Test Run,Power Strip,1,1.752192
59a5e3bd879822583694a500,59a5eb28b86a21701c7040bc,59a5e9beb86a21701c7040ab,Test Run,Power Strip,2,1.8681919999999999
59a5e3bd879822583694a500,59a5eb28b86a21701c7040bd,59a5eb11b86a21701c7040b9,Test Run,Wire,1,1.930944
59a5e3bd879822583694a500,59a5eb95b86a21701c7040be,59a5eb11b86a21701c7040b9,Test Run,Wire,2,1.236788
59a60e05524e87e41ba196a8,59a612d5920d45301843d48f,59a6120b920d45301843d485,Pack 840,Ethan,1,2.907756
59a60e05524e87e41ba196a8,59a61374920d45301843d497,59a6120b920d45301843d485,Pack 840,Ethan,2,2.923244
59a60e05524e87e41ba196a8,59a6140d920d45301843d49e,59a6120b920d45301843d485,Pack 840,Ethan,4,2.8868799999999997
59a60e05524e87e41ba196a8,59a61490920d45301843d4ac,59a6120b920d45301843d485,Pack 840,Ethan,3,2.904496
59a60e05524e87e41ba196a8,59a612d5920d45301843d48e,59a61219920d45301843d486,Pack 840,Jacob,2,2.9050879999999997
59a60e05524e87e41ba196a8,59a61374920d45301843d496,59a61219920d45301843d486,Pack 840,Jacob,3,2.910824
59a60e05524e87e41ba196a8,59a6140d920d45301843d49d,59a61219920d45301843d486,Pack 840,Jacob,1,2.883828
59a60e05524e87e41ba196a8,59a61490920d45301843d4ab,59a61219920d45301843d486,Pack 840,Jacob,4,2.891012
59a60e05524e87e41ba196a8,59a612d5920d45301843d48d,59a6122b920d45301843d487,Pack 840,Alan,3,2.8508
59a60e05524e87e41ba196a8,59a61374920d45301843d495,59a6122b920d45301843d487,Pack 840,Alan,4,2.84844
59a60e05524e87e41ba196a8,59a61432920d45301843d4a1,59a6122b920d45301843d487,Pack 840,Alan,2,2.8524279999999997
59a60e05524e87e41ba196a8,59a6145c920d45301843d4a5,59a6122b920d45301843d487,Pack 840,Alan,1,2.853608
59a60e05524e87e41ba196a8,59a612d5920d45301843d490,59a61238920d45301843d488,Pack 840,Ammon,4,3.033184
59a60e05524e87e41ba196a8,59a61374920d45301843d498,59a61238920d45301843d488,Pack 840,Ammon,1,3.0422919999999998
59a60e05524e87e41ba196a8,59a6140e920d45301843d4a0,59a61238920d45301843d488,Pack 840,Ammon,3,3.099876
59a60e05524e87e41ba196a8,59a6145c920d45301843d4a8,59a61238920d45301843d488,Pack 840,Ammon,2,3.0556159999999997
59a60e05524e87e41ba196a8,59a6133c920d45301843d493,59a61247920d45301843d489,Pack 840,Spencer,1,2.900336
59a60e05524e87e41ba196a8,59a613b0920d45301843d49b,59a61247920d45301843d489,Pack 840,Spencer,2,2.8954079999999998
59a60e05524e87e41ba196a8,59a61432920d45301843d4a4,59a61247920d45301843d489,Pack 840,Spencer,3,2.8809799999999997
59a60e05524e87e41ba196a8,59a6145c920d45301843d4a6,59a61247920d45301843d489,Pack 840,Spencer,4,2.905084
59a60e05524e87e41ba196a8,59a6133c920d45301843d491,59a6125b920d45301843d48a,Pack 840,Zane,2,2.858444
59a60e05524e87e41ba196a8,59a613b0920d45301843d499,59a6125b920d45301843d48a,Pack 840,Zane,3,2.829052
59a60e05524e87e41ba196a8,59a61432920d45301843d4a2,59a6125b920d45301843d48a,Pack 840,Zane,4,2.860252
59a60e05524e87e41ba196a8,59a61490920d45301843d4a9,59a6125b920d45301843d48a,Pack 840,Zane,1,2.835724
59a60e05524e87e41ba196a8,59a6133c920d45301843d492,59a6126f920d45301843d48b,Pack 840,Ian,3,2.884068
59a60e05524e87e41ba196a8,59a613b0920d45301843d49a,59a6126f920d45301843d48b,Pack 840,Ian,4,2.872228
59a60e05524e87e41ba196a8,59a61432920d45301843d4a3,59a6126f920d45301843d48b,Pack 840,Ian,1,2.875384
59a60e05524e87e41ba196a8,59a61490920d45301843d4aa,59a6126f920d45301843d48b,Pack 840,Ian,2,2.878392
59a60e05524e87e41ba196a8,59a6133c920d45301843d494,59a6128c920d45301843d48c,Pack 840,Kash,4,3.5312919999999997
59a60e05524e87e41ba196a8,59a613b1920d45301843d49c,59a6128c920d45301843d48c,Pack 840,Kash,1,3.706172
59a60e05524e87e41ba196a8,59a6140d920d45301843d49f,59a6128c920d45301843d48c,Pack 840,Kash,2,2.93452
59a60e05524e87e41ba196a8,59a6145c920d45301843d4a7,59a6128c920d45301843d48c,Pack 840,Kash,3,2.919768
59efdabc5f7980601b54bd2c,59efe2f35f7980601b54bd3b,59efe13e5f7980601b54bd2e,Foothills Cubs,Tyler,1,2.870368
59efdabc5f7980601b54bd2c,59efe3f25f7980601b54bd51,59efe13e5f7980601b54bd2e,Foothills Cubs,Tyler,2,2.87646
59efdabc5f7980601b54bd2c,59efe48a5f7980601b54bd5e,59efe13e5f7980601b54bd2e,Foothills Cubs,Tyler,3,2.948968
59efdabc5f7980601b54bd2c,59efe4d95f7980601b54bd65,59efe13e5f7980601b54bd2e,Foothills Cubs,Tyler,4,2.885764
59efdabc5f7980601b54bd2c,59efe2f35f7980601b54bd3d,59efe1505f7980601b54bd2f,Foothills Cubs,Ledger,2,3.029344
59efdabc5f7980601b54bd2c,59efe3705f7980601b54bd48,59efe1505f7980601b54bd2f,Foothills Cubs,Ledger,4,2.9919599999999997
59efdabc5f7980601b54bd2c,59efe4635f7980601b54bd58,59efe1505f7980601b54bd2f,Foothills Cubs,Ledger,3,2.9714
59efdabc5f7980601b54bd2c,59efe4d95f7980601b54bd66,59efe1505f7980601b54bd2f,Foothills Cubs,Ledger,1,2.97842
59efdabc5f7980601b54bd2c,59efe2f35f7980601b54bd3c,59efe1625f7980601b54bd30,Foothills Cubs,Brennon,3,2.896436
59efdabc5f7980601b54bd2c,59efe3bb5f7980601b54bd4c,59efe1625f7980601b54bd30,Foothills Cubs,Brennon,2,2.8604719999999997
59efdabc5f7980601b54bd2c,59efe48a5f7980601b54bd5c,59efe1625f7980601b54bd30,Foothills Cubs,Brennon,1,2.8488599999999997
59efdabc5f7980601b54bd2c,59efe5025f7980601b54bd68,59efe1625f7980601b54bd30,Foothills Cubs,Brennon,4,2.855488
59efdabc5f7980601b54bd2c,59efe2f35f7980601b54bd3e,59efe1765f7980601b54bd31,Foothills Cubs,Cruz,4,3.21488
59efdabc5f7980601b54bd2c,59efe3705f7980601b54bd4a,59efe1765f7980601b54bd31,Foothills Cubs,Cruz,2,3.214368
59efdabc5f7980601b54bd2c,59efe4425f7980601b54bd56,59efe1765f7980601b54bd31,Foothills Cubs,Cruz,3,3.204852
59efdabc5f7980601b54bd2c,59efe4bd5f7980601b54bd62,59efe1765f7980601b54bd31,Foothills Cubs,Cruz,1,3.2103599999999997
59efdabc5f7980601b54bd2c,59efe3175f7980601b54bd3f,59efe1805f7980601b54bd32,Foothills Cubs,Alex,1,2.846608
59efdabc5f7980601b54bd2c,59efe3f15f7980601b54bd4f,59efe1805f7980601b54bd32,Foothills Cubs,Alex,4,2.8447959999999997
59efdabc5f7980601b54bd2c,59efe48a5f7980601b54bd5b,59efe1805f7980601b54bd32,Foothills Cubs,Alex,2,2.8470079999999998
59efdabc5f7980601b54bd2c,59efe4d95f7980601b54bd64,59efe1805f7980601b54bd32,Foothills Cubs,Alex,3,2.852172
59efdabc5f7980601b54bd2c,59efe3175f7980601b54bd40,59efe18b5f7980601b54bd33,Foothills Cubs,Landon,2,2.942976
59efdabc5f7980601b54bd2c,59efe3bb5f7980601b54bd4d,59efe18b5f7980601b54bd33,Foothills Cubs,Landon,3,2.911672
59efdabc5f7980601b54bd2c,59efe4635f7980601b54bd57,59efe18b5f7980601b54bd33,Foothills Cubs,Landon,4,2.9319439999999997
59efdabc5f7980601b54bd2c,59efe5025f7980601b54bd69,59efe18b5f7980601b54bd33,Foothills Cubs,Landon,1,2.93856
59efdabc5f7980601b54bd2c,59efe3175f7980601b54bd41,59efe1985f7980601b54bd34,Foothills Cubs,Blake,3,2.9783519999999997
59efdabc5f7980601b54bd2c,59efe3bb5f7980601b54bd4e,59efe1985f7980601b54bd34,Foothills Cubs,Blake,1,2.99428
59efdabc5f7980601b54bd2c,59efe4425f7980601b54bd55,59efe1985f7980601b54bd34,Foothills Cubs,Blake,4,3.0236039999999997
59efdabc5f7980601b54bd2c,59efe5305f7980601b54bd6e,59efe1985f7980601b54bd34,Foothills Cubs,Blake,2,2.9745719999999998
59efdabc5f7980601b54bd2c,59efe3175f7980601b54bd42,59efe1a55f7980601b54bd35,Foothills Cubs,Trey,4,3.1509199999999997
59efdabc5f7980601b54bd2c,59efe3705f7980601b54bd49,59efe1a55f7980601b54bd35,Foothills Cubs,Trey,3,3.0689159999999998
59efdabc5f7980601b54bd2c,59efe4635f7980601b54bd5a,59efe1a55f7980601b54bd35,Foothills Cubs,Trey,1,3.055096
59efdabc5f7980601b54bd2c,59efe5025f7980601b54bd6a,59efe1a55f7980601b54bd35,Foothills Cubs,Trey,2,3.182128
59efdabc5f7980601b54bd2c,59efe3485f7980601b54bd45,59efe1c05f7980601b54bd36,Foothills Cubs,Matias,1,2.892188
59efdabc5f7980601b54bd2c,59efe3bb5f7980601b54bd4b,59efe1c05f7980601b54bd36,Foothills Cubs,Matias,4,2.834848
59efdabc5f7980601b54bd2c,59efe4bc5f7980601b54bd60,59efe1c05f7980601b54bd36,Foothills Cubs,Matias,2,2.855864
59efdabc5f7980601b54bd2c,59efe5025f7980601b54bd67,59efe1c05f7980601b54bd36,Foothills Cubs,Matias,3,2.8083039999999997
59efdabc5f7980601b54bd2c,59efe3485f7980601b54bd44,59efe1d35f7980601b54bd37,Foothills Cubs,Aiden,2,2.865364
59efdabc5f7980601b54bd2c,59efe3f25f7980601b54bd50,59efe1d35f7980601b54bd37,Foothills Cubs,Aiden,3,2.8514999999999997
59efdabc5f7980601b54bd2c,59efe48a5f7980601b54bd5d,59efe1d35f7980601b54bd37,Foothills Cubs,Aiden,4,2.875984
59efdabc5f7980601b54bd2c,59efe5305f7980601b54bd6d,59efe1d35f7980601b54bd37,Foothills Cubs,Aiden,1,2.87226
59efdabc5f7980601b54bd2c,59efe3485f7980601b54bd46,59efe1e85f7980601b54bd38,Foothills Cubs,Lakai,3,3.0901359999999998
59efdabc5f7980601b54bd2c,59efe3f25f7980601b54bd52,59efe1e85f7980601b54bd38,Foothills Cubs,Lakai,1,3.048532
59efdabc5f7980601b54bd2c,59efe4635f7980601b54bd59,59efe1e85f7980601b54bd38,Foothills Cubs,Lakai,2,3.0251959999999998
59efdabc5f7980601b54bd2c,59efe4bd5f7980601b54bd61,59efe1e85f7980601b54bd38,Foothills Cubs,Lakai,4,3.026884
59efdabc5f7980601b54bd2c,59efe3485f7980601b54bd43,59efe1f35f7980601b54bd39,Foothills Cubs,Nathan,4,2.822764
59efdabc5f7980601b54bd2c,59efe4425f7980601b54bd54,59efe1f35f7980601b54bd39,Foothills Cubs,Nathan,1,2.8375399999999997
59efdabc5f7980601b54bd2c,59efe4d95f7980601b54bd63,59efe1f35f7980601b54bd39,Foothills Cubs,Nathan,2,2.842076
59efdabc5f7980601b54bd2c,59efe5305f7980601b54bd6b,59efe1f35f7980601b54bd39,Foothills Cubs,Nathan,3,2.825004
59efdabc5f7980601b54bd2c,59efe3705f7980601b54bd47,59efe2045f7980601b54bd3a,Foothills Cubs,Carson,1,2.838964
59efdabc5f7980601b54bd2c,59efe4425f7980601b54bd53,59efe2045f7980601b54bd3a,Foothills Cubs,Carson,2,2.833172
59efdabc5f7980601b54bd2c,59efe4bc5f7980601b54bd5f,59efe2045f7980601b54bd3a,Foothills Cubs,Carson,3,2.837468
59efdabc5f7980601b54bd2c,59efe5305f7980601b54bd6c,59efe2045f7980601b54bd3a,Foothills Cubs,Carson,4,2.829188
59fa5e63fc80d9f01fab542f,59fa66cffc80d9f01fab5447,59fa645cfc80d9f01fab5431,Valley Vista Cubs 2017,Ian,1,2.89974
59fa5e63fc80d9f01fab542f,59fa68ddfc80d9f01fab5466,59fa645cfc80d9f01fab5431,Valley Vista Cubs 2017,Ian,2,2.912992
59fa5e63fc80d9f01fab542f,59fa69e4fc80d9f01fab547b,59fa645cfc80d9f01fab5431,Valley Vista Cubs 2017,Ian,4,2.9331
59fa5e63fc80d9f01fab542f,59fa6ab9fc80d9f01fab548e,59fa645cfc80d9f01fab5431,Valley Vista Cubs 2017,Ian,3,2.907892
59fa5e63fc80d9f01fab542f,59fa66d0fc80d9f01fab5448,59fa6475fc80d9f01fab5432,Valley Vista Cubs 2017,Riley,2,3.24906
59fa5e63fc80d9f01fab542f,59fa6880fc80d9f01fab545e,59fa6475fc80d9f01fab5432,Valley Vista Cubs 2017,Riley,4,3.303852
59fa5e63fc80d9f01fab542f,59fa69acfc80d9f01fab5477,59fa6475fc80d9f01fab5432,Valley Vista Cubs 2017,Riley,1,3.330772
59fa5e63fc80d9f01fab542f,59fa6a90fc80d9f01fab548b,59fa6475fc80d9f01fab5432,Valley Vista Cubs 2017,Riley,3,3.328864
59fa5e63fc80d9f01fab542f,59fa66cffc80d9f01fab5446,59fa6493fc80d9f01fab5433,Valley Vista Cubs 2017,Lafe,3,2.8599639999999997
59fa5e63fc80d9f01fab542f,59fa6954fc80d9f01fab546c,59fa6493fc80d9f01fab5433,Valley Vista Cubs 2017,Lafe,2,2.841212
59fa5e63fc80d9f01fab542f,59fa6a69fc80d9f01fab5485,59fa6493fc80d9f01fab5433,Valley Vista Cubs 2017,Lafe,1,2.8429599999999997
59fa5e63fc80d9f01fab542f,59fa6b9dfc80d9f01fab549d,59fa6493fc80d9f01fab5433,Valley Vista Cubs 2017,Lafe,4,2.8517159999999997
59fa5e63fc80d9f01fab542f,59fa6782fc80d9f01fab5450,59fa64abfc80d9f01fab5434,Valley Vista Cubs 2017,Jones,1,3.334876
59fa5e63fc80d9f01fab542f,59fa6880fc80d9f01fab545f,59fa64abfc80d9f01fab5434,Valley Vista Cubs 2017,Jones,3,3.415572
59fa5e63fc80d9f01fab542f,59fa6985fc80d9f01fab5473,59fa64abfc80d9f01fab5434,Valley Vista Cubs 2017,Jones,4,3.004016
59fa5e63fc80d9f01fab542f,59fa6a8ffc80d9f01fab548a,59fa64abfc80d9f01fab5434,Valley Vista Cubs 2017,Jones,2,2.9887319999999997
59fa5e63fc80d9f01fab542f,59fa6714fc80d9f01fab544c,59fa64c2fc80d9f01fab5435,Valley Vista Cubs 2017,Lewis,1,2.9279599999999997
59fa5e63fc80d9f01fab542f,59fa68b7fc80d9f01fab5462,59fa64c2fc80d9f01fab5435,Valley Vista Cubs 2017,Lewis,4,3.007476
59fa5e63fc80d9f01fab542f,59fa69acfc80d9f01fab5475,59fa64c2fc80d9f01fab5435,Valley Vista Cubs 2017,Lewis,3,2.9452
59fa5e63fc80d9f01fab542f,59fa6adefc80d9f01fab5493,59fa64c2fc80d9f01fab5435,Valley Vista Cubs 2017,Lewis,2,3.083564
59fa5e63fc80d9f01fab542f,59fa6714fc80d9f01fab544b,59fa64d6fc80d9f01fab5436,Valley Vista Cubs 2017,Ethan,2,2.9226479999999997
59fa5e63fc80d9f01fab542f,59fa68ddfc80d9f01fab5467,59fa64d6fc80d9f01fab5436,Valley Vista Cubs 2017,Ethan,1,2.9212719999999996
59fa5e63fc80d9f01fab542f,59fa69e4fc80d9f01fab5479,59fa64d6fc80d9f01fab5436,Valley Vista Cubs 2017,Ethan,3,2.9232039999999997
59fa5e63fc80d9f01fab542f,59fa6a8ffc80d9f01fab5489,59fa64d6fc80d9f01fab5436,Valley Vista Cubs 2017,Ethan,4,2.9334759999999998
59fa5e63fc80d9f01fab542f,59fa6714fc80d9f01fab544a,59fa64f4fc80d9f01fab5437,Valley Vista Cubs 2017,Asher,3,2.883276
59fa5e63fc80d9f01fab542f,59fa6910fc80d9f01fab5468,59fa64f4fc80d9f01fab5437,Valley Vista Cubs 2017,Asher,2,2.888852
59fa5e63fc80d9f01fab542f,59fa6a12fc80d9f01fab547d,59fa64f4fc80d9f01fab5437,Valley Vista Cubs 2017,Asher,4,2.864756
59fa5e63fc80d9f01fab542f,59fa6adefc80d9f01fab5492,59fa64f4fc80d9f01fab5437,Valley Vista Cubs 2017,Asher,1,2.893612
59fa5e63fc80d9f01fab542f,59fa6714fc80d9f01fab5449,59fa6502fc80d9f01fab5438,Valley Vista Cubs 2017,Sam,4,2.87884
59fa5e63fc80d9f01fab542f,59fa6910fc80d9f01fab5469,59fa6502fc80d9f01fab5438,Valley Vista Cubs 2017,Sam,3,2.8902039999999998
59fa5e63fc80d9f01fab542f,59fa69e4fc80d9f01fab5478,59fa6502fc80d9f01fab5438,Valley Vista Cubs 2017,Sam,2,2.8926119999999997
59fa5e63fc80d9f01fab542f,59fa6ab8fc80d9f01fab548d,59fa6502fc80d9f01fab5438,Valley Vista Cubs 2017,Sam,1,2.8875599999999997
59fa5e63fc80d9f01fab542f,59fa6781fc80d9f01fab544e,59fa6524fc80d9f01fab5439,Valley Vista Cubs 2017,Yahir,2,2.89194
59fa5e63fc80d9f01fab542f,59fa68ddfc80d9f01fab5465,59fa6524fc80d9f01fab5439,Valley Vista Cubs 2017,Yahir,4,2.902368
59fa5e63fc80d9f01fab542f,59fa6a12fc80d9f01fab547e,59fa6524fc80d9f01fab5439,Valley Vista Cubs 2017,Yahir,1,2.8971679999999997
59fa5e63fc80d9f01fab542f,59fa6adefc80d9f01fab5491,59fa6524fc80d9f01fab5439,Valley Vista Cubs 2017,Yahir,3,2.8913599999999997
59fa5e63fc80d9f01fab542f,59fa6781fc80d9f01fab544f,59fa653cfc80d9f01fab543a,Valley Vista Cubs 2017,Everett,3,2.94968
59fa5e63fc80d9f01fab542f,59fa68b6fc80d9f01fab5460,59fa653cfc80d9f01fab543a,Valley Vista Cubs 2017,Everett,2,2.8922399999999997
59fa5e63fc80d9f01fab542f,59fa69e4fc80d9f01fab547a,59fa653cfc80d9f01fab543a,Valley Vista Cubs 2017,Everett,1,2.9250719999999997
59fa5e63fc80d9f01fab542f,59fa6ab8fc80d9f01fab548c,59fa653cfc80d9f01fab543a,Valley Vista Cubs 2017,Everett,4,2.885452
59fa5e63fc80d9f01fab542f,59fa6781fc80d9f01fab544d,59fa654dfc80d9f01fab543b,Valley Vista Cubs 2017,Lance,4,2.846132
59fa5e63fc80d9f01fab542f,59fa6985fc80d9f01fab5472,59fa654dfc80d9f01fab543b,Valley Vista Cubs 2017,Lance,1,2.8471319999999998
59fa5e63fc80d9f01fab542f,59fa6a69fc80d9f01fab5486,59fa654dfc80d9f01fab543b,Valley Vista Cubs 2017,Lance,2,2.867432
59fa5e63fc80d9f01fab542f,59fa6b3afc80d9f01fab549a,59fa654dfc80d9f01fab543b,Valley Vista Cubs 2017,Lance,3,2.856436
59fa5e63fc80d9f01fab542f,59fa67bcfc80d9f01fab5453,59fa6580fc80d9f01fab543c,Valley Vista Cubs 2017,Mackay,1,2.876924
59fa5e63fc80d9f01fab542f,59fa6910fc80d9f01fab546a,59fa6580fc80d9f01fab543c,Valley Vista Cubs 2017,Mackay,4,2.8944199999999998
59fa5e63fc80d9f01fab542f,59fa6a12fc80d9f01fab547c,59fa6580fc80d9f01fab543c,Valley Vista Cubs 2017,Mackay,2,2.86246
59fa5e63fc80d9f01fab542f,59fa6b0dfc80d9f01fab5496,59fa6580fc80d9f01fab543c,Valley Vista Cubs 2017,Mackay,3,2.88408
59fa5e63fc80d9f01fab542f,59fa67bcfc80d9f01fab5452,59fa6590fc80d9f01fab543d,Valley Vista Cubs 2017,Tyler,2,2.8660159999999997
59fa5e63fc80d9f01fab542f,59fa6954fc80d9f01fab546f,59fa6590fc80d9f01fab543d,Valley Vista Cubs 2017,Tyler,1,2.869624
59fa5e63fc80d9f01fab542f,59fa6a38fc80d9f01fab5480,59fa6590fc80d9f01fab543d,Valley Vista Cubs 2017,Tyler,3,2.856724
59fa5e63fc80d9f01fab542f,59fa6b3afc80d9f01fab549b,59fa6590fc80d9f01fab543d,Valley Vista Cubs 2017,Tyler,4,2.8985399999999997
59fa5e63fc80d9f01fab542f,59fa67bcfc80d9f01fab5454,59fa659ffc80d9f01fab543e,Valley Vista Cubs 2017,Colby,3,3.19882
59fa5e63fc80d9f01fab542f,59fa68b7fc80d9f01fab5463,59fa659ffc80d9f01fab543e,Valley Vista Cubs 2017,Colby,1,3.165936
59fa5e63fc80d9f01fab542f,59fa69acfc80d9f01fab5474,59fa659ffc80d9f01fab543e,Valley Vista Cubs 2017,Colby,2,2.943088
59fa5e63fc80d9f01fab542f,59fa6a69fc80d9f01fab5487,59fa659ffc80d9f01fab543e,Valley Vista Cubs 2017,Colby,4,2.9939519999999997
59fa5e63fc80d9f01fab542f,59fa67bcfc80d9f01fab5451,59fa65c1fc80d9f01fab543f,Valley Vista Cubs 2017,Thomas,4,2.746088
59fa5e63fc80d9f01fab542f,59fa6985fc80d9f01fab5470,59fa65c1fc80d9f01fab543f,Valley Vista Cubs 2017,Thomas,3,2.758448
59fa5e63fc80d9f01fab542f,59fa6a8ffc80d9f01fab5488,59fa65c1fc80d9f01fab543f,Valley Vista Cubs 2017,Thomas,1,2.762504
59fa5e63fc80d9f01fab542f,59fa6b3afc80d9f01fab5498,59fa65c1fc80d9f01fab543f,Valley Vista Cubs 2017,Thomas,2,2.767924
59fa5e63fc80d9f01fab542f,59fa6847fc80d9f01fab545b,59fa65d8fc80d9f01fab5440,Valley Vista Cubs 2017,Andrew,1,2.942428
59fa5e63fc80d9f01fab542f,59fa68b7fc80d9f01fab5461,59fa65d8fc80d9f01fab5440,Valley Vista Cubs 2017,Andrew,3,2.960056
59fa5e63fc80d9f01fab542f,59fa6ab9fc80d9f01fab548f,59fa65d8fc80d9f01fab5440,Valley Vista Cubs 2017,Andrew,2,2.986016
59fa5e63fc80d9f01fab542f,59fa6b88fc80d9f01fab549c,59fa65d8fc80d9f01fab5440,Valley Vista Cubs 2017,Andrew,4,2.879404
59fa5e63fc80d9f01fab542f,59fa6847fc80d9f01fab545a,59fa65f5fc80d9f01fab5441,Valley Vista Cubs 2017,Ozzy,2,2.90272
59fa5e63fc80d9f01fab542f,59fa68ddfc80d9f01fab5464,59fa65f5fc80d9f01fab5441,Valley Vista Cubs 2017,Ozzy,3,2.882152
59fa5e63fc80d9f01fab542f,59fa6a38fc80d9f01fab5483,59fa65f5fc80d9f01fab5441,Valley Vista Cubs 2017,Ozzy,1,2.8884119999999998
59fa5e63fc80d9f01fab542f,59fa6b0dfc80d9f01fab5497,59fa65f5fc80d9f01fab5441,Valley Vista Cubs 2017,Ozzy,4,2.892232
59fa5e63fc80d9f01fab542f,59fa6847fc80d9f01fab5459,59fa6610fc80d9f01fab5442,Valley Vista Cubs 2017,Josh,3,2.85716
59fa5e63fc80d9f01fab542f,59fa6954fc80d9f01fab546e,59fa6610fc80d9f01fab5442,Valley Vista Cubs 2017,Josh,4,2.86198
59fa5e63fc80d9f01fab542f,59fa6a38fc80d9f01fab5481,59fa6610fc80d9f01fab5442,Valley Vista Cubs 2017,Josh,2,2.860276
59fa5e63fc80d9f01fab542f,59fa6b0dfc80d9f01fab5495,59fa6610fc80d9f01fab5442,Valley Vista Cubs 2017,Josh,1,2.860452
59fa5e63fc80d9f01fab542f,59fa6847fc80d9f01fab5458,59fa661dfc80d9f01fab5443,Valley Vista Cubs 2017,Spencer,4,2.8083679999999998
59fa5e63fc80d9f01fab542f,59fa6985fc80d9f01fab5471,59fa661dfc80d9f01fab5443,Valley Vista Cubs 2017,Spencer,2,2.8199359999999998
59fa5e63fc80d9f01fab542f,59fa6a69fc80d9f01fab5484,59fa661dfc80d9f01fab5443,Valley Vista Cubs 2017,Spencer,3,2.803816
59fa5e63fc80d9f01fab542f,59fa6b3afc80d9f01fab5499,59fa661dfc80d9f01fab5443,Valley Vista Cubs 2017,Spencer,1,2.8130159999999997
59fa5e63fc80d9f01fab542f,59fa687ffc80d9f01fab545c,59fa663dfc80d9f01fab5444,Valley Vista Cubs 2017,Christopher,1,2.8530439999999997
59fa5e63fc80d9f01fab542f,59fa6954fc80d9f01fab546d,59fa663dfc80d9f01fab5444,Valley Vista Cubs 2017,Christopher,3,2.859604
59fa5e63fc80d9f01fab542f,59fa6a38fc80d9f01fab5482,59fa663dfc80d9f01fab5444,Valley Vista Cubs 2017,Christopher,4,2.862656
59fa5e63fc80d9f01fab542f,59fa6b0dfc80d9f01fab5494,59fa663dfc80d9f01fab5444,Valley Vista Cubs 2017,Christopher,2,2.8512999999999997
59fa5e63fc80d9f01fab542f,59fa687ffc80d9f01fab545d,59fa665bfc80d9f01fab5445,Valley Vista Cubs 2017,Cash,2,2.8896159999999997
59fa5e63fc80d9f01fab542f,59fa6910fc80d9f01fab546b,59fa665bfc80d9f01fab5445,Valley Vista Cubs 2017,Cash,1,2.9060759999999997
59fa5e63fc80d9f01fab542f,59fa6a12fc80d9f01fab547f,59fa665bfc80d9f01fab5445,Valley Vista Cubs 2017,Cash,3,2.913096
59fa5e63fc80d9f01fab542f,59fa6adefc80d9f01fab5490,59fa665bfc80d9f01fab5445,Valley Vista Cubs 2017,Cash,4,2.881712
59fbaff14d0c69082e96ec98,59fbb7de4d0c69082e96eca8,59fbb6574d0c69082e96ec9a,Pack 1275 Pinewood Derby,Luca,1,2.8238879999999997
59fbaff14d0c69082e96ec98,59fbb8e84d0c69082e96ecc0,59fbb6574d0c69082e96ec9a,Pack 1275 Pinewood Derby,Luca,4,2.8140359999999998
59fbaff14d0c69082e96ec98,59fbbb0a4d0c69082e96ecd5,59fbb6574d0c69082e96ec9a,Pack 1275 Pinewood Derby,Luca,2,2.794076
59fbaff14d0c69082e96ec98,59fbbbb94d0c69082e96ece1,59fbb6574d0c69082e96ec9a,Pack 1275 Pinewood Derby,Luca,3,2.795972
59fbaff14d0c69082e96ec98,59fbb7df4d0c69082e96ecab,59fbb66b4d0c69082e96ec9b,Pack 1275 Pinewood Derby,Cooper,2,3.21412
59fbaff14d0c69082e96ec98,59fbb8954d0c69082e96ecb8,59fbb66b4d0c69082e96ec9b,Pack 1275 Pinewood Derby,Cooper,1,2.958856
59fbaff14d0c69082e96ec98,59fbba834d0c69082e96eccd,59fbb66b4d0c69082e96ec9b,Pack 1275 Pinewood Derby,Cooper,3,2.902776
59fbaff14d0c69082e96ec98,59fbbbba4d0c69082e96ece3,59fbb66b4d0c69082e96ec9b,Pack 1275 Pinewood Derby,Cooper,4,2.883256
59fbaff14d0c69082e96ec98,59fbb7de4d0c69082e96ecaa,59fbb67d4d0c69082e96ec9c,Pack 1275 Pinewood Derby,Kash,3,3.0308919999999997
59fbaff14d0c69082e96ec98,59fbb8bc4d0c69082e96ecbc,59fbb67d4d0c69082e96ec9c,Pack 1275 Pinewood Derby,Kash,4,3.015748
59fbaff14d0c69082e96ec98,59fbbab54d0c69082e96ecd3,59fbb67d4d0c69082e96ec9c,Pack 1275 Pinewood Derby,Kash,1,3.0284359999999997
59fbaff14d0c69082e96ec98,59fbbbba4d0c69082e96ece4,59fbb67d4d0c69082e96ec9c,Pack 1275 Pinewood Derby,Kash,2,3.02916
59fbaff14d0c69082e96ec98,59fbb7de4d0c69082e96eca9,59fbb68a4d0c69082e96ec9d,Pack 1275 Pinewood Derby,Keenan,4,3.0213039999999998
59fbaff14d0c69082e96ec98,59fbb8bc4d0c69082e96ecbd,59fbb68a4d0c69082e96ec9d,Pack 1275 Pinewood Derby,Keenan,3,3.0259
59fbaff14d0c69082e96ec98,59fbba844d0c69082e96eccf,59fbb68a4d0c69082e96ec9d,Pack 1275 Pinewood Derby,Keenan,1,3.0205279999999997
59fbaff14d0c69082e96ec98,59fbbb894d0c69082e96ecdf,59fbb68a4d0c69082e96ec9d,Pack 1275 Pinewood Derby,Keenan,2,3.02794
59fbaff14d0c69082e96ec98,59fbb8064d0c69082e96ecae,59fbb69d4d0c69082e96ec9e,Pack 1275 Pinewood Derby,Konrad,1,3.259376
59fbaff14d0c69082e96ec98,59fbb8654d0c69082e96ecb6,59fbb69d4d0c69082e96ec9e,Pack 1275 Pinewood Derby,Konrad,3,3.27114
59fbaff14d0c69082e96ec98,59fbb9174d0c69082e96ecc4,59fbb69d4d0c69082e96ec9e,Pack 1275 Pinewood Derby,Konrad,2,3.12106
59fbaff14d0c69082e96ec98,59fbbb894d0c69082e96ece0,59fbb69d4d0c69082e96ec9e,Pack 1275 Pinewood Derby,Konrad,4,3.167116
59fbaff14d0c69082e96ec98,59fbb8064d0c69082e96ecac,59fbb6ad4d0c69082e96ec9f,Pack 1275 Pinewood Derby,The Crusher,2,3.188608
59fbaff14d0c69082e96ec98,59fbb8954d0c69082e96ecba,59fbb6ad4d0c69082e96ec9f,Pack 1275 Pinewood Derby,The Crusher,3,3.16934
59fbaff14d0c69082e96ec98,59fbb9174d0c69082e96ecc5,59fbb6ad4d0c69082e96ec9f,Pack 1275 Pinewood Derby,The Crusher,4,3.165552
59fbaff14d0c69082e96ec98,59fbbb484d0c69082e96ecd9,59fbb6ad4d0c69082e96ec9f,Pack 1275 Pinewood Derby,The Crusher,1,2.9424639999999997
59fbaff14d0c69082e96ec98,59fbb8064d0c69082e96ecaf,59fbb6be4d0c69082e96eca0,Pack 1275 Pinewood Derby,Carson,3,3.475612
59fbaff14d0c69082e96ec98,59fbb8654d0c69082e96ecb7,59fbb6be4d0c69082e96eca0,Pack 1275 Pinewood Derby,Carson,4,3.473492
59fbaff14d0c69082e96ec98,59fbb9174d0c69082e96ecc7,59fbb6be4d0c69082e96eca0,Pack 1275 Pinewood Derby,Carson,1,3.4222159999999997
59fbaff14d0c69082e96ec98,59fbbb494d0c69082e96ecda,59fbb6be4d0c69082e96eca0,Pack 1275 Pinewood Derby,Carson,2,3.159284
59fbaff14d0c69082e96ec98,59fbb8064d0c69082e96ecad,59fbb6d04d0c69082e96eca1,Pack 1275 Pinewood Derby,Stockton,4,3.196568
59fbaff14d0c69082e96ec98,59fbb8954d0c69082e96ecbb,59fbb6d04d0c69082e96eca1,Pack 1275 Pinewood Derby,Stockton,2,3.192408
59fbaff14d0c69082e96ec98,59fbb9174d0c69082e96ecc6,59fbb6d04d0c69082e96eca1,Pack 1275 Pinewood Derby,Stockton,3,3.16958
59fbaff14d0c69082e96ec98,59fbbb0b4d0c69082e96ecd7,59fbb6d04d0c69082e96eca1,Pack 1275 Pinewood Derby,Stockton,1,3.209772
59fbaff14d0c69082e96ec98,59fbb8374d0c69082e96ecb1,59fbb6e64d0c69082e96eca2,Pack 1275 Pinewood Derby,Nathan,1,2.929496
59fbaff14d0c69082e96ec98,59fbb8e94d0c69082e96ecc2,59fbb6e64d0c69082e96eca2,Pack 1275 Pinewood Derby,Nathan,2,2.927464
59fbaff14d0c69082e96ec98,59fbba834d0c69082e96ecce,59fbb6e64d0c69082e96eca2,Pack 1275 Pinewood Derby,Nathan,4,2.9512199999999997
59fbaff14d0c69082e96ec98,59fbbb884d0c69082e96ecdd,59fbb6e64d0c69082e96eca2,Pack 1275 Pinewood Derby,Nathan,3,2.897912
59fbaff14d0c69082e96ec98,59fbb8374d0c69082e96ecb0,59fbb6f64d0c69082e96eca3,Pack 1275 Pinewood Derby,Mason,2,2.82394
59fbaff14d0c69082e96ec98,59fbb8e94d0c69082e96ecc1,59fbb6f64d0c69082e96eca3,Pack 1275 Pinewood Derby,Mason,3,2.8145919999999998
59fbaff14d0c69082e96ec98,59fbbab54d0c69082e96ecd1,59fbb6f64d0c69082e96eca3,Pack 1275 Pinewood Derby,Mason,4,2.804376
59fbaff14d0c69082e96ec98,59fbbbba4d0c69082e96ece2,59fbb6f64d0c69082e96eca3,Pack 1275 Pinewood Derby,Mason,1,2.8395759999999997
59fbaff14d0c69082e96ec98,59fbb8384d0c69082e96ecb2,59fbb7044d0c69082e96eca4,Pack 1275 Pinewood Derby,Kali'i,3,3.073744
59fbaff14d0c69082e96ec98,59fbb8954d0c69082e96ecb9,59fbb7044d0c69082e96eca4,Pack 1275 Pinewood Derby,Kali'i,4,2.980708
59fbaff14d0c69082e96ec98,59fbbab54d0c69082e96ecd2,59fbb7044d0c69082e96eca4,Pack 1275 Pinewood Derby,Kali'i,2,3.0127479999999998
59fbaff14d0c69082e96ec98,59fbbb894d0c69082e96ecde,59fbb7044d0c69082e96eca4,Pack 1275 Pinewood Derby,Kali'i,1,3.0187239999999997
59fbaff14d0c69082e96ec98,59fbb8384d0c69082e96ecb3,59fbb7114d0c69082e96eca5,Pack 1275 Pinewood Derby,Owen,4,3.154592
59fbaff14d0c69082e96ec98,59fbb8bc4d0c69082e96ecbf,59fbb7114d0c69082e96eca5,Pack 1275 Pinewood Derby,Owen,1,3.1635199999999997
59fbaff14d0c69082e96ec98,59fbba554d0c69082e96eccb,59fbb7114d0c69082e96eca5,Pack 1275 Pinewood Derby,Owen,2,3.2699599999999998
59fbaff14d0c69082e96ec98,59fbbb0b4d0c69082e96ecd8,59fbb7114d0c69082e96eca5,Pack 1275 Pinewood Derby,Owen,3,3.214772
59fbaff14d0c69082e96ec98,59fbb8654d0c69082e96ecb5,59fbb7214d0c69082e96eca6,Pack 1275 Pinewood Derby,Jenson,1,3.175904
59fbaff14d0c69082e96ec98,59fbb8bc4d0c69082e96ecbe,59fbb7214d0c69082e96eca6,Pack 1275 Pinewood Derby,Jenson,2,3.12406
59fbaff14d0c69082e96ec98,59fbba554d0c69082e96ecc9,59fbb7214d0c69082e96eca6,Pack 1275 Pinewood Derby,Jenson,3,3.14038
59fbaff14d0c69082e96ec98,59fbbb494d0c69082e96ecdb,59fbb7214d0c69082e96eca6,Pack 1275 Pinewood Derby,Jenson,4,3.188936
59fbaff14d0c69082e96ec98,59fbb8654d0c69082e96ecb4,59fbb75e4d0c69082e96eca7,Pack 1275 Pinewood Derby,Mckay,2,2.974056
59fbaff14d0c69082e96ec98,59fbb8e94d0c69082e96ecc3,59fbb75e4d0c69082e96eca7,Pack 1275 Pinewood Derby,Mckay,1,3.159284
59fbaff14d0c69082e96ec98,59fbba554d0c69082e96ecca,59fbb75e4d0c69082e96eca7,Pack 1275 Pinewood Derby,Mckay,4,3.2152879999999997
59fbaff14d0c69082e96ec98,59fbbb494d0c69082e96ecdc,59fbb75e4d0c69082e96eca7,Pack 1275 Pinewood Derby,Mckay,3,3.451492
59fbaff14d0c69082e96ec98,59fbba554d0c69082e96eccc,59fbba064d0c69082e96ecc8,Pack 1275 Pinewood Derby,Porter,1,3.840516
59fbaff14d0c69082e96ec98,59fbba844d0c69082e96ecd0,59fbba064d0c69082e96ecc8,Pack 1275 Pinewood Derby,Porter,2,3.789576
59fbaff14d0c69082e96ec98,59fbbab64d0c69082e96ecd4,59fbba064d0c69082e96ecc8,Pack 1275 Pinewood Derby,Porter,3,3.6307
59fbaff14d0c69082e96ec98,59fbbb0b4d0c69082e96ecd6,59fbba064d0c69082e96ecc8,Pack 1275 Pinewood Derby,Porter,4,3.1172
5a03a16d5cc6a42c27f3e40e,5a03aea25cc6a42c27f3e428,5a03aa435cc6a42c27f3e410,Provo East Stake Lego Derby,Chance,1,3.3644439999999998
5a03a16d5cc6a42c27f3e40e,5a03afd35cc6a42c27f3e443,5a03aa435cc6a42c27f3e410,Provo East Stake Lego Derby,Chance,2,3.3193759999999997
5a03a16d5cc6a42c27f3e40e,5a03b10c5cc6a42c27f3e45d,5a03aa435cc6a42c27f3e410,Provo East Stake Lego Derby,Chance,3,3.3479959999999997
5a03a16d5cc6a42c27f3e40e,5a03b2195cc6a42c27f3e472,5a03aa435cc6a42c27f3e410,Provo East Stake Lego Derby,Chance,4,3.174832
5a03a16d5cc6a42c27f3e40e,5a03aea25cc6a42c27f3e426,5a03aa595cc6a42c27f3e411,Provo East Stake Lego Derby,Jacob,2,3.17982
5a03a16d5cc6a42c27f3e40e,5a03b0535cc6a42c27f3e451,5a03aa595cc6a42c27f3e411,Provo East Stake Lego Derby,Jacob,4,3.3116399999999997
5a03a16d5cc6a42c27f3e40e,5a03b1695cc6a42c27f3e469,5a03aa595cc6a42c27f3e411,Provo East Stake Lego Derby,Jacob,1,3.3607359999999997
5a03a16d5cc6a42c27f3e40e,5a03b2905cc6a42c27f3e47e,5a03aa595cc6a42c27f3e411,Provo East Stake Lego Derby,Jacob,3,3.3331359999999997
5a03a16d5cc6a42c27f3e40e,5a03aea25cc6a42c27f3e427,5a03aa735cc6a42c27f3e412,Provo East Stake Lego Derby,Henry,3,3.3139079999999996
5a03a16d5cc6a42c27f3e40e,5a03affd5cc6a42c27f3e448,5a03aa735cc6a42c27f3e412,Provo East Stake Lego Derby,Henry,2,3.402456
5a03a16d5cc6a42c27f3e40e,5a03b0e65cc6a42c27f3e459,5a03aa735cc6a42c27f3e412,Provo East Stake Lego Derby,Henry,1,3.385488
5a03a16d5cc6a42c27f3e40e,5a03b2495cc6a42c27f3e479,5a03aa735cc6a42c27f3e412,Provo East Stake Lego Derby,Henry,4,3.468324
5a03a16d5cc6a42c27f3e40e,5a03aea25cc6a42c27f3e429,5a03aa875cc6a42c27f3e413,Provo East Stake Lego Derby,Adam,4,3.453496
5a03a16d5cc6a42c27f3e40e,5a03af5f5cc6a42c27f3e43d,5a03aa875cc6a42c27f3e413,Provo East Stake Lego Derby,Adam,3,3.310936
5a03a16d5cc6a42c27f3e40e,5a03b10c5cc6a42c27f3e45c,5a03aa875cc6a42c27f3e413,Provo East Stake Lego Derby,Adam,1,3.3278999999999996
5a03a16d5cc6a42c27f3e40e,5a03b1695cc6a42c27f3e468,5a03aa875cc6a42c27f3e413,Provo East Stake Lego Derby,Adam,2,3.2658639999999997
5a03a16d5cc6a42c27f3e40e,5a03aecf5cc6a42c27f3e42c,5a03aaa95cc6a42c27f3e414,Provo East Stake Lego Derby,Aiden,1,3.382584
5a03a16d5cc6a42c27f3e40e,5a03af985cc6a42c27f3e43e,5a03aaa95cc6a42c27f3e414,Provo East Stake Lego Derby,Aiden,4,3.226496
5a03a16d5cc6a42c27f3e40e,5a03b12d5cc6a42c27f3e461,5a03aaa95cc6a42c27f3e414,Provo East Stake Lego Derby,Aiden,3,3.3675159999999997
5a03a16d5cc6a42c27f3e40e,5a03b1cc5cc6a42c27f3e46e,5a03aaa95cc6a42c27f3e414,Provo East Stake Lego Derby,Aiden,2,3.2628839999999997
5a03a16d5cc6a42c27f3e40e,5a03aecf5cc6a42c27f3e42b,5a03aabb5cc6a42c27f3e415,Provo East Stake Lego Derby,James,2,3.3293719999999998
5a03a16d5cc6a42c27f3e40e,5a03affd5cc6a42c27f3e447,5a03aabb5cc6a42c27f3e415,Provo East Stake Lego Derby,James,1,3.288696
5a03a16d5cc6a42c27f3e40e,5a03b0e65cc6a42c27f3e456,5a03aabb5cc6a42c27f3e415,Provo East Stake Lego Derby,James,4,3.2356599999999998
5a03a16d5cc6a42c27f3e40e,5a03b2495cc6a42c27f3e478,5a03aabb5cc6a42c27f3e415,Provo East Stake Lego Derby,James,3,3.3250119999999996
5a03a16d5cc6a42c27f3e40e,5a03aecf5cc6a42c27f3e42d,5a03aada5cc6a42c27f3e416,Provo East Stake Lego Derby,Adam D,3,3.396144
5a03a16d5cc6a42c27f3e40e,5a03af985cc6a42c27f3e43f,5a03aada5cc6a42c27f3e416,Provo East Stake Lego Derby,Adam D,2,3.350752
5a03a16d5cc6a42c27f3e40e,5a03b0975cc6a42c27f3e454,5a03aada5cc6a42c27f3e416,Provo East Stake Lego Derby,Adam D,4,3.3354719999999998
5a03a16d5cc6a42c27f3e40e,5a03b1955cc6a42c27f3e46c,5a03aada5cc6a42c27f3e416,Provo East Stake Lego Derby,Adam D,1,3.363124
5a03a16d5cc6a42c27f3e40e,5a03aecf5cc6a42c27f3e42a,5a03aaf45cc6a42c27f3e417,Provo East Stake Lego Derby,Huck,4,3.287652
5a03a16d5cc6a42c27f3e40e,5a03b0365cc6a42c27f3e44c,5a03aaf45cc6a42c27f3e417,Provo East Stake Lego Derby,Huck,1,3.25004
5a03a16d5cc6a42c27f3e40e,5a03b12d5cc6a42c27f3e45f,5a03aaf45cc6a42c27f3e417,Provo East Stake Lego Derby,Huck,2,3.3386199999999997
5a03a16d5cc6a42c27f3e40e,5a03b1cc5cc6a42c27f3e470,5a03aaf45cc6a42c27f3e417,Provo East Stake Lego Derby,Huck,3,3.2936639999999997
5a03a16d5cc6a42c27f3e40e,5a03aef05cc6a42c27f3e431,5a03ab0e5cc6a42c27f3e418,Provo East Stake Lego Derby,Gavin,1,3.35438
5a03a16d5cc6a42c27f3e40e,5a03afd35cc6a42c27f3e442,5a03ab0e5cc6a42c27f3e418,Provo East Stake Lego Derby,Gavin,3,3.28476
5a03a16d5cc6a42c27f3e40e,5a03b10c5cc6a42c27f3e45b,5a03ab0e5cc6a42c27f3e418,Provo East Stake Lego Derby,Gavin,4,3.272188
5a03a16d5cc6a42c27f3e40e,5a03b1955cc6a42c27f3e46b,5a03ab0e5cc6a42c27f3e418,Provo East Stake Lego Derby,Gavin,2,3.271972
5a03a16d5cc6a42c27f3e40e,5a03aef05cc6a42c27f3e430,5a03ab265cc6a42c27f3e419,Provo East Stake Lego Derby,Joshua,2,3.292948
5a03a16d5cc6a42c27f3e40e,5a03affd5cc6a42c27f3e446,5a03ab265cc6a42c27f3e419,Provo East Stake Lego Derby,Joshua,4,3.259544
5a03a16d5cc6a42c27f3e40e,5a03b12d5cc6a42c27f3e460,5a03ab265cc6a42c27f3e419,Provo East Stake Lego Derby,Joshua,1,3.342044
5a03a16d5cc6a42c27f3e40e,5a03b1955cc6a42c27f3e46a,5a03ab265cc6a42c27f3e419,Provo East Stake Lego Derby,Joshua,3,3.256156
5a03a16d5cc6a42c27f3e40e,5a03aef05cc6a42c27f3e42e,5a03ab535cc6a42c27f3e41a,Provo East Stake Lego Derby,Cole,3,3.138384
5a03a16d5cc6a42c27f3e40e,5a03b0535cc6a42c27f3e44f,5a03ab535cc6a42c27f3e41a,Provo East Stake Lego Derby,Cole,2,3.2816199999999998
5a03a16d5cc6a42c27f3e40e,5a03b14d5cc6a42c27f3e462,5a03ab535cc6a42c27f3e41a,Provo East Stake Lego Derby,Cole,4,3.1214999999999997
5a03a16d5cc6a42c27f3e40e,5a03b26a5cc6a42c27f3e47c,5a03ab535cc6a42c27f3e41a,Provo East Stake Lego Derby,Cole,1,3.228164
5a03a16d5cc6a42c27f3e40e,5a03aef05cc6a42c27f3e42f,5a03ab6a5cc6a42c27f3e41b,Provo East Stake Lego Derby,Caden,4,3.220164
5a03a16d5cc6a42c27f3e40e,5a03b0365cc6a42c27f3e44d,5a03ab6a5cc6a42c27f3e41b,Provo East Stake Lego Derby,Caden,3,3.440016
5a03a16d5cc6a42c27f3e40e,5a03b14d5cc6a42c27f3e465,5a03ab6a5cc6a42c27f3e41b,Provo East Stake Lego Derby,Caden,1,3.442452
5a03a16d5cc6a42c27f3e40e,5a03b2195cc6a42c27f3e475,5a03ab6a5cc6a42c27f3e41b,Provo East Stake Lego Derby,Caden,2,3.392664
5a03a16d5cc6a42c27f3e40e,5a03af195cc6a42c27f3e433,5a03ab845cc6a42c27f3e41c,Provo East Stake Lego Derby,Samuel and Joseph,1,3.340268
5a03a16d5cc6a42c27f3e40e,5a03afd35cc6a42c27f3e444,5a03ab845cc6a42c27f3e41c,Provo East Stake Lego Derby,Samuel and Joseph,4,3.3365
5a03a16d5cc6a42c27f3e40e,5a03b0965cc6a42c27f3e452,5a03ab845cc6a42c27f3e41c,Provo East Stake Lego Derby,Samuel and Joseph,3,3.21496
5a03a16d5cc6a42c27f3e40e,5a03b2495cc6a42c27f3e477,5a03ab845cc6a42c27f3e41c,Provo East Stake Lego Derby,Samuel and Joseph,2,3.31756
5a03a16d5cc6a42c27f3e40e,5a03af1a5cc6a42c27f3e435,5a03aba45cc6a42c27f3e41d,Provo East Stake Lego Derby,Oliver,2,3.417516
5a03a16d5cc6a42c27f3e40e,5a03af5f5cc6a42c27f3e43c,5a03aba45cc6a42c27f3e41d,Provo East Stake Lego Derby,Oliver,4,3.289444
5a03a16d5cc6a42c27f3e40e,5a03b0e65cc6a42c27f3e458,5a03aba45cc6a42c27f3e41d,Provo East Stake Lego Derby,Oliver,3,3.381532
5a03a16d5cc6a42c27f3e40e,5a03b1cc5cc6a42c27f3e46f,5a03aba45cc6a42c27f3e41d,Provo East Stake Lego Derby,Oliver,1,3.282532
5a03a16d5cc6a42c27f3e40e,5a03af195cc6a42c27f3e434,5a03abb95cc6a42c27f3e41e,Provo East Stake Lego Derby,Jackson,3,3.362252
5a03a16d5cc6a42c27f3e40e,5a03afd35cc6a42c27f3e445,5a03abb95cc6a42c27f3e41e,Provo East Stake Lego Derby,Jackson,1,3.3476239999999997
5a03a16d5cc6a42c27f3e40e,5a03b0e65cc6a42c27f3e457,5a03abb95cc6a42c27f3e41e,Provo East Stake Lego Derby,Jackson,2,3.379164
5a03a16d5cc6a42c27f3e40e,5a03b1955cc6a42c27f3e46d,5a03abb95cc6a42c27f3e41e,Provo East Stake Lego Derby,Jackson,4,3.4551119999999997
5a03a16d5cc6a42c27f3e40e,5a03af195cc6a42c27f3e432,5a03abf25cc6a42c27f3e41f,Provo East Stake Lego Derby,Brayden,4,3.3010919999999997
5a03a16d5cc6a42c27f3e40e,5a03affd5cc6a42c27f3e449,5a03abf25cc6a42c27f3e41f,Provo East Stake Lego Derby,Brayden,3,3.442096
5a03a16d5cc6a42c27f3e40e,5a03b10b5cc6a42c27f3e45a,5a03abf25cc6a42c27f3e41f,Provo East Stake Lego Derby,Brayden,2,3.1628719999999997
5a03a16d5cc6a42c27f3e40e,5a03b2195cc6a42c27f3e473,5a03abf25cc6a42c27f3e41f,Provo East Stake Lego Derby,Brayden,1,3.258972
5a03a16d5cc6a42c27f3e40e,5a03af375cc6a42c27f3e436,5a03ac4e5cc6a42c27f3e420,Provo East Stake Lego Derby,Koa,1,3.21306
5a03a16d5cc6a42c27f3e40e,5a03b0365cc6a42c27f3e44b,5a03ac4e5cc6a42c27f3e420,Provo East Stake Lego Derby,Koa,4,3.234976
5a03a16d5cc6a42c27f3e40e,5a03b14d5cc6a42c27f3e463,5a03ac4e5cc6a42c27f3e420,Provo East Stake Lego Derby,Koa,3,3.146372
5a03a16d5cc6a42c27f3e40e,5a03b26a5cc6a42c27f3e47b,5a03ac4e5cc6a42c27f3e420,Provo East Stake Lego Derby,Koa,2,3.204284
5a03a16d5cc6a42c27f3e40e,5a03af375cc6a42c27f3e438,5a03ac6a5cc6a42c27f3e421,Provo East Stake Lego Derby,Koa H,2,3.3928599999999998
5a03a16d5cc6a42c27f3e40e,5a03af985cc6a42c27f3e440,5a03ac6a5cc6a42c27f3e421,Provo East Stake Lego Derby,Koa H,3,3.35406
5a03a16d5cc6a42c27f3e40e,5a03b0975cc6a42c27f3e453,5a03ac6a5cc6a42c27f3e421,Provo East Stake Lego Derby,Koa H,1,3.333304
5a03a16d5cc6a42c27f3e40e,5a03b1cc5cc6a42c27f3e471,5a03ac6a5cc6a42c27f3e421,Provo East Stake Lego Derby,Koa H,4,3.339308
5a03a16d5cc6a42c27f3e40e,5a03af375cc6a42c27f3e439,5a03ac7f5cc6a42c27f3e422,Provo East Stake Lego Derby,Emmett,3,3.4924359999999997
5a03a16d5cc6a42c27f3e40e,5a03af995cc6a42c27f3e441,5a03ac7f5cc6a42c27f3e422,Provo East Stake Lego Derby,Emmett,1,3.457604
5a03a16d5cc6a42c27f3e40e,5a03b0975cc6a42c27f3e455,5a03ac7f5cc6a42c27f3e422,Provo East Stake Lego Derby,Emmett,2,3.412752
5a03a16d5cc6a42c27f3e40e,5a03b1695cc6a42c27f3e466,5a03ac7f5cc6a42c27f3e422,Provo East Stake Lego Derby,Emmett,4,3.15564
5a03a16d5cc6a42c27f3e40e,5a03af375cc6a42c27f3e437,5a03acee5cc6a42c27f3e423,Provo East Stake Lego Derby,DaBoss,4,3.213608
5a03a16d5cc6a42c27f3e40e,5a03b0535cc6a42c27f3e450,5a03acee5cc6a42c27f3e423,Provo East Stake Lego Derby,DaBoss,1,3.308188
5a03a16d5cc6a42c27f3e40e,5a03b14d5cc6a42c27f3e464,5a03acee5cc6a42c27f3e423,Provo East Stake Lego Derby,DaBoss,2,3.1995039999999997
5a03a16d5cc6a42c27f3e40e,5a03b26a5cc6a42c27f3e47d,5a03acee5cc6a42c27f3e423,Provo East Stake Lego Derby,DaBoss,3,3.367064
5a03a16d5cc6a42c27f3e40e,5a03af5e5cc6a42c27f3e43b,5a03ad475cc6a42c27f3e424,Provo East Stake Lego Derby,Zolrender,1,3.2525079999999997
5a03a16d5cc6a42c27f3e40e,5a03b0365cc6a42c27f3e44a,5a03ad475cc6a42c27f3e424,Provo East Stake Lego Derby,Zolrender,2,3.117444
5a03a16d5cc6a42c27f3e40e,5a03b2195cc6a42c27f3e474,5a03ad475cc6a42c27f3e424,Provo East Stake Lego Derby,Zolrender,3,3.259524
5a03a16d5cc6a42c27f3e40e,5a03b26a5cc6a42c27f3e47a,5a03ad475cc6a42c27f3e424,Provo East Stake Lego Derby,Zolrender,4,3.199656
5a03a16d5cc6a42c27f3e40e,5a03af5e5cc6a42c27f3e43a,5a03adca5cc6a42c27f3e425,Provo East Stake Lego Derby,Eli,2,3.185368
5a03a16d5cc6a42c27f3e40e,5a03b0535cc6a42c27f3e44e,5a03adca5cc6a42c27f3e425,Provo East Stake Lego Derby,Eli,3,3.143932
5a03a16d5cc6a42c27f3e40e,5a03b12d5cc6a42c27f3e45e,5a03adca5cc6a42c27f3e425,Provo East Stake Lego Derby,Eli,4,3.207052
5a03a16d5cc6a42c27f3e40e,5a03b2495cc6a42c27f3e476,5a03adca5cc6a42c27f3e425,Provo East Stake Lego Derby,Eli,1,3.125924
