CarId, Blue1, Yellow1, Green1, Red1, Blue2, Yellow2, Green2, Red2
1 ,  -0.005428999999999906 ,  -0.0029689999999997774 ,  0.031042999999999932 ,  -0.022644999999999804 ,   ,   ,   ,  
2 ,  -0.0015000000000000568 ,  -0.022868000000000333 ,  0.030695999999999835 ,  -0.006328000000000333 ,   ,   ,   ,  
3 ,  0.007966999999999835 ,  0.008251000000000008 ,  0.00532699999999986 ,  -0.021545000000000147 ,   ,   ,   ,  
4 ,  0.017229000000000383 ,  -0.0037429999999996078 ,  -0.007998999999999423 ,  -0.0054869999999995756 ,   ,   ,   ,  
5 ,  0.00595699999999999 ,  0.014085000000000125 ,  -0.004627000000000159 ,  -0.015414999999999957 ,   ,   ,   ,  
6 ,  0.0009959999999997748 ,  0.007271999999999501 ,  -0.000544000000000544 ,  -0.007724000000000508 ,   ,   ,   ,  
7 ,  -0.08943100000000026 ,  0.07147299999999968 ,  -0.11435900000000032 ,  0.13231699999999957 ,   ,   ,   ,  
8 ,  -0.011287999999999965 ,  0.0019160000000000288 ,  -0.017900000000000027 ,  0.027271999999999963 ,   ,   ,   ,  
9 ,  -0.007753999999999817 ,  0.0027620000000001532 ,  0.02405000000000035 ,  -0.019057999999999797 ,   ,   ,   ,  
10 ,  0.01337599999999961 ,  -0.017432000000000336 ,  0.020847999999999534 ,  -0.016792000000000584 ,   ,   ,   ,  
11 ,  0.01649900000000004 ,  0.002054999999999918 ,  -0.006984999999999797 ,  -0.011569000000000162 ,   ,   ,   ,  
12 ,  0.04498399999999991 ,  -0.016439999999999788 ,  -0.0025479999999999947 ,  -0.02599600000000013 ,   ,   ,   ,  
13 ,  0.00680600000000009 ,  0.013897999999999744 ,  -0.00821800000000028 ,  -0.012485999999999997 ,   ,   ,   ,  
14 ,  0.0066350000000001685 ,  -0.01808500000000013 ,  0.01021099999999997 ,  0.0012389999999999901 ,   ,   ,   ,  
15 ,  0.009304000000000201 ,  -0.0027960000000000207 ,  0.001092000000000315 ,  -0.007599999999999607 ,   ,   ,   ,  
16 ,  0.006092999999999904 ,  -0.016191000000000066 ,  -0.002734999999999932 ,  0.012833000000000094 ,   ,   ,   ,  
17 ,  -0.005451000000000317 ,  -0.01719500000000007 ,  0.0008449999999999847 ,  0.02180099999999996 ,   ,   ,   ,  
18 ,  -0.003617999999999899 ,  0.01974600000000004 ,  -0.0008259999999999934 ,  -0.015301999999999705 ,   ,   ,   ,  
19 ,  0.002953999999999901 ,  0.0024619999999999642 ,  0.0010300000000000864 ,  -0.006445999999999952 ,   ,   ,   ,  
20 ,  -0.0009459999999998914 ,  0.007514000000000021 ,  0.003881999999999941 ,  -0.01045000000000007 ,   ,   ,   ,  
21 ,  0.018499000000000265 ,  0.00021100000000018326 ,  -0.013112999999999708 ,  -0.005596999999999852 ,   ,   ,   ,  
22 ,  -0.017825999999999897 ,  0.008798000000000084 ,  -0.006861999999999924 ,  0.015890000000000182 ,   ,   ,   ,  
23 ,  -0.11623400000000039 ,  -0.017314000000000274 ,  -0.02977400000000019 ,  -0.029558000000000195 ,  0.046473999999999904 ,  0.0684619999999998 ,  0.041237999999999886 ,  0.03670599999999968
24 ,  -0.0892735 ,  -0.13424950000000013 ,  -0.06512150000000005 ,  -0.1002535 ,  0.06832649999999996 ,  0.1156864999999998 ,  0.07075849999999972 ,  0.13412649999999982
25 ,  0.008945999999999898 ,  0.030689999999999884 ,  -0.05519400000000019 ,  0.013717999999999897 ,  -0.00031800000000004047 ,  -0.032170000000000254 ,  -0.0011140000000002814 ,  0.03544199999999975
26 ,  -0.018199000000000076 ,  0.00534100000000004 ,  -0.03928300000000018 ,  -0.13963500000000018 ,  0.04120500000000016 ,  0.07824099999999978 ,  0.014657000000000142 ,  0.05767299999999986
27 ,  -0.1126125 ,  -0.11604049999999999 ,  -0.11915649999999989 ,  -0.1275084999999998 ,  0.07527550000000005 ,  0.06859949999999992 ,  0.1515995000000001 ,  0.17984350000000004
28 ,  -0.2167435000000002 ,  -0.19115150000000014 ,  -0.23374750000000022 ,  0.02352849999999984 ,  0.1275284999999995 ,  0.11725249999999976 ,  0.19241249999999965 ,  0.1809204999999996
29 ,  -0.02187500000000009 ,  -0.0409790000000001 ,  -0.029431000000000207 ,  -0.039231000000000016 ,  0.02694099999999988 ,  0.03947699999999976 ,  0.01546499999999984 ,  0.04963300000000004
30 ,  -0.017894499999999702 ,  0.02331350000000043 ,  -0.038190499999999794 ,  -0.020458499999999713 ,  0.08812150000000019 ,  -0.04052649999999991 ,  -0.01587449999999979 ,  0.02150950000000007
31 ,  -0.12815500000000002 ,  -0.14360699999999982 ,  -0.01547900000000002 ,  -0.1857669999999998 ,  0.3392050000000002 ,  0.06568899999999989 ,  0.10985699999999987 ,  -0.041742999999999864
32 ,  0.10233500000000006 ,  -0.04371299999999989 ,  0.027686999999999795 ,  -0.08630899999999997 ,   ,   ,   ,  
33 ,  -0.00866100000000003 ,  0.0069949999999998624 ,  -0.0006249999999998757 ,  0.002291000000000043 ,   ,   ,   ,  
34 ,  0.011028000000000038 ,  0.007283999999999846 ,  -0.008564000000000238 ,  -0.00974800000000009 ,   ,   ,   ,  
35 ,  0.01941800000000038 ,  -0.007229999999999848 ,  -0.007873999999999715 ,  -0.004313999999999929 ,   ,   ,   ,  
36 ,  0.02700500000000039 ,  -0.005230999999999764 ,  -0.003410999999999831 ,  -0.018362999999999907 ,   ,   ,   ,  
37 ,  0.012023999999999813 ,  -0.02051999999999987 ,  -0.017967999999999762 ,  0.02646399999999982 ,   ,   ,   ,  
38 ,  0.04224500000000031 ,  0.06363300000000027 ,  -0.10485899999999981 ,  -0.0010189999999998811 ,   ,   ,   ,  
39 ,  0.030275999999999748 ,  -0.000564000000000231 ,  -0.00024000000000024002 ,  -0.029472000000000165 ,   ,   ,   ,  
40 ,  -0.009809000000000179 ,  -0.013332999999999817 ,  0.023991000000000096 ,  -0.0008490000000000997 ,   ,   ,   ,  
41 ,  -0.00019600000000030704 ,  0.008319999999999883 ,  -0.015908000000000033 ,  0.007784000000000013 ,   ,   ,   ,  
42 ,  0.0021049999999998015 ,  0.012569000000000052 ,  -0.009682999999999886 ,  -0.004990999999999968 ,   ,   ,   ,  
43 ,  -0.002693999999999974 ,  -0.003502000000000116 ,  -0.024685999999999986 ,  0.030881999999999632 ,   ,   ,   ,  
44 ,  0.017430999999999752 ,  -0.006217000000000361 ,  -0.019977000000000356 ,  0.008762999999999632 ,   ,   ,   ,  
45 ,  0.010614999999999597 ,  0.004666999999999977 ,  -0.0108410000000001 ,  -0.004441000000000361 ,   ,   ,   ,  
46 ,  -0.03865300000000005 ,  0.013815000000000133 ,  -0.06736900000000023 ,  0.09220700000000015 ,   ,   ,   ,  
47 ,  0.015234999999999665 ,  -0.01169700000000029 ,  -0.0024810000000003996 ,  -0.0010570000000003077 ,   ,   ,   ,  
48 ,  0.016952999999999996 ,  0.026561000000000057 ,  0.007792999999999939 ,  -0.05130699999999999 ,   ,   ,   ,  
49 ,  0.00037200000000003897 ,  0.006240000000000023 ,  -0.009736000000000189 ,  0.0031239999999996826 ,   ,   ,   ,  
50 ,  -0.0846319999999996 ,  0.0708000000000002 ,  -0.07838399999999979 ,  -0.07721199999999984 ,  0.10348800000000002 ,  -0.08264399999999972 ,  0.07300400000000007 ,  0.07558000000000042
51 ,  -0.4258840000000004 ,  -0.3848440000000002 ,  -0.40802400000000016 ,  -0.2393000000000005 ,  -0.021820000000000395 ,  0.5035239999999996 ,  0.6687079999999996 ,  0.3076399999999997
52 ,  -0.00409550000000003 ,  0.019240499999999994 ,  0.027976500000000293 ,  0.03565250000000031 ,  -0.017303499999999694 ,  -0.023567499999999963 ,  -0.0240594999999999 ,  -0.013843499999999676
53 ,  -0.1801790000000003 ,  -0.16115100000000027 ,  -0.18990300000000016 ,  -0.19375500000000034 ,  0.1815009999999999 ,  0.1447649999999996 ,  0.18133299999999997 ,  0.21738899999999983
54 ,  -0.020837499999999842 ,  0.019610500000000197 ,  -0.023153499999999827 ,  -0.0153774999999996 ,  0.004018500000000369 ,  0.02027050000000008 ,  0.00042650000000010735 ,  0.015042500000000292
55 ,  -0.05039649999999973 ,  -0.02953249999999974 ,  -0.02167249999999976 ,  -0.024740500000000054 ,  0.01610350000000027 ,  0.0377114999999999 ,  0.036739499999999925 ,  0.03578750000000008
56 ,  0.12534199999999984 ,  0.11528999999999989 ,  0.15224599999999988 ,  0.15312199999999976 ,  -0.14422200000000007 ,  -0.17658600000000035 ,  -0.11509800000000014 ,  -0.11009400000000014
57 ,  0.002842999999999929 ,  -0.017381000000000313 ,  0.0067629999999998525 ,  0.014270999999999923 ,  0.013830999999999705 ,  -0.013368999999999964 ,  -0.004577000000000275 ,  -0.0023810000000001885
58 ,  -0.16827799999999948 ,  -0.15715799999999946 ,  -0.2428619999999997 ,  0.041466000000000225 ,  0.12319000000000058 ,  0.32300600000000035 ,  0.21875800000000023 ,  -0.13812199999999963
59 ,  -0.13110100000000013 ,  -0.058185000000000375 ,  -0.0652210000000002 ,  -0.14045300000000038 ,  0.07861099999999999 ,  0.12197499999999994 ,  0.082287 ,  0.11208699999999983
60 ,  -0.050249499999999614 ,  0.004058500000000187 ,  -0.04800149999999981 ,  -0.07093349999999976 ,  0.024346500000000493 ,  0.01029450000000054 ,  0.010810500000000278 ,  0.11967450000000035
61 ,  -0.020961999999999925 ,  -0.03915000000000024 ,  -0.004586000000000201 ,  -0.0003340000000000565 ,  -0.006666000000000061 ,  0.02696999999999994 ,  0.0000019999999998354667 ,  0.04472599999999982
62 ,  -0.03380749999999999 ,  -0.0755634999999999 ,  -0.07943949999999989 ,  -0.0748875 ,  0.07782450000000019 ,  0.06644450000000024 ,  0.03176850000000009 ,  0.08766050000000014
63 ,  -0.030309500000000433 ,  -0.015305500000000194 ,  -0.02112150000000046 ,  0.09846649999999979 ,  -0.010389500000000496 ,  -0.005297500000000177 ,  -0.010765500000000205 ,  -0.00527750000000049
64 ,  0.006032000000000259 ,  0.008244000000000362 ,  -0.015379999999999505 ,  0.001104000000000216 ,   ,   ,   ,  
65 ,  -0.12041749999999984 ,  -0.11972149999999981 ,  -0.13327750000000016 ,  -0.1290095 ,  0.10177050000000021 ,  0.15901850000000017 ,  0.1226345000000002 ,  0.11900250000000012
66 ,  -0.028473000000000415 ,  -0.06513300000000033 ,  -0.11198500000000067 ,  -0.018473000000000628 ,  0.08166699999999949 ,  0.21816299999999966 ,  -0.07312500000000055 ,  -0.0026410000000005596
67 ,  -0.00743500000000008 ,  -0.0007429999999999382 ,  0.00672499999999987 ,  0.0014529999999997045 ,   ,   ,   ,  
68 ,  -0.009559499999999943 ,  0.013760500000000064 ,  0.022244500000000222 ,  -0.030995499999999954 ,  0.05942449999999999 ,  -0.0030394999999998618 ,  0.029148500000000244 ,  -0.08098349999999988
69 ,  0.0766 ,  0.11839200000000005 ,  0.08328399999999991 ,  0.055608000000000324 ,  -0.06355200000000005 ,  -0.09643200000000007 ,  -0.08795999999999982 ,  -0.0859399999999999
70 ,  -0.009579000000000448 ,  -0.026683000000000234 ,  0.01714099999999963 ,  0.01912099999999972 ,   ,   ,   ,  
71 ,  0.0005910000000000082 ,  0.027419000000000082 ,  -0.009157000000000082 ,  -0.01885300000000001 ,   ,   ,   ,  
72 ,  0.01061600000000018 ,  -0.024680000000000035 ,  0.022823999999999955 ,  -0.008760000000000101 ,   ,   ,   ,  
73 ,  -0.017815000000000136 ,  -0.008491000000000248 ,  0.008044999999999636 ,  0.01826099999999986 ,   ,   ,   ,  
74 ,  -0.0015009999999997525 ,  -0.005112999999999701 ,  -0.007288999999999657 ,  0.013903000000000443 ,   ,   ,   ,  
75 ,  -0.004906000000000521 ,  0.014245999999999537 ,  -0.00419000000000036 ,  -0.005150000000000432 ,   ,   ,   ,  
76 ,  0.07860099999999992 ,  0.034260999999999875 ,  -0.06385899999999989 ,  -0.04900299999999991 ,   ,   ,   ,  
77 ,  -0.031130999999999798 ,  -0.019083000000000183 ,  0.00874499999999978 ,  0.0414690000000002 ,   ,   ,   ,  
78 ,  0.0792010000000003 ,  -0.08417099999999955 ,  -0.0006429999999997271 ,  0.005613000000000312 ,   ,   ,   ,  
79 ,  -0.21455400000000013 ,  0.26364199999999993 ,  -0.04485399999999995 ,  -0.004233999999999849 ,   ,   ,   ,  
80 ,  -0.014344999999999608 ,  0.00301499999999999 ,  0.032650999999999986 ,  -0.021320999999999923 ,   ,   ,   ,  
81 ,  -0.014287999999999634 ,  0.022728000000000304 ,  -0.018323999999999785 ,  0.009884000000000448 ,   ,   ,   ,  
82 ,  0.048966000000000065 ,  -0.04781000000000013 ,  0.035838000000000036 ,  -0.03699399999999997 ,   ,   ,   ,  
83 ,  -0.0032680000000002707 ,  -0.0626199999999999 ,  0.020227999999999913 ,  0.04565999999999981 ,   ,   ,   ,  
84 ,  -0.0010709999999996 ,  0.05246100000000009 ,  -0.018590999999999802 ,  -0.0327989999999998 ,   ,   ,   ,  
85 ,  0.10742399999999996 ,  0.2277 ,  -0.39960400000000007 ,  0.06448000000000009 ,   ,   ,   ,  
86 ,  0.011918999999999791 ,  0.0005310000000000592 ,  0.003807000000000116 ,  -0.016256999999999966 ,   ,   ,   ,  
87 ,  0.07374199999999975 ,  0.09250599999999976 ,  -0.07335000000000003 ,  -0.09289799999999993 ,   ,   ,   ,  
88 ,  -0.005470000000000308 ,  -0.0007340000000000124 ,  -0.008950000000000014 ,  0.01515399999999989 ,   ,   ,   ,  
89 ,  0.07273400000000008 ,  0.08191000000000015 ,  -0.15171400000000013 ,  -0.002930000000000099 ,   ,   ,   ,  
90 ,  0.04483100000000029 ,  0.0007550000000002832 ,  -0.011884999999999923 ,  -0.03370099999999976 ,   ,   ,   ,  
91 ,  0.2275689999999999 ,  -0.058171000000000195 ,  -0.06314300000000017 ,  -0.10625499999999999 ,   ,   ,   ,  
92 ,  -0.02321799999999996 ,  0.03692999999999991 ,  -0.06184199999999995 ,  0.048130000000000006 ,   ,   ,   ,  
93 ,  -0.006917999999999758 ,  -0.030285999999999813 ,  0.016618000000000244 ,  0.020586000000000215 ,   ,   ,   ,  
94 ,  0.006549999999999834 ,  0.002597999999999434 ,  -0.0024020000000004593 ,  -0.006746000000000141 ,   ,   ,   ,  
95 ,  0.04314299999999971 ,  0.030675000000000008 ,  -0.04487299999999994 ,  -0.02894500000000022 ,   ,   ,   ,  
96 ,  -0.08503499999999997 ,  -0.11787100000000006 ,  -0.10930700000000027 ,  0.0033409999999998163 ,  0.11594099999999985 ,  0.025389000000000106 ,  0.08696899999999985 ,  0.08057299999999978
97 ,  -0.13298599999999938 ,  -0.00927399999999956 ,  0.1410900000000006 ,  0.038982000000000294 ,  0.14373400000000025 ,  0.1416460000000006 ,  -0.1911539999999996 ,  -0.13203799999999966
98 ,  -9.999999996956888e-7 ,  0.009687000000000445 ,  -0.006152999999999853 ,  -0.014600999999999864 ,  0.008391000000000481 ,  -0.009860999999999454 ,  -0.0005849999999996136 ,  0.013123000000000218
99 ,  -0.030322499999999586 ,  -0.04583449999999978 ,  -0.031190499999999677 ,  -0.036426499999999695 ,  0.039325500000000346 ,  0.0744735000000003 ,  0.02477750000000034 ,  0.00519750000000041
100 ,  -0.0016060000000002184 ,  -0.021626000000000367 ,  -0.008926000000000212 ,  -0.004094000000000264 ,  0.01574999999999971 ,  0.004605999999999444 ,  0.007301999999999698 ,  0.008593999999999546
101 ,  -0.07444300000000004 ,  -0.0916509999999997 ,  -0.08826299999999998 ,  -0.09310699999999983 ,  0.07858900000000002 ,  0.09712900000000024 ,  0.08625700000000025 ,  0.08548900000000037
102 ,  -0.10574549999999983 ,  -0.12612949999999978 ,  -0.08515749999999978 ,  -0.15252949999999954 ,  0.12552650000000032 ,  0.12455050000000023 ,  0.10510650000000021 ,  0.11437850000000038
103 ,  0.1497474999999997 ,  0.14736349999999998 ,  0.13917149999999978 ,  0.18134749999999977 ,  -0.1453685 ,  -0.16151250000000017 ,  -0.15846050000000034 ,  -0.15228850000000005
104 ,  0.010358999999999785 ,  -0.009573000000000498 ,  -0.0028930000000002565 ,  0.002106999999999637 ,   ,   ,   ,  
105 ,  0.004789000000000154 ,  0.0034450000000001424 ,  -0.003230999999999984 ,  -0.005002999999999869 ,   ,   ,   ,  
106 ,  -0.013770999999999756 ,  -0.009415000000000173 ,  0.017525000000000013 ,  0.005660999999999916 ,   ,   ,   ,  
107 ,  0.008535999999999877 ,  -0.0031360000000000277 ,  -0.000568000000000346 ,  -0.0048319999999999474 ,   ,   ,   ,  
108 ,  -0.08017300000000027 ,  -0.1301610000000002 ,  -0.199697 ,  0.41003100000000003 ,   ,   ,   ,  
109 ,  -0.10968 ,  0.10740399999999983 ,  -0.04553200000000013 ,  0.04780799999999985 ,   ,   ,   ,  
110 ,  0.02588299999999988 ,  -0.005297000000000107 ,  -0.0020330000000003956 ,  -0.018553000000000264 ,   ,   ,   ,  
111 ,  -0.021734000000000364 ,  0.021997999999999962 ,  0.018209999999999837 ,  -0.018474000000000323 ,   ,   ,   ,  
112 ,  -0.006156000000000272 ,  -0.13923599999999992 ,  -0.11934800000000001 ,  0.26473999999999975 ,   ,   ,   ,  
113 ,  -1.4751110000000005 ,  0.20076499999999964 ,  0.6216729999999995 ,  0.6526730000000001 ,   ,   ,   ,  
114 ,  0.0004450000000000287 ,  0.02126500000000009 ,  -0.03907499999999997 ,  0.017365000000000297 ,   ,   ,   ,  
115 ,  -0.014653000000000027 ,  -0.010460999999999832 ,  -0.006212999999999802 ,  0.031327000000000105 ,   ,   ,   ,  
116 ,  0.09579300000000046 ,  -0.03938699999999962 ,  -0.05843899999999991 ,  0.0020330000000003956 ,   ,   ,   ,  
117 ,  -0.012553000000000036 ,  0.001894999999999758 ,  -0.003916999999999948 ,  0.014574999999999783 ,   ,   ,   ,  
118 ,  -0.03521699999999983 ,  -0.03704099999999988 ,  0.09713899999999986 ,  -0.024881000000000153 ,   ,   ,   ,  
119 ,  -0.012925999999999771 ,  0.0008620000000001404 ,  -0.05119399999999974 ,  0.06325800000000026 ,   ,   ,   ,  
120 ,  0.08762999999999987 ,  -0.12164600000000014 ,  0.04810200000000009 ,  -0.014085999999999821 ,   ,   ,   ,  
121 ,  0.003658000000000605 ,  0.011742000000000363 ,  -0.00516599999999956 ,  -0.010233999999999632 ,   ,   ,   ,  
122 ,  0.08308399999999994 ,  -0.07887600000000017 ,  0.06947999999999999 ,  -0.0736880000000002 ,   ,   ,   ,  
123 ,  -0.006644000000000538 ,  -0.014312000000000324 ,  0.013187999999999533 ,  0.007767999999999553 ,   ,   ,   ,  
124 ,  0.014795000000000336 ,  0.06616300000000042 ,  -0.08120899999999986 ,  0.0002510000000004453 ,   ,   ,   ,  
125 ,  0.16014000000000017 ,  -0.03467599999999971 ,  -0.0514319999999997 ,  -0.07403199999999988 ,   ,   ,   ,  
126 ,  -0.001978999999999953 ,  -0.01685099999999995 ,  0.022572999999999954 ,  -0.003743000000000052 ,   ,   ,   ,  
127 ,  -0.0063349999999995354 ,  0.00017300000000020077 ,  0.012589000000000183 ,  -0.006426999999999516 ,   ,   ,   ,  
128 ,  -0.004578999999999667 ,  0.003977000000000341 ,  -0.009054999999999591 ,  0.009657000000000249 ,   ,   ,   ,  
129 ,  -0.01708099999999968 ,  -0.00032499999999968665 ,  0.015035000000000132 ,  0.002371000000000123 ,   ,   ,   ,  
130 ,  -0.000640000000000196 ,  -0.0046880000000002475 ,  -0.019908000000000037 ,  0.025235999999999592 ,   ,   ,   ,  
131 ,  -0.006791999999999909 ,  -0.014479999999999826 ,  0.05065199999999992 ,  -0.029380000000000184 ,   ,   ,   ,  
132 ,  0.08759800000000029 ,  -0.06642999999999999 ,  -0.1353019999999998 ,  0.1141340000000004 ,   ,   ,   ,  
133 ,  0.021404000000000423 ,  -0.030487999999999627 ,  0.03147200000000039 ,  -0.022387999999999852 ,   ,   ,   ,  
134 ,  0.13491099999999978 ,  0.1317229999999996 ,  -0.1735530000000005 ,  -0.09308100000000019 ,   ,   ,   ,  
135 ,  2.9370359999999995 ,  -0.9622120000000001 ,  -0.9911120000000002 ,  -0.9837120000000001 ,   ,   ,   ,  
136 ,  0.006085999999999814 ,  -0.00851000000000024 ,  -0.057090000000000085 ,  0.05951399999999962 ,   ,   ,   ,  
137 ,  0.015924999999999745 ,  0.024252999999999858 ,  -0.011267000000000138 ,  -0.02891099999999991 ,   ,   ,   ,  
138 ,  -0.0002319999999995659 ,  0.0053520000000002454 ,  0.006816000000000155 ,  -0.011935999999999947 ,   ,   ,   ,  
139 ,  -0.07196800000000003 ,  -0.04459599999999986 ,  0.04681600000000019 ,  0.06974800000000014 ,   ,   ,   ,  
140 ,  0.011576999999999948 ,  0.006528999999999563 ,  -0.003635000000000055 ,  -0.014471000000000345 ,   ,   ,   ,  
141 ,  0.01607000000000003 ,  -0.0019379999999999953 ,  -0.01610599999999973 ,  0.0019740000000001423 ,   ,   ,   ,  
142 ,  0.019039999999999946 ,  -0.02328399999999986 ,  -0.005295999999999967 ,  0.009539999999999882 ,   ,   ,   ,  
143 ,  -0.005875000000000075 ,  -0.0011149999999999771 ,  -0.01299500000000009 ,  0.019984999999999697 ,   ,   ,   ,  
144 ,  -0.008840000000000181 ,  -0.0025520000000001097 ,  0.006256000000000039 ,  0.0051360000000002515 ,   ,   ,   ,  
145 ,  0.008096000000000103 ,  0.028567999999999927 ,  -0.017948000000000075 ,  -0.018715999999999955 ,   ,   ,   ,  
146 ,  -0.004235000000000433 ,  0.015092999999999801 ,  -0.013991000000000309 ,  0.0031329999999996083 ,   ,   ,   ,  
148 ,  -0.002721999999999891 ,  -0.007006000000000068 ,  0.01492199999999988 ,  -0.005193999999999921 ,   ,   ,   ,  
149 ,  -0.20357500000000028 ,  0.6808889999999996 ,  -0.14648300000000036 ,  -0.3308310000000003 ,   ,   ,   ,  
150 ,  0.006279999999999841 ,  -0.0054280000000002104 ,  0.0035279999999997536 ,  -0.0043800000000002726 ,   ,   ,   ,  
151 ,  0.03654599999999997 ,  -0.031498000000000026 ,  0.013777999999999846 ,  -0.018825999999999787 ,   ,   ,   ,  
152 ,  0.014500000000000401 ,  -0.011287999999999965 ,  0.000444000000000333 ,  -0.0036559999999998816 ,   ,   ,   ,  
153 ,  0.0348379999999997 ,  0.0009739999999998084 ,  -0.01176200000000005 ,  -0.02405000000000035 ,   ,   ,   ,  
154 ,  -0.0033609999999999474 ,  0.018487000000000364 ,  -0.0013729999999996245 ,  -0.013752999999999904 ,   ,   ,   ,  
155 ,  0.010829999999999895 ,  -0.009542000000000161 ,  0.0017699999999996052 ,  -0.003058000000000227 ,   ,   ,   ,  
156 ,  0.032035000000000036 ,  -0.0034650000000002734 ,  0.010034999999999794 ,  -0.038605 ,   ,   ,   ,  
157 ,  0.010564000000000018 ,  -0.0043359999999998955 ,  0.01970800000000006 ,  -0.02593600000000018 ,   ,   ,   ,  
158 ,  0.01817100000000016 ,  -0.01670899999999964 ,  0.0073430000000000994 ,  -0.00880499999999973 ,   ,   ,   ,  
159 ,  0.020389999999999908 ,  -0.005257999999999985 ,  -0.011614000000000235 ,  -0.003518000000000132 ,   ,   ,   ,  
160 ,  -0.011877999999999833 ,  0.022154000000000007 ,  -0.0326019999999998 ,  0.022326000000000068 ,   ,   ,   ,  
161 ,  0.011903999999999915 ,  -0.009084000000000092 ,  0.002104000000000106 ,  -0.0049239999999999284 ,   ,   ,   ,  
162 ,  0.16315100000000005 ,  0.04591499999999993 ,  0.10912699999999997 ,  -0.31819299999999995 ,   ,   ,   ,  
163 ,  -0.011242999999999892 ,  -0.013271000000000033 ,  0.0297010000000002 ,  -0.005186999999999831 ,   ,   ,   ,  
164 ,  0.002994000000000163 ,  0.005082000000000253 ,  -0.0013459999999998473 ,  -0.006730000000000125 ,   ,   ,   ,  
165 ,  0.018909000000000287 ,  -0.001674999999999649 ,  -0.042438999999999893 ,  0.025205000000000144 ,   ,   ,   ,  
166 ,  -0.005933000000000188 ,  -0.03912100000000018 ,  -0.012808999999999848 ,  0.057862999999999776 ,   ,   ,   ,  
167 ,  0.016267999999999727 ,  0.01560399999999973 ,  -0.015052000000000287 ,  -0.0168200000000005 ,   ,   ,   ,  
168 ,  -0.08098699999999992 ,  0.06689699999999998 ,  0.060652999999999846 ,  -0.04656299999999991 ,   ,   ,   ,  
169 ,  -0.00470899999999963 ,  -0.017668999999999713 ,  0.009295000000000275 ,  0.0130830000000004 ,   ,   ,   ,  
170 ,  0.044331999999999816 ,  -0.0047280000000000655 ,  -0.061944 ,  0.022339999999999804 ,   ,   ,   ,  
171 ,  -0.09410400000000019 ,  0.08897600000000017 ,  0.006139999999999812 ,  -0.0010119999999997908 ,   ,   ,   ,  
172 ,  0.05600900000000042 ,  0.05458100000000021 ,  -0.08691099999999974 ,  -0.02367899999999956 ,   ,   ,   ,  
173 ,  0.003722000000000225 ,  0.004005999999999954 ,  -0.007213999999999832 ,  -0.0005139999999999034 ,   ,   ,   ,  
174 ,  -0.045410999999999646 ,  0.020221000000000267 ,  -0.040382999999999836 ,  0.0655730000000001 ,   ,   ,   ,  
176 ,  -0.0318179999999999 ,  0.011278000000000343 ,  0.005794000000000299 ,  0.014746000000000148 ,   ,   ,   ,  
177 ,  -0.004887000000000086 ,  0.008713000000000193 ,  -0.0063670000000000115 ,  0.0025409999999999044 ,   ,   ,   ,  
178 ,  -0.02349599999999974 ,  0.06431200000000015 ,  -0.009323999999999888 ,  -0.031492000000000075 ,   ,   ,   ,  
179 ,  0.005055000000000032 ,  -0.028748999999999914 ,  0.01641899999999996 ,  0.00727499999999992 ,   ,   ,   ,  
180 ,  0.030934999999999935 ,  -0.005557000000000034 ,  -0.008417000000000119 ,  -0.016961000000000226 ,   ,   ,   ,  
181 ,  0.014285000000000103 ,  -0.0069870000000000765 ,  -0.018514999999999837 ,  0.011217000000000255 ,   ,   ,   ,  
182 ,  0.001751000000000058 ,  0.00231899999999996 ,  -0.012709000000000081 ,  0.008639000000000063 ,   ,   ,   ,  
183 ,  -0.005466999999999889 ,  -0.002630999999999606 ,  -0.002630999999999606 ,  0.010729000000000433 ,   ,   ,   ,  
184 ,  0.013395000000000046 ,  0.021215000000000206 ,  0.00803900000000013 ,  -0.04264899999999994 ,   ,   ,   ,  
185 ,  0.005382999999999694 ,  -0.011585000000000623 ,  0.006870999999999405 ,  -0.0006690000000002527 ,   ,   ,   ,  
186 ,  0.055998000000000214 ,  -0.008874000000000049 ,  -0.032033999999999896 ,  -0.015089999999999826 ,   ,   ,   ,  
187 ,  0.03674699999999964 ,  -0.00944500000000037 ,  -0.007737000000000549 ,  -0.0195650000000005 ,   ,   ,   ,  
188 ,  0.0038010000000001654 ,  0.03782500000000022 ,  -0.011387000000000036 ,  -0.030238999999999905 ,   ,   ,   ,  
189 ,  0.02767799999999987 ,  -0.015690000000000204 ,  -0.02477399999999985 ,  0.012786000000000186 ,   ,   ,   ,  
190 ,  0.00386299999999995 ,  0.004370999999999903 ,  -0.006797000000000164 ,  -0.0014370000000001326 ,   ,   ,   ,  
191 ,  0.0012279999999997848 ,  -0.009011999999999798 ,  0.007200000000000095 ,  0.0005839999999999179 ,   ,   ,   ,  
192 ,  0.010499999999999954 ,  -0.0041440000000001476 ,  0.00040400000000007097 ,  -0.006759999999999877 ,   ,   ,   ,  
193 ,  0.03056900000000029 ,  -0.0061149999999994264 ,  -0.02003499999999958 ,  -0.004418999999999507 ,   ,   ,   ,  
194 ,  -0.015257000000000076 ,  -0.016897000000000162 ,  0.02832699999999999 ,  0.0038269999999998028 ,   ,   ,   ,  
195 ,  0.012391000000000041 ,  -0.0031250000000002665 ,  0.0063749999999997975 ,  -0.015641000000000016 ,   ,   ,   ,  
196 ,  0.002745999999999693 ,  0.006402000000000019 ,  -0.005946000000000229 ,  -0.003201999999999927 ,   ,   ,   ,  
197 ,  -0.02009799999999995 ,  -0.027498000000000022 ,  0.06606600000000018 ,  -0.01847000000000021 ,   ,   ,   ,  
198 ,  0.009097000000000133 ,  -0.0290790000000003 ,  -0.010739000000000054 ,  0.030720999999999776 ,   ,   ,   ,  
199 ,  0.006752999999999787 ,  0.005720999999999865 ,  -0.009879000000000193 ,  -0.002595000000000347 ,   ,   ,   ,  
200 ,  0.0410320000000004 ,  -0.03572799999999976 ,  -0.013871999999999662 ,  0.008568000000000353 ,   ,   ,   ,  
201 ,  -0.0029040000000000177 ,  0.008064000000000071 ,  -0.0016799999999999038 ,  -0.0034799999999997056 ,   ,   ,   ,  
202 ,  0.036446999999999896 ,  -0.037600999999999996 ,  -0.0017730000000000246 ,  0.002927000000000124 ,   ,   ,   ,  
203 ,  -0.0009790000000000632 ,  -0.007414999999999949 ,  0.0102850000000001 ,  -0.001891000000000087 ,   ,   ,   ,  
204 ,  -0.020095000000000418 ,  -0.018755000000000077 ,  0.039368999999999765 ,  -0.0005190000000001582 ,   ,   ,   ,  
205 ,  -0.0038479999999996295 ,  0.0023320000000000007 ,  0.0017200000000001658 ,  -0.0002039999999996489 ,   ,   ,   ,  
206 ,  -0.004077000000000108 ,  0.0010590000000001432 ,  0.010243000000000002 ,  -0.007225000000000037 ,   ,   ,   ,  
207 ,  0.041757000000000044 ,  -0.00563899999999995 ,  -0.03116299999999983 ,  -0.004954999999999821 ,   ,   ,   ,  
208 ,  0.0019039999999996837 ,  0.008875999999999884 ,  -0.023436000000000234 ,  0.012655999999999779 ,   ,   ,   ,  
209 ,  -0.009344000000000463 ,  -0.0032840000000007308 ,  -0.010636000000000312 ,  0.023263999999999285 ,   ,   ,   ,  
210 ,  -0.036407999999999774 ,  -0.05323599999999962 ,  0.03994800000000032 ,  0.049696000000000407 ,   ,   ,   ,  
211 ,  0.005158999999999914 ,  -0.006241000000000163 ,  -0.00005699999999997374 ,  0.0011390000000002232 ,   ,   ,   ,  
212 ,  0.0030129999999997104 ,  0.010345000000000049 ,  -0.003403000000000045 ,  -0.009955000000000158 ,   ,   ,   ,  
213 ,  -0.00261499999999959 ,  0.007745000000000335 ,  -0.009330999999999534 ,  0.004201000000000121 ,   ,   ,   ,  
214 ,  0.008764000000000216 ,  -0.0022359999999999047 ,  -0.0008040000000000269 ,  -0.00572399999999984 ,   ,   ,   ,  
215 ,  0.008439000000000085 ,  -0.025196999999999914 ,  0.007322999999999968 ,  0.00943499999999986 ,   ,   ,   ,  
216 ,  0.003043000000000351 ,  -0.0026089999999996394 ,  0.0000910000000002853 ,  -0.0005249999999996646 ,   ,   ,   ,  
217 ,  0.0032010000000002314 ,  0.004917000000000282 ,  -0.00400699999999965 ,  -0.004110999999999976 ,   ,   ,   ,  
218 ,  0.009173999999999793 ,  0.003921999999999759 ,  -0.00804600000000022 ,  -0.005050000000000221 ,   ,   ,   ,  
219 ,  0.007544999999999913 ,  -0.014495000000000147 ,  0.003972999999999782 ,  0.0029770000000000074 ,   ,   ,   ,  
220 ,  0.026792999999999623 ,  -0.06422300000000014 ,  0.07132899999999998 ,  -0.033899000000000346 ,   ,   ,   ,  
221 ,  -0.0009030000000000982 ,  0.0024410000000001375 ,  0.009088999999999903 ,  -0.010626999999999942 ,   ,   ,   ,  
222 ,  0.013315999999999661 ,  0.012163999999999842 ,  -0.02620800000000001 ,  0.0007280000000000619 ,   ,   ,   ,  
223 ,  -0.007824999999999527 ,  -0.0008089999999998376 ,  -0.004596999999999518 ,  0.013231000000000215 ,   ,   ,   ,  
224 ,  -0.0002949999999999342 ,  -0.006379000000000357 ,  -0.00618300000000005 ,  0.012856999999999896 ,   ,   ,   ,  
225 ,  0.008894999999999875 ,  -0.0021849999999998815 ,  -0.017104999999999926 ,  0.010394999999999932 ,   ,   ,   ,  
226 ,  0.02760499999999988 ,  -0.008839000000000041 ,  -0.013767000000000085 ,  -0.004998999999999754 ,   ,   ,   ,  
227 ,  -0.038222999999999896 ,  -0.0958429999999999 ,  0.17154500000000006 ,  -0.03747899999999982 ,   ,   ,   ,  
228 ,  0.002894999999999648 ,  0.024542999999999537 ,  -0.023045000000000204 ,  -0.004393000000000313 ,   ,   ,   ,  
229 ,  -0.0018479999999998498 ,  -0.009119999999999795 ,  -0.00020800000000020802 ,  0.011175999999999853 ,   ,   ,   ,  
230 ,  0.018757000000000357 ,  -0.002990999999999744 ,  -0.043107000000000006 ,  0.027341000000000282 ,   ,   ,   ,  
231 ,  -0.04741699999999982 ,  0.003171000000000035 ,  0.02327900000000005 ,  0.02096700000000018 ,   ,   ,   ,  
232 ,  -0.025021999999999878 ,  -0.018930000000000113 ,  0.053577999999999903 ,  -0.009625999999999912 ,   ,   ,   ,  
233 ,  -0.014361000000000068 ,  0.03656300000000012 ,  -0.021380999999999872 ,  -0.0008209999999997386 ,   ,   ,   ,  
234 ,  -0.01645399999999997 ,  -0.004842000000000013 ,  0.031121999999999872 ,  -0.009826000000000334 ,   ,   ,   ,  
235 ,  -0.0007549999999998391 ,  0.0032529999999999504 ,  -0.00626300000000013 ,  0.0037650000000000183 ,   ,   ,   ,  
236 ,  -0.0010380000000003164 ,  -0.0006379999999999164 ,  0.004525999999999808 ,  -0.002850000000000019 ,   ,   ,   ,  
237 ,  0.007271999999999945 ,  0.01168799999999992 ,  -0.019616000000000078 ,  0.000656000000000212 ,   ,   ,   ,  
238 ,  0.0015779999999998573 ,  -0.018129999999999757 ,  -0.014349999999999863 ,  0.030902000000000207 ,   ,   ,   ,  
239 ,  -0.05916900000000025 ,  0.067863 ,  -0.04534899999999986 ,  0.036655000000000104 ,   ,   ,   ,  
240 ,  0.044386999999999954 ,  0.008062999999999931 ,  -0.03949699999999989 ,  -0.012952999999999992 ,   ,   ,   ,  
241 ,  0.0059829999999996275 ,  -0.0009130000000001637 ,  -0.01477700000000004 ,  0.009706999999999688 ,   ,   ,   ,  
242 ,  0.0008449999999999847 ,  -0.022490999999999595 ,  0.0424490000000004 ,  -0.020802999999999905 ,   ,   ,   ,  
243 ,  0.005694000000000088 ,  0.010229999999999961 ,  -0.006842000000000237 ,  -0.009082000000000257 ,   ,   ,   ,  
244 ,  0.004265999999999881 ,  -0.0015260000000001384 ,  0.002769999999999939 ,  -0.005510000000000126 ,   ,   ,   ,  
245 ,  0.02327900000000005 ,  -0.036589000000000205 ,  0.016986999999999863 ,  -0.0036770000000001524 ,   ,   ,   ,  
246 ,  0.00041000000000046555 ,  0.004994000000000387 ,  -0.004921999999999649 ,  -0.0004819999999998714 ,   ,   ,   ,  
247 ,  0.005527000000000282 ,  -0.05632899999999985 ,  0.016663000000000316 ,  0.03413900000000014 ,   ,   ,   ,  
248 ,  0.006301999999999808 ,  0.0008539999999999104 ,  -0.0011780000000003454 ,  -0.005978000000000261 ,   ,   ,   ,  
249 ,  0.002447000000000088 ,  -0.01649300000000009 ,  0.014883000000000202 ,  -0.0008369999999997546 ,   ,   ,   ,  
250 ,  0.001014999999999766 ,  -0.004701000000000288 ,  0.013258999999999688 ,  -0.009573000000000054 ,   ,   ,   ,  
251 ,  -0.03775100000000009 ,  0.032829 ,  -0.031398999999999955 ,  0.03632100000000005 ,   ,   ,   ,  
252 ,  0.1675770000000001 ,  -0.11611899999999986 ,  -0.08949099999999977 ,  0.038032999999999983 ,   ,   ,   ,  
253 ,  0.0067829999999999835 ,  -0.004677000000000042 ,  -0.008201000000000125 ,  0.006095000000000184 ,   ,   ,   ,  
254 ,  0.01669500000000035 ,  -0.01400099999999993 ,  -0.007520999999999667 ,  0.004827000000000137 ,   ,   ,   ,  
255 ,  -0.00022799999999989495 ,  0.0029439999999998356 ,  0.008624000000000187 ,  -0.011340000000000128 ,   ,   ,   ,  
256 ,  0.00911699999999982 ,  -0.004471000000000114 ,  0.004468999999999834 ,  -0.009115000000000428 ,   ,   ,   ,  
257 ,  0.02084200000000047 ,  -0.012285999999999575 ,  -0.0016579999999994932 ,  -0.006897999999999627 ,   ,   ,   ,  
258 ,  0.018577000000000066 ,  -0.003667000000000087 ,  -0.00309500000000007 ,  -0.011814999999999909 ,   ,   ,   ,  
259 ,  0.004534000000000038 ,  0.0007220000000001114 ,  -0.0013779999999998793 ,  -0.003877999999999826 ,   ,   ,   ,  
260 ,  0.004210999999999743 ,  -0.003953000000000095 ,  0.001782999999999646 ,  -0.0020410000000001816 ,   ,   ,   ,  
261 ,  -0.012312999999999796 ,  0.008403000000000382 ,  0.01121900000000009 ,  -0.007308999999999788 ,   ,   ,   ,  
262 ,  -0.005377000000000187 ,  0.013498999999999928 ,  -0.008105000000000029 ,  -0.00001700000000015578 ,   ,   ,   ,  
263 ,  0.0017679999999997698 ,  0.008960000000000079 ,  -0.00967600000000024 ,  -0.001052000000000053 ,   ,   ,   ,  
264 ,  0.00789300000000015 ,  -0.00841499999999984 ,  0.024125000000000174 ,  -0.02360300000000004 ,   ,   ,   ,  
265 ,  0.008780999999999928 ,  0.0026730000000001475 ,  -0.008027000000000228 ,  -0.003426999999999847 ,   ,   ,   ,  
266 ,  0.006003999999999898 ,  0.005443999999999782 ,  -0.0034160000000000856 ,  -0.008032000000000039 ,   ,   ,   ,  
267 ,  0.009588999999999626 ,  0.005304999999999893 ,  -0.005115000000000425 ,  -0.009779000000000426 ,   ,   ,   ,  
268 ,  0.02033800000000019 ,  -0.009525999999999701 ,  -0.006489999999999885 ,  -0.004321999999999715 ,   ,   ,   ,  
269 ,  -0.022160999999999653 ,  0.009707000000000132 ,  0.044103000000000225 ,  -0.031648999999999816 ,   ,   ,   ,  
270 ,  0.05193699999999968 ,  -0.004159000000000024 ,  -0.03869100000000003 ,  -0.009087000000000067 ,   ,   ,   ,  
271 ,  0.0036879999999999136 ,  0.0014159999999998618 ,  0.0007479999999997489 ,  -0.005851999999999968 ,   ,   ,   ,  
272 ,  -0.027410000000000156 ,  0.017973999999999712 ,  0.004849999999999799 ,  0.004585999999999757 ,   ,   ,   ,  
273 ,  -0.0013250000000000206 ,  0.00042699999999973315 ,  0.019822999999999702 ,  -0.018925000000000303 ,   ,   ,   ,  
274 ,  -0.0009130000000001637 ,  0.10111099999999995 ,  -0.05952899999999994 ,  -0.040668999999999844 ,   ,   ,   ,  
275 ,   ,  0.13826000000000027 ,  -0.0677319999999999 ,  -0.07052799999999992 ,   ,   ,   ,  
276 ,  0.03145599999999993 ,  -0.05832000000000015 ,  0.047800000000000065 ,  -0.020935999999999844 ,   ,   ,   ,  
277 ,  0.022804999999999964 ,  0.005452999999999708 ,  -0.02636700000000003 ,  -0.001891000000000087 ,   ,   ,   ,  
278 ,  -0.004288000000000292 ,  0.0012439999999998008 ,  -0.005543999999999993 ,  0.00858800000000004 ,   ,   ,   ,  
279 ,  -0.003306999999999949 ,  0.02472899999999978 ,  0.0037970000000000503 ,  -0.025219000000000324 ,   ,   ,   ,  
280 ,  0.08799299999999999 ,  -0.30969900000000017 ,  0.1305489999999998 ,  0.09115699999999993 ,   ,   ,   ,  
281 ,  0.006774000000000058 ,  -0.003594000000000097 ,  -0.029085999999999945 ,  0.025905999999999985 ,   ,   ,   ,  
282 ,  0.012985000000000024 ,  0.014445000000000263 ,  -0.019226999999999883 ,  -0.00820299999999996 ,   ,   ,   ,  
283 ,  0.04523699999999975 ,  -0.03347900000000026 ,  0.0323089999999997 ,  -0.04406700000000008 ,   ,   ,   ,  
284 ,  -0.07924400000000009 ,  -0.08170800000000034 ,  0.27694399999999986 ,  -0.11599200000000032 ,   ,   ,   ,  
285 ,  -0.10964299999999971 ,  0.035973000000000255 ,  0.0779930000000002 ,  -0.004322999999999855 ,   ,   ,   ,  
286 ,  0.018571000000000115 ,  0.004419000000000395 ,  -0.015888999999999598 ,  -0.00710099999999958 ,   ,   ,   ,  
287 ,  -0.012612999999999985 ,  0.028186999999999962 ,  -0.005673000000000261 ,  -0.00990100000000016 ,   ,   ,   ,  
288 ,  -0.06163799999999986 ,  -0.09050599999999998 ,  0.2598099999999999 ,  -0.10766600000000004 ,   ,   ,   ,  
289 ,  0.009901999999999855 ,  0.00285399999999969 ,  -0.012186000000000252 ,  -0.0005700000000001815 ,   ,   ,   ,  
290 ,  0.262556 ,  0.020432000000000006 ,  -0.14924400000000038 ,  -0.13374400000000009 ,   ,   ,   ,  
291 ,   ,   ,   ,   ,   ,   ,   ,  
292 ,  -0.0136879999999997 ,  -0.00038399999999993994 ,  0.015900000000000247 ,  -0.0018279999999997187 ,   ,   ,   ,  
293 ,  0.00844200000000006 ,  0.013597999999999999 ,  -0.010025999999999868 ,  -0.012013999999999747 ,   ,   ,   ,  
294 ,  0.0019820000000003724 ,  -0.0007660000000000444 ,  0.00449400000000022 ,  -0.00570999999999966 ,   ,   ,   ,  
295 ,  0.017729000000000106 ,  -0.01985899999999985 ,  0.027489000000000097 ,  -0.02535899999999991 ,   ,   ,   ,  
296 ,  -0.011090999999999962 ,  0.023181000000000118 ,  -0.051118999999999915 ,  0.0390290000000002 ,   ,   ,   ,  
297 ,  -0.013599000000000139 ,  0.0038450000000000983 ,  -0.027975000000000083 ,  0.037729000000000124 ,   ,   ,   ,  
298 ,  -0.046745000000000037 ,  0.022171000000000163 ,  -0.016512999999999778 ,  0.041087000000000096 ,   ,   ,   ,  
299 ,  -0.014603000000000144 ,  0.018440999999999708 ,  -0.01569900000000013 ,  0.011860999999999677 ,   ,   ,   ,  
300 ,  0.0021620000000002193 ,  0.017650000000000166 ,  -0.0010979999999998213 ,  -0.018713999999999675 ,   ,   ,   ,  
301 ,  -0.013860000000000205 ,  0.007400000000000073 ,  0.013135999999999814 ,  -0.006676000000000126 ,   ,   ,   ,  
302 ,  0.0022890000000002075 ,  0.0011090000000004707 ,  -0.0005189999999997141 ,  -0.002878999999999632 ,   ,   ,   ,  
303 ,  -0.015449999999999964 ,  -0.0021260000000000723 ,  0.042133999999999894 ,  -0.024558000000000302 ,   ,   ,   ,  
304 ,  0.004883999999999666 ,  -0.00004399999999993298 ,  -0.01447200000000004 ,  0.009631999999999863 ,   ,   ,   ,  
305 ,  -0.010143999999999487 ,  0.012576000000000587 ,  -0.016815999999999498 ,  0.014384000000000619 ,   ,   ,   ,  
306 ,  -0.0021339999999998582 ,  0.0008740000000000414 ,  0.006550000000000278 ,  -0.005290000000000017 ,   ,   ,   ,  
307 ,  0.4332340000000001 ,  -0.3384179999999999 ,  -0.35317 ,  0.2583540000000002 ,   ,   ,   ,  
308 ,  0.016894999999999882 ,  -0.01291700000000029 ,  -0.011021000000000392 ,  0.0070429999999999104 ,   ,   ,   ,  
309 ,  -0.030895999999999813 ,  0.22436800000000012 ,  -0.08697599999999994 ,  -0.10649599999999992 ,   ,   ,   ,  
310 ,  0.0023770000000000735 ,  0.0031010000000000204 ,  0.004833000000000087 ,  -0.010311000000000181 ,   ,   ,   ,  
311 ,  -0.003390000000000004 ,  0.00402199999999997 ,  0.0019819999999999283 ,  -0.002613999999999894 ,   ,   ,   ,  
312 ,  0.054702999999999946 ,  -0.08361300000000016 ,  0.06646699999999983 ,  -0.03755700000000006 ,   ,   ,   ,  
313 ,  -0.1740269999999997 ,  0.07211699999999999 ,  0.052849000000000146 ,  0.04906100000000002 ,   ,   ,   ,  
314 ,  0.03956500000000007 ,  -0.2233670000000001 ,  0.09296099999999985 ,  0.09084099999999973 ,   ,   ,   ,  
315 ,  0.017689999999999984 ,  0.00032599999999982643 ,  -0.022502000000000244 ,  0.00448599999999999 ,   ,   ,   ,  
316 ,  0.0029729999999998924 ,  0.0009410000000000807 ,  -0.028611000000000164 ,  0.02469700000000019 ,   ,   ,   ,  
317 ,  0.018955000000000055 ,  0.00331899999999985 ,  -0.00602899999999984 ,  -0.016245000000000065 ,   ,   ,   ,  
318 ,  -0.0027569999999998984 ,  -0.00873299999999988 ,  0.05226299999999995 ,  -0.04077300000000017 ,   ,   ,   ,  
319 ,  -0.037190999999999974 ,  0.06924900000000012 ,  0.01406099999999988 ,  -0.04611900000000002 ,   ,   ,   ,  
320 ,  0.018583999999999712 ,  -0.03326000000000029 ,  -0.0169400000000004 ,  0.031615999999999644 ,   ,   ,   ,  
321 ,  -0.04074599999999995 ,  -0.2259739999999999 ,  0.2514620000000001 ,  0.015258000000000216 ,   ,   ,   ,  
322 ,  0.2460180000000003 ,  0.19507800000000008 ,  0.03620200000000029 ,  -0.4772979999999998 ,   ,   ,   ,  
323 ,  0.0627819999999999 ,  0.017713999999999785 ,  0.046333999999999875 ,  -0.12683000000000044 ,   ,   ,   ,  
324 ,  0.06440300000000043 ,  -0.11651299999999987 ,  0.03680300000000036 ,  0.015307000000000404 ,   ,   ,   ,  
325 ,  -0.007055999999999951 ,  0.009911999999999921 ,  -0.07863599999999993 ,  0.07577999999999996 ,   ,   ,   ,  
326 ,  -0.011648999999999798 ,  -0.07368499999999978 ,  -0.028613 ,  0.11394700000000002 ,   ,   ,   ,  
327 ,  0.07271399999999995 ,  -0.04698599999999997 ,  0.057646000000000086 ,  -0.08337400000000006 ,   ,   ,   ,  
328 ,  -0.005989000000000466 ,  0.03468699999999991 ,  0.03032699999999977 ,  -0.059025000000000105 ,   ,   ,   ,  
329 ,  0.0017510000000005022 ,  -0.010620999999999547 ,  0.03477100000000055 ,  -0.025900999999999286 ,   ,   ,   ,  
330 ,  -0.042454000000000214 ,  0.04612600000000011 ,  0.0011700000000001154 ,  -0.004842000000000013 ,   ,   ,   ,  
331 ,  0.058555000000000135 ,  -0.023852999999999902 ,  -0.01106499999999988 ,  -0.023636999999999908 ,   ,   ,   ,  
332 ,  0.05437100000000017 ,  0.005275000000000141 ,  -0.03151700000000002 ,  -0.02812899999999985 ,   ,   ,   ,  
333 ,  0.035747000000000195 ,  0.08920300000000037 ,  -0.054033 ,  -0.07091699999999967 ,   ,   ,   ,  
334 ,  0.06862799999999991 ,  0.018839999999999968 ,  0.06619200000000003 ,  -0.1536599999999999 ,   ,   ,   ,  
335 ,  0.03794599999999981 ,  0.01523799999999964 ,  -0.08736200000000016 ,  0.03417799999999982 ,   ,   ,   ,  
336 ,  -0.06022400000000028 ,  0.07475999999999994 ,  0.03877599999999992 ,  -0.053312000000000026 ,   ,   ,   ,  
337 ,  -0.038413999999999504 ,  -0.006873999999999825 ,  -0.023785999999999863 ,  0.06907400000000052 ,   ,   ,   ,  
338 ,  -0.03228600000000004 ,  -0.1283859999999999 ,  0.1508379999999998 ,  0.00983400000000012 ,   ,   ,   ,  
339 ,  0.01338700000000026 ,  0.004611000000000143 ,  -0.05330099999999982 ,  0.035303000000000306 ,   ,   ,   ,  
340 ,  -0.021579000000000015 ,  0.03797700000000015 ,  -0.0008230000000000182 ,  -0.015575000000000117 ,   ,   ,   ,  
341 ,  0.07799600000000018 ,  0.03314400000000006 ,  0.11282800000000037 ,  -0.22396799999999972 ,   ,   ,   ,  
342 ,  0.03609700000000027 ,  -0.07258699999999951 ,  0.09497300000000042 ,  -0.05848299999999984 ,   ,   ,   ,  
343 ,  0.04522500000000074 ,  -0.08983899999999956 ,  0.052241000000000426 ,  -0.007626999999999384 ,   ,   ,   ,  
344 ,  -0.03964499999999971 ,  0.019799000000000344 ,  -0.021636999999999684 ,  0.04148300000000038 ,   ,   ,   ,  
345 ,  -0.012564999999999937 ,  0.00673500000000038 ,  0.015239000000000225 ,  -0.009408999999999779 ,   ,   ,   ,  
346 ,  0.015587999999999713 ,  0.0026679999999998927 ,  -0.006488000000000049 ,  -0.011768 ,   ,   ,   ,  
347 ,  0.016893999999999743 ,  -0.0014980000000002214 ,  -0.006294000000000466 ,  -0.009102000000000388 ,   ,   ,   ,  
348 ,  0.00487100000000007 ,  0.01363100000000017 ,  -0.00015700000000018477 ,  -0.018345000000000056 ,   ,   ,   ,  
349 ,  0.005631000000000164 ,  -0.008604999999999752 ,  0.0070750000000003865 ,  -0.00410099999999991 ,   ,   ,   ,  
350 ,  0.041154000000000135 ,  -0.02406599999999992 ,  0.0026180000000004533 ,  -0.01970599999999978 ,   ,   ,   ,  
351 ,  0.00036300000000011323 ,  0.011642999999999848 ,  -0.02226499999999998 ,  0.010259000000000018 ,   ,   ,   ,  
352 ,  -0.001951000000000036 ,  0.00006899999999987472 ,  -0.00941499999999973 ,  0.01129699999999989 ,   ,   ,   ,  
353 ,  -0.003337999999999397 ,  -0.006445999999999508 ,  0.0021180000000002863 ,  0.007666000000000395 ,   ,   ,   ,  
354 ,  -0.003067000000000153 ,  -0.055143000000000164 ,  0.02936099999999975 ,  0.02884899999999968 ,   ,   ,   ,  
355 ,  0.0019420000000001103 ,  -0.014670000000000183 ,  0.002905999999999853 ,  0.009821999999999775 ,   ,   ,   ,  
356 ,  0.009560999999999709 ,  0.014256999999999742 ,  -0.008715000000000472 ,  -0.01510300000000031 ,   ,   ,   ,  
357 ,  0.007377999999999663 ,  0.014241999999999866 ,  -0.023338000000000303 ,  0.0017179999999998863 ,   ,   ,   ,  
358 ,  0.0070390000000002395 ,  0.008267000000000024 ,  -0.0008809999999996876 ,  -0.014424999999999688 ,   ,   ,   ,  
359 ,  0.001202999999999843 ,  0.01849899999999982 ,  0.003986999999999963 ,  -0.02368900000000007 ,   ,   ,   ,  
360 ,  0.23837299999999972 ,  -0.17411500000000002 ,  -0.12674300000000027 ,  0.06248499999999968 ,   ,   ,   ,  
361 ,  -0.06015299999999968 ,  0.03400700000000034 ,  0.048663000000000345 ,  -0.022516999999999676 ,   ,   ,   ,  
362 ,  -0.040459000000000245 ,  -0.008195000000000618 ,  -0.05281900000000039 ,  0.10147299999999948 ,   ,   ,   ,  
363 ,  0.011657000000000028 ,  0.004849000000000103 ,  -0.0073510000000003295 ,  -0.009155000000000246 ,   ,   ,   ,  
364 ,  -0.014196999999999793 ,  0.01563900000000018 ,  0.0065910000000002356 ,  -0.008033000000000179 ,   ,   ,   ,  
365 ,  0.02226099999999942 ,  0.021488999999999425 ,  -0.03696700000000064 ,  -0.006783000000000428 ,   ,   ,   ,  
366 ,  -0.08631600000000006 ,  0.0352920000000001 ,  0.022580000000000044 ,  0.028443999999999914 ,   ,   ,   ,  
367 ,  0.0067469999999998365 ,  -0.004233000000000153 ,  0.002386999999999695 ,  -0.004901000000000266 ,   ,   ,   ,  
368 ,  0.000252000000000141 ,  0.0174840000000005 ,  -0.005219999999999558 ,  -0.01251599999999975 ,   ,   ,   ,  
369 ,  -0.005298999999999943 ,  -0.00810299999999975 ,  0.020633000000000123 ,  -0.0072309999999999874 ,   ,   ,   ,  
370 ,  -0.0064829999999997945 ,  0.015753000000000128 ,  -0.001659000000000077 ,  -0.007610999999999812 ,   ,   ,   ,  
371 ,  0.005586000000000091 ,  0.004401999999999795 ,  -0.003010000000000179 ,  -0.006978000000000151 ,   ,   ,   ,  
372 ,  0.013586000000000098 ,  0.0010660000000002334 ,  -0.007289999999999797 ,  -0.007361999999999647 ,   ,   ,   ,  
373 ,  0.026607999999999965 ,  0.029819999999999958 ,  -0.010476000000000152 ,  -0.04595199999999977 ,   ,   ,   ,  
374 ,  -0.01369100000000012 ,  -0.0004390000000000782 ,  -0.005539000000000183 ,  0.019668999999999937 ,   ,   ,   ,  
375 ,  0.027635000000000076 ,  -0.05407699999999993 ,  0.025726999999999833 ,  0.0007150000000000212 ,   ,   ,   ,  
376 ,  -0.0060029999999997585 ,  -0.007750999999999841 ,  0.01100100000000026 ,  0.0027530000000002275 ,   ,   ,   ,  
377 ,  0.14907699999999968 ,  -0.1970670000000001 ,  0.22977299999999978 ,  -0.18178300000000025 ,   ,   ,   ,  
378 ,  -0.06308999999999987 ,  0.09251399999999999 ,  -0.04585000000000017 ,  0.01642600000000005 ,   ,   ,   ,  
379 ,  -0.00387800000000027 ,  -0.0025020000000002263 ,  -0.0019460000000002253 ,  0.008325999999999834 ,   ,   ,   ,  
380 ,  0.01098800000000022 ,  0.006228000000000122 ,  0.000652000000000097 ,  -0.017867999999999995 ,   ,   ,   ,  
381 ,  0.00025599999999981193 ,  0.005307999999999868 ,  0.0028999999999999027 ,  -0.008464000000000471 ,   ,   ,   ,  
382 ,  0.001459000000000099 ,  -0.0037690000000001334 ,  -0.004348999999999936 ,  0.0066589999999999705 ,   ,   ,   ,  
383 ,  0.011961000000000332 ,  -0.02087099999999964 ,  0.036569000000000074 ,  -0.027658999999999878 ,   ,   ,   ,  
384 ,  -0.007150999999999907 ,  0.013148999999999855 ,  0.0021529999999998495 ,  -0.008151000000000241 ,   ,   ,   ,  
385 ,  -0.002546999999999855 ,  -0.017010999999999665 ,  0.004609000000000307 ,  0.014949000000000545 ,   ,   ,   ,  
386 ,  -0.00310200000000016 ,  -0.006709999999999994 ,  -0.016002000000000294 ,  0.025814000000000004 ,   ,   ,   ,  
387 ,  0.09048699999999998 ,  -0.13236099999999995 ,  0.12337100000000012 ,  -0.08149699999999971 ,   ,   ,   ,  
388 ,  0.0037629999999997388 ,  0.00918299999999972 ,  -0.00029300000000009874 ,  -0.012653000000000247 ,   ,   ,   ,  
389 ,  0.00045200000000056306 ,  0.0440400000000003 ,  0.018080000000000318 ,  -0.0625719999999994 ,   ,   ,   ,  
390 ,  -0.002966999999999942 ,  0.011340999999999823 ,  -0.009227000000000096 ,  0.0008529999999997706 ,   ,   ,   ,  
391 ,  0.00048500000000029075 ,  0.00030900000000011474 ,  -0.002806999999999782 ,  0.0020130000000002646 ,   ,   ,   ,  
392 ,  0.001732000000000511 ,  0.008652000000000548 ,  -0.007467999999999808 ,  -0.0029159999999994746 ,   ,   ,   ,  
393 ,  -0.003606999999999694 ,  -0.005350999999999662 ,  0.0029530000000002055 ,  0.006005000000000038 ,   ,   ,   ,  
394 ,  0.008450999999999986 ,  -0.008008999999999933 ,  0.01547099999999979 ,  -0.015913000000000288 ,   ,   ,   ,  
395 ,  -0.010488999999999749 ,  0.08618300000000012 ,  0.1166630000000004 ,  -0.1923569999999999 ,   ,   ,   ,  
396 ,  -0.028105000000000047 ,  0.020350999999999786 ,  0.17625899999999994 ,  -0.16850500000000013 ,   ,   ,   ,  
397 ,  0.0068430000000003766 ,  -0.006304999999999783 ,  -0.008716999999999864 ,  0.008179000000000158 ,   ,   ,   ,  
398 ,  -0.0038130000000005104 ,  0.001890999999999643 ,  -0.0027530000000002275 ,  0.004674999999999763 ,   ,   ,   ,  
399 ,  -0.03941000000000017 ,  0.044729999999999936 ,  0.03793800000000003 ,  -0.04325800000000024 ,   ,   ,   ,  
400 ,  0.0084310000000003 ,  0.017743000000000286 ,  0.00843499999999997 ,  -0.03460899999999967 ,   ,   ,   ,  
401 ,  0.07736399999999977 ,  0.03984399999999999 ,  -0.1049920000000002 ,  -0.012216000000000005 ,   ,   ,   ,  
402 ,  -0.00959399999999988 ,  -0.002921999999999869 ,  0.012709999999999777 ,  -0.00019400000000002748 ,   ,   ,   ,  
403 ,  -0.00019200000000019202 ,  0.0028799999999997716 ,  -0.002372000000000263 ,  -0.000316000000000205 ,   ,   ,   ,  
404 ,  0.007019999999999804 ,  -0.0017680000000002138 ,  -0.020271999999999846 ,  0.015019999999999811 ,   ,   ,   ,  
405 ,  0.05905466666666648 ,  -0.028113333333333212 ,   ,  -0.030941333333333265 ,   ,   ,   ,  
406 ,  0.03500133333333366 ,  0.024609333333333705 ,   ,  -0.05961066666666648 ,   ,   ,   ,  
407 ,  0.07111199999999984 ,  -0.05148400000000031 ,  0.01700400000000002 ,  -0.036632 ,   ,   ,   ,  
408 ,  0.4170280000000006 ,   ,  -0.24139599999999994 ,  -0.1756319999999998 ,   ,   ,   ,  
409 ,  0.03430400000000011 ,   ,   ,  -0.03430400000000011 ,   ,   ,   ,  
410 ,  0.03568933333333346 ,   ,  0.015421333333333287 ,  -0.05111066666666675 ,   ,   ,   ,  
411 ,  -0.01539299999999999 ,  0.022991000000000206 ,  -0.009844999999999882 ,  0.00224700000000011 ,   ,   ,   ,  
412 ,  -0.002424000000000426 ,   ,  0.015663999999999678 ,  -0.01324000000000014 ,   ,   ,   ,  
413 ,  0.038581333333333134 ,  -0.10168266666666703 ,   ,  0.06310133333333301 ,   ,   ,   ,  
414 ,  0.1805186666666665 ,   ,  -0.11570133333333388 ,  -0.0648173333333335 ,   ,   ,   ,  
415 ,  0.02643333333333331 ,  -0.03189466666666663 ,   ,  0.005461333333333318 ,   ,   ,   ,  
416 ,  -0.004862000000000144 ,   ,   ,  0.004862000000000144 ,   ,   ,   ,  
417 ,  -0.056918666666666784 ,   ,  0.03244533333333299 ,  0.024473333333332903 ,   ,   ,   ,  
418 ,  -0.005672000000000121 ,   ,   ,  0.005672000000000121 ,   ,   ,   ,  
419 ,  0.05307999999999957 ,  -0.012912000000000479 ,   ,  -0.040168000000000426 ,   ,   ,   ,  
420 ,  -0.005445333333332858 ,   ,  0.005094666666666914 ,  0.00035066666666683233 ,   ,   ,   ,  
421 ,  0.0046319999999999695 ,   ,   ,  -0.0046319999999999695 ,   ,   ,   ,  
422 ,  0.01595200000000041 ,   ,  -0.011095999999999773 ,  -0.004855999999999749 ,   ,   ,   ,  
423 ,  -0.04909600000000003 ,  0.08495600000000003 ,   ,  -0.03586 ,   ,   ,   ,  
424 ,  0.03167333333333344 ,   ,  -0.005302666666666234 ,  -0.02637066666666632 ,   ,   ,   ,  
425 ,  0.03106399999999976 ,  0.0042559999999998155 ,   ,  -0.03532000000000002 ,   ,   ,   ,  
426 ,  0.04640500000000003 ,  -0.0066950000000001175 ,  0.018324999999999925 ,  -0.05803500000000028 ,   ,   ,   ,  
427 ,  0.013045333333332909 ,   ,  -0.0085226666666669 ,  -0.004522666666666897 ,   ,   ,   ,  
428 ,  0.2835799999999997 ,   ,   ,  -0.28358000000000017 ,   ,   ,   ,  
429 ,  0.05535800000000002 ,   ,   ,  -0.05535800000000002 ,   ,   ,   ,  
430 ,  0.12014000000000014 ,   ,   ,  -0.12013999999999969 ,   ,   ,   ,  
431 ,  0.0766960000000001 ,  -0.05577999999999994 ,  -0.098684 ,  0.07776799999999984 ,   ,   ,   ,  
432 ,  -0.005319000000000074 ,  0.007105000000000139 ,  -0.011511000000000049 ,  0.009724999999999984 ,   ,   ,   ,  
433 ,  0.007408999999999999 ,  -0.013118999999999659 ,  -0.012786999999999882 ,  0.018496999999999986 ,   ,   ,   ,  
434 ,  0.021414000000000044 ,  -0.01673800000000014 ,  -0.021866000000000163 ,  0.017189999999999817 ,   ,   ,   ,  
435 ,  0.018710000000000004 ,  0.02142199999999983 ,  -0.027730000000000032 ,  -0.012402000000000246 ,   ,   ,   ,  
436 ,  0.0013179999999999303 ,  -0.006418000000000035 ,  0.010021999999999753 ,  -0.004922000000000093 ,   ,   ,   ,  
437 ,  -0.06553699999999996 ,  0.20621499999999982 ,  -0.05705300000000024 ,  -0.08362500000000006 ,   ,   ,   ,  
438 ,  -0.036804999999999755 ,  0.10984700000000025 ,  -0.03816499999999978 ,  -0.034876999999999825 ,   ,   ,   ,  
439 ,  0.023108000000000573 ,  0.040680000000000494 ,  -0.04383199999999965 ,  -0.01995599999999964 ,   ,   ,   ,  
440 ,  0.007946000000000009 ,  -0.00355799999999995 ,  0.006709999999999994 ,  -0.011097999999999608 ,   ,   ,   ,  
441 ,  -0.022797999999999874 ,  -0.0024220000000001463 ,  0.003617999999999899 ,  0.02160200000000012 ,   ,   ,   ,  
442 ,  0.015041000000000082 ,  0.012996999999999925 ,  0.01963299999999979 ,  -0.04767100000000024 ,   ,   ,   ,  
443 ,  0.0030959999999997656 ,  -0.03273999999999999 ,  -0.005828000000000166 ,  0.03547199999999995 ,   ,   ,   ,  
444 ,  -0.1580279999999994 ,  0.4426520000000007 ,  -0.13401999999999958 ,  -0.15060399999999952 ,   ,   ,   ,  
445 ,  0.03167800000000032 ,  -0.00013799999999974943 ,  -0.029409999999999492 ,  -0.002129999999999743 ,   ,   ,   ,  
446 ,  -0.09383300000000006 ,  -0.09900500000000001 ,  0.29103900000000005 ,  -0.09820099999999998 ,   ,   ,   ,  
447 ,  -0.007927000000000017 ,  0.004685000000000272 ,  0.024780999999999942 ,  -0.021538999999999753 ,   ,   ,   ,  
448 ,  0.008521 ,  -0.002755000000000063 ,  0.007044999999999746 ,  -0.012811000000000128 ,   ,   ,   ,  
449 ,  0.42221399999999987 ,  -0.10186200000000012 ,  -0.1710980000000002 ,  -0.149254 ,   ,   ,   ,  
450 ,  -0.01121799999999995 ,  0.0003699999999997594 ,  -0.0011499999999999844 ,  0.011997999999999731 ,   ,   ,   ,  
451 ,  0.03099699999999972 ,  0.016305000000000014 ,  -0.0308790000000001 ,  -0.016423000000000076 ,   ,   ,   ,  
452 ,  -0.017936000000000174 ,  -0.09317999999999982 ,  0.033672000000000146 ,  0.07744399999999985 ,   ,   ,   ,  
453 ,  0.014791999999999472 ,  -0.008208000000000215 ,  -0.0012720000000001619 ,  -0.0053120000000004275 ,   ,   ,   ,  
454 ,  -0.00904399999999983 ,  -0.005647999999999875 ,  -0.04510799999999948 ,  0.05980000000000052 ,   ,   ,   ,  
455 ,  0.010870999999999853 ,  0.009243000000000112 ,  -0.007533000000000012 ,  -0.012580999999999953 ,   ,   ,   ,  
456 ,  0.02775499999999953 ,  -0.011941000000000201 ,  -0.006097000000000463 ,  -0.009717000000000198 ,   ,   ,   ,  
457 ,  -0.0030929999999997904 ,  -0.0025010000000000865 ,  0.0017590000000002881 ,  0.003835000000000033 ,   ,   ,   ,  
458 ,  0.0048280000000002765 ,  -0.00594799999999962 ,  -0.0022879999999996237 ,  0.0034080000000002997 ,   ,   ,   ,  
459 ,  -0.03143600000000024 ,  -0.03462400000000043 ,  0.03213199999999983 ,  0.033927999999999514 ,   ,   ,   ,  
460 ,  0.004731000000000041 ,  0.008910999999999891 ,  -0.005173000000000094 ,  -0.008468999999999838 ,   ,   ,   ,  
461 ,  0.02628800000000009 ,  0.0033520000000000216 ,  -0.019423999999999886 ,  -0.01021599999999978 ,   ,   ,   ,  
462 ,  0.005516999999999772 ,  0.010184999999999889 ,  0.00787699999999969 ,  -0.02357900000000024 ,   ,   ,   ,  
463 ,  0.012468000000000146 ,  -0.0026559999999999917 ,  0.002372000000000263 ,  -0.012183999999999973 ,   ,   ,   ,  
464 ,  0.0065949999999999065 ,  0.0064950000000001396 ,  -0.007664999999999811 ,  -0.005424999999999791 ,   ,   ,   ,  
465 ,  0.0041080000000000005 ,  0.013656000000000112 ,  -0.00835600000000003 ,  -0.009408000000000083 ,   ,   ,   ,  
466 ,  0.13080900000000018 ,  0.09933700000000023 ,  0.0006850000000002687 ,  -0.2308309999999998 ,   ,   ,   ,  
467 ,  -0.05755700000000008 ,  0.017262999999999806 ,  0.09194699999999978 ,  -0.05165299999999995 ,   ,   ,   ,  
468 ,  0.039279000000000064 ,  -0.022949000000000108 ,  -0.0030170000000002695 ,  -0.01331300000000013 ,   ,   ,   ,  
469 ,  0.01692399999999994 ,  -0.008039999999999825 ,  0.009787999999999908 ,  -0.018672000000000022 ,   ,   ,   ,  
470 ,  0.007913999999999977 ,  0.0009899999999998244 ,  -0.004290000000000127 ,  -0.004614000000000118 ,   ,   ,   ,  
471 ,  0.005389000000000088 ,  -0.003538999999999959 ,  0.0009170000000002787 ,  -0.002766999999999964 ,   ,   ,   ,  
472 ,  0.013431999999999888 ,  -0.0013800000000001589 ,  -0.013504000000000183 ,  0.0014520000000000088 ,   ,   ,   ,  
473 ,  0.0739810000000003 ,  0.0309210000000002 ,  -0.04652699999999976 ,  -0.058374999999999844 ,   ,   ,   ,  
474 ,  0.0034600000000000186 ,  0.008376000000000161 ,  -0.0037519999999999776 ,  -0.008083999999999758 ,   ,   ,   ,  
475 ,  -0.002458999999999989 ,  0.0022849999999996484 ,  -0.002683000000000213 ,  0.0028569999999996654 ,   ,   ,   ,  
476 ,  0.07240399999999969 ,  -0.0297960000000006 ,  -0.02795200000000042 ,  -0.014656000000000446 ,   ,   ,   ,  
477 ,  -0.02097199999999999 ,  0.014364000000000043 ,  0.01067600000000013 ,  -0.0040679999999997385 ,   ,   ,   ,  
478 ,  -0.08096400000000026 ,   ,  -0.0840320000000001 ,  0.16499599999999992 ,   ,   ,   ,  
479 ,  0.006865333333333279 ,   ,  -0.011382666666666541 ,  0.004517333333333262 ,   ,   ,   ,  
480 ,  0.00386133333333305 ,   ,  0.011325333333333187 ,  -0.015186666666667126 ,   ,   ,   ,  
481 ,  -0.01560399999999973 ,   ,  0.04134400000000049 ,  -0.025739999999999874 ,   ,   ,   ,  
482 ,  0.017546666666666155 ,   ,  -0.011285333333333813 ,  -0.006261333333333674 ,   ,   ,   ,  
483 ,  -0.0009760000000000879 ,   ,  -0.039048000000000194 ,  0.04002399999999984 ,   ,   ,   ,  
484 ,  -0.0005133333333335877 ,   ,  0.00363066666666656 ,  -0.0031173333333334163 ,   ,   ,   ,  
485 ,  0.01143999999999945 ,   ,  -0.0031880000000001907 ,  -0.008252000000000592 ,   ,   ,   ,  
486 ,  -0.006865333333333279 ,   ,  -0.004933333333333234 ,  0.011798666666666513 ,   ,   ,   ,  
487 ,  0.01299333333333319 ,   ,  0.005889333333333191 ,  -0.018882666666666825 ,   ,   ,   ,  
488 ,  -0.05547466666666656 ,   ,  0.020385333333333033 ,  0.035089333333333084 ,   ,   ,   ,  
489 ,  0.027163999999999966 ,   ,  0.010348000000000024 ,  -0.03751199999999999 ,   ,   ,   ,  
490 ,  -0.041439000000000004 ,  -0.0615070000000002 ,  0.16513699999999965 ,  -0.06219100000000033 ,   ,   ,   ,  
491 ,  0.03674199999999983 ,  0.011657999999999724 ,  -0.03881000000000023 ,  -0.00959000000000021 ,   ,   ,   ,  
492 ,  0.056697999999999915 ,  -0.04481399999999969 ,  -0.006117999999999846 ,  -0.005765999999999938 ,   ,   ,   ,  
493 ,  0.003387000000000029 ,  -0.003996999999999584 ,  -0.008576999999999835 ,  0.009187000000000278 ,   ,   ,   ,  
494 ,  0.027918999999999805 ,  -0.014893000000000267 ,  -0.0018690000000001206 ,  -0.011157000000000306 ,   ,   ,   ,  
495 ,  0.023322000000000287 ,  -0.02832599999999985 ,  -0.006393999999999789 ,  0.011398000000000241 ,   ,   ,   ,  
496 ,  0.03790699999999969 ,  -0.012585000000000068 ,  0.004370999999999903 ,  -0.02969299999999997 ,   ,   ,   ,  
497 ,  0.004817999999999767 ,  0.03159000000000001 ,  -0.013614000000000015 ,  -0.022794000000000203 ,   ,   ,   ,  
498 ,  0.00625999999999971 ,  -0.006072000000000077 ,  -0.004384000000000388 ,  0.0041959999999998665 ,   ,   ,   ,  
499 ,  0.03671300000000022 ,  -0.013778999999999542 ,  0.0030010000000002535 ,  -0.025934999999999597 ,   ,   ,   ,  
500 ,  0.002610999999999919 ,  -0.007236999999999938 ,  -0.004185000000000105 ,  0.008811000000000124 ,   ,   ,   ,  
501 ,  0.010089000000000237 ,  -0.014135000000000009 ,  -0.12237900000000002 ,  0.12642500000000023 ,   ,   ,   ,  
502 ,  -0.012573999999999863 ,  -0.04798599999999986 ,  0.051586000000000354 ,  0.00897400000000026 ,   ,   ,   ,  
503 ,  -0.009838999999999487 ,  -0.0068069999999997854 ,  -0.01284699999999983 ,  0.029493000000000436 ,   ,   ,   ,  
504 ,  0.008543999999999663 ,  -0.009332000000000118 ,  0.019495999999999736 ,  -0.01870800000000017 ,   ,   ,   ,  
505 ,  -0.01398799999999989 ,  0.03475600000000023 ,  -0.061507999999999896 ,  0.04074 ,   ,   ,   ,  
506 ,  0.036671999999999816 ,  0.029707999999999846 ,  0.034035999999999955 ,  -0.10041600000000006 ,   ,   ,   ,  
507 ,  0.05061500000000008 ,  -0.02771699999999999 ,  -0.037984999999999935 ,  0.015087000000000295 ,   ,   ,   ,  
508 ,  0.009325000000000028 ,  -0.02395499999999995 ,  0.058088999999999835 ,  -0.043458999999999914 ,   ,   ,   ,  
509 ,  -0.016235 ,  0.004741000000000106 ,  -0.005358999999999892 ,  0.01685300000000023 ,   ,   ,   ,  
510 ,  -0.46589800000000015 ,  1.417062 ,  -0.4523060000000001 ,  -0.49885800000000025 ,   ,   ,   ,  
511 ,  0.01670499999999997 ,  0.013888999999999818 ,  -0.018547000000000313 ,  -0.012047000000000363 ,   ,   ,   ,  
512 ,  0.013135999999999814 ,  0.013891999999999793 ,  0.013539999999999885 ,  -0.04056799999999994 ,   ,   ,   ,  
513 ,  0.010032000000000263 ,  -0.033792000000000044 ,  -0.011555999999999678 ,  0.03531600000000035 ,   ,   ,   ,  
514 ,  0.04516533333333328 ,   ,  -0.05910666666666664 ,  0.013941333333333361 ,   ,   ,   ,  
515 ,  0.003358666666666732 ,   ,  0.00022666666666681934 ,  -0.0035853333333331072 ,   ,   ,   ,  
516 ,  -0.06416533333333296 ,   ,  0.08469066666666691 ,  -0.020525333333333062 ,   ,   ,   ,  
517 ,  0.014332000000000455 ,   ,  -0.02615199999999973 ,  0.011820000000000164 ,   ,   ,   ,  
518 ,  0.0011239999999999029 ,   ,  -0.0026200000000002888 ,  0.0014959999999999418 ,   ,   ,   ,  
519 ,  -0.09156533333333305 ,   ,  0.08483066666666694 ,  0.006734666666667 ,   ,   ,   ,  
520 ,  0.004721333333332911 ,   ,  -0.00410266666666681 ,  -0.0006186666666669893 ,   ,   ,   ,  
521 ,  -0.040966666666666374 ,   ,  0.018229333333333653 ,  0.02273733333333361 ,   ,   ,   ,  
522 ,  -0.004434666666667031 ,   ,  0.020113333333333205 ,  -0.015678666666667063 ,   ,   ,   ,  
523 ,  0.01205333333333325 ,   ,  -0.039542666666666726 ,  0.027489333333333033 ,   ,   ,   ,  
524 ,  0.011341333333333203 ,   ,  0.00694933333333303 ,  -0.018290666666666677 ,   ,   ,   ,  
525 ,  -0.02235333333333367 ,   ,  0.003146666666666409 ,  0.019206666666666372 ,   ,   ,   ,  
526 ,  0.04466133333333344 ,   ,  -0.015170666666666222 ,  -0.029490666666666332 ,   ,   ,   ,  
527 ,  0.02569066666666675 ,   ,  -0.009641333333333169 ,  -0.016049333333333138 ,   ,   ,   ,  
528 ,  -0.3498079999999999 ,   ,  -0.4286279999999998 ,  0.7784360000000001 ,   ,   ,   ,  
529 ,  0.015718666666666437 ,   ,  -0.010685333333333435 ,  -0.005033333333333445 ,   ,   ,   ,  
530 ,  -0.3990826666666667 ,   ,  -0.4131906666666665 ,  0.8122733333333332 ,   ,   ,   ,  
531 ,  0.006115999999999566 ,   ,  -0.003916000000000253 ,  -0.002200000000000202 ,   ,   ,   ,  
532 ,  0.011324000000000112 ,   ,  -0.008408000000000193 ,  -0.0029159999999999187 ,   ,   ,   ,  
533 ,  0.011514666666667228 ,   ,  -0.00764533333333306 ,  -0.003869333333332836 ,   ,   ,   ,  
534 ,  0.017847999999999864 ,   ,  -0.0044640000000000235 ,  -0.013384000000000285 ,   ,   ,   ,  
535 ,  -0.009769333333333297 ,   ,  0.009714666666666538 ,  0.000054666666666758346 ,   ,   ,   ,  
536 ,  0.028182666666667355 ,   ,  -0.019673333333332987 ,  -0.008509333333332592 ,   ,   ,   ,  
537 ,  0.08583600000000002 ,   ,  -0.059479999999999755 ,  -0.026355999999999824 ,   ,   ,   ,  
538 ,  0.036497333333333604 ,   ,  -0.038838666666666466 ,  0.0023413333333333064 ,   ,   ,   ,  
539 ,  -0.016646666666666476 ,   ,  -0.001834666666666429 ,  0.018481333333333794 ,   ,   ,   ,  
540 ,  -0.0038253333333333472 ,   ,  0.005974666666666462 ,  -0.0021493333333335585 ,   ,   ,   ,  
541 ,  0.032638666666666705 ,   ,  -0.014597333333333573 ,  -0.018041333333333576 ,   ,   ,   ,  
542 ,  -0.019945333333332815 ,   ,  0.010958666666666783 ,  0.00898666666666692 ,   ,   ,   ,  
543 ,  0.0049559999999999604 ,   ,  0.009316000000000102 ,  -0.014272000000000062 ,   ,   ,   ,  
544 ,  -0.06347733333333316 ,   ,  -0.013069333333333155 ,  0.0765466666666672 ,   ,   ,   ,  
545 ,  0.01052266666666668 ,   ,  0.003298666666666783 ,  -0.013821333333333463 ,   ,   ,   ,  
546 ,  0.011121333333333094 ,   ,  -0.011694666666666631 ,  0.0005733333333330926 ,   ,   ,   ,  
547 ,  -0.01137333333333368 ,   ,  -0.004509333333333476 ,  0.015882666666666267 ,   ,   ,   ,  
548 ,  0.019590666666666756 ,   ,  0.0065786666666665106 ,  -0.026169333333333267 ,   ,   ,   ,  
549 ,  0.020106666666666495 ,   ,  -0.02121733333333342 ,  0.0011106666666664822 ,   ,   ,   ,  
550 ,  -0.031138666666666648 ,   ,  -0.014542666666666815 ,  0.04568133333333346 ,   ,   ,   ,  
551 ,  0.01700400000000002 ,   ,  0.002216000000000218 ,  -0.019219999999999793 ,   ,   ,   ,  
552 ,  0.0120746666666669 ,   ,  -0.0030613333333331383 ,  -0.009013333333333318 ,   ,   ,   ,  
553 ,  -0.013174666666667001 ,   ,  -0.002274666666667091 ,  0.015449333333333204 ,   ,   ,   ,  
554 ,  -0.48388933333333384 ,   ,  -0.5465853333333337 ,  1.0304746666666662 ,   ,   ,   ,  
555 ,  -0.0032573333333330012 ,   ,  -0.02865733333333287 ,  0.03191466666666676 ,   ,   ,   ,  
556 ,  0.055222666666666864 ,   ,  -0.041109333333333 ,  -0.014113333333332978 ,   ,   ,   ,  
557 ,  -0.05394666666666659 ,   ,  0.05560133333333317 ,  -0.0016546666666665821 ,   ,   ,   ,  
558 ,  0.009462666666666397 ,   ,  -0.026269333333333478 ,  0.016806666666666192 ,   ,   ,   ,  
559 ,  0.021129333333333555 ,   ,  -0.043610666666666464 ,  0.022481333333333353 ,   ,   ,   ,  
560 ,  -0.011175999999999853 ,   ,  -0.05889999999999995 ,  0.07007600000000025 ,   ,   ,   ,  
561 ,  0.00021466666666691836 ,   ,  -0.016345333333333212 ,  0.016130666666666738 ,   ,   ,   ,  
562 ,  -0.0041240000000000165 ,   ,  0.0042919999999999625 ,  -0.00016800000000039006 ,   ,   ,   ,  
563 ,  0.010446666666666715 ,   ,  -0.005033333333333445 ,  -0.00541333333333327 ,   ,   ,   ,  
564 ,  -0.025314666666666596 ,   ,  0.013993333333333524 ,  0.011321333333333516 ,   ,   ,   ,  
565 ,  0.016435999999999673 ,   ,  -0.010272000000000059 ,  -0.006164000000000058 ,   ,   ,   ,  
566 ,  -0.018835999999999853 ,   ,  -0.05383199999999988 ,  0.07266799999999973 ,   ,   ,   ,  
567 ,  0.010314666666666472 ,   ,  -0.0021853333333337055 ,  -0.008129333333333655 ,   ,   ,   ,  
568 ,  0.013674666666666724 ,   ,  -0.008461333333333432 ,  -0.005213333333333292 ,   ,   ,   ,  
569 ,  0.037730666666666135 ,   ,  -0.0030733333333334834 ,  -0.03465733333333354 ,   ,   ,   ,  
570 ,  0.009351999999999805 ,   ,  0.0006599999999998829 ,  -0.010012000000000132 ,   ,   ,   ,  
571 ,  0.004853333333333598 ,   ,  -0.005678666666666388 ,  0.0008253333333332336 ,   ,   ,   ,  
572 ,  -0.03416666666666712 ,   ,  0.15162533333333306 ,  -0.11745866666666682 ,   ,   ,   ,  
573 ,  -0.015439999999999898 ,  -0.01732800000000001 ,  0.03702400000000017 ,  -0.0042559999999998155 ,   ,   ,   ,  
574 ,  0.0036609999999996923 ,  0.0021290000000000475 ,  0.016468999999999845 ,  -0.02225900000000003 ,   ,   ,   ,  
575 ,  0.030612000000000084 ,  -0.026532 ,  -0.018047999999999842 ,  0.013967999999999758 ,   ,   ,   ,  
576 ,  -0.020640000000000214 ,  -0.04293600000000053 ,  0.021655999999999676 ,  0.041919999999999735 ,   ,   ,   ,  
577 ,  0.08162499999999984 ,  -0.037735000000000074 ,  0.024369000000000085 ,  -0.06825899999999985 ,   ,   ,   ,  
578 ,  0.0010849999999997806 ,  0.010640999999999678 ,  -0.003347000000000211 ,  -0.00837900000000058 ,   ,   ,   ,  
579 ,  -0.004465000000000163 ,  0.010927000000000131 ,  -0.0017369999999998775 ,  -0.00472500000000009 ,   ,   ,   ,  
580 ,  -0.026983999999999675 ,  0.02146400000000037 ,  -0.019231999999999694 ,  0.02475200000000033 ,   ,   ,   ,  
581 ,  0.010267999999999944 ,  0.0007359999999998479 ,  -0.0040119999999999045 ,  -0.006991999999999887 ,   ,   ,   ,  
582 ,  -0.000720000000000276 ,  -0.0046040000000000525 ,  0.009635999999999978 ,  -0.0043120000000000935 ,   ,   ,   ,  
583 ,  0.01261200000000029 ,  -0.009099999999999664 ,  0.0048520000000000785 ,  -0.008363999999999816 ,   ,   ,   ,  
584 ,  -0.003251000000000115 ,  0.030052999999999663 ,  -0.00867500000000021 ,  -0.018127000000000226 ,   ,   ,   ,  
585 ,  0.020811000000000135 ,  -0.04002099999999986 ,  0.00015499999999990521 ,  0.019054999999999822 ,   ,   ,   ,  
586 ,  -0.08331899999999992 ,  -0.050030999999999715 ,  0.17454100000000006 ,  -0.041190999999999534 ,   ,   ,   ,  
587 ,  0.007319999999999993 ,  -0.009808000000000039 ,  -0.0006479999999999819 ,  0.0031359999999995836 ,   ,   ,   ,  
588 ,  0.0036520000000002106 ,  -0.01764399999999977 ,  -0.008823999999999721 ,  0.02281600000000017 ,   ,   ,   ,  
589 ,  0.04096799999999989 ,   ,  -0.019448000000000132 ,  -0.02151999999999976 ,   ,   ,   ,  
590 ,  0.026083999999999996 ,   ,  0.0044960000000000555 ,  -0.03058000000000005 ,   ,   ,   ,  
591 ,  -0.0020413333333331174 ,   ,  -0.020033333333333125 ,  0.022074666666666687 ,   ,   ,   ,  
592 ,  0.059095999999999815 ,   ,  -0.01159599999999994 ,  -0.047499999999999876 ,   ,   ,   ,  
593 ,  -0.0003733333333331146 ,   ,  0.024946666666666673 ,  -0.024573333333333114 ,   ,   ,   ,  
594 ,  -0.09505333333333343 ,   ,  0.01834666666666651 ,  0.07670666666666648 ,   ,   ,   ,  
595 ,  0.007274666666666985 ,   ,  -0.0013293333333330715 ,  -0.005945333333333025 ,   ,   ,   ,  
596 ,  -0.03631600000000024 ,   ,  0.03421199999999969 ,  0.002104000000000106 ,   ,   ,   ,  
597 ,  0.021124000000000365 ,   ,  0.05876400000000004 ,  -0.07988799999999996 ,   ,   ,   ,  
598 ,  0.02790399999999993 ,   ,  -0.019967999999999986 ,  -0.007936000000000387 ,   ,   ,   ,  
599 ,  0.005413333333332826 ,   ,  -0.002378666666666973 ,  -0.003034666666667185 ,   ,   ,   ,  
600 ,  -0.08695733333333333 ,   ,  -0.034313333333332974 ,  0.12127066666666675 ,   ,   ,   ,  
601 ,  0.015806666666666302 ,   ,  -0.01276933333333341 ,  -0.0030373333333333363 ,   ,   ,   ,  
602 ,  -0.04636399999999963 ,   ,  0.03264800000000001 ,  0.013716000000000061 ,   ,   ,   ,  
603 ,  0.0014546666666666042 ,   ,  -0.011549333333333411 ,  0.010094666666666807 ,   ,   ,   ,  
604 ,  0.008858666666666792 ,   ,  -0.004345333333333201 ,  -0.004513333333333147 ,   ,   ,   ,  
605 ,  0.009135999999999811 ,   ,  0.010091999999999768 ,  -0.019228000000000023 ,   ,   ,   ,  
606 ,  -0.026110666666666837 ,   ,  0.0015213333333332635 ,  0.02458933333333313 ,   ,   ,   ,  
607 ,  0.019122666666666177 ,   ,  -0.0019293333333338936 ,  -0.017193333333333616 ,   ,   ,   ,  
608 ,  -0.024653333333333638 ,   ,  0.019746666666666357 ,  0.004906666666666393 ,   ,   ,   ,  
609 ,  -0.0069426666666663195 ,   ,  0.01330933333333384 ,  -0.0063666666666661875 ,   ,   ,   ,  
610 ,  0.0333053333333333 ,   ,  -0.012434666666666594 ,  -0.020870666666666704 ,   ,   ,   ,  
611 ,  0.0015026666666666522 ,   ,  0.016846666666666454 ,  -0.01834933333333355 ,   ,   ,   ,  
612 ,  0.005906666666666727 ,   ,  -0.006917333333332998 ,  0.0010106666666667152 ,   ,   ,   ,  
613 ,  0.013810666666666638 ,   ,  -0.01598933333333319 ,  0.002178666666666551 ,   ,   ,   ,  
614 ,  0.008042666666666864 ,   ,  0.018702666666666534 ,  -0.0267453333333334 ,   ,   ,   ,  
615 ,  -0.014090666666666696 ,   ,  0.057545333333333115 ,  -0.043454666666666864 ,   ,   ,   ,  
616 ,  -0.004894666666666936 ,   ,  0.024085333333333292 ,  -0.0191906666666668 ,   ,   ,   ,  
617 ,  0.021222666666667056 ,   ,  -0.0022973333333329293 ,  -0.018925333333332794 ,   ,   ,   ,  
618 ,  -0.08171866666666672 ,   ,  0.16076533333333343 ,  -0.07904666666666671 ,   ,   ,   ,  
619 ,  0.030968999999999802 ,  -0.003959000000000046 ,  -0.019607000000000152 ,  -0.007403000000000048 ,   ,   ,   ,  
620 ,  -0.000053999999999998494 ,  0.003430000000000266 ,  -0.0022579999999998712 ,  -0.0011179999999999524 ,   ,   ,   ,  
621 ,  -0.0019480000000000608 ,  -0.007703999999999933 ,  0.04673599999999967 ,  -0.03708400000000012 ,   ,   ,   ,  
622 ,  -0.0021330000000001625 ,  -0.006057000000000201 ,  -0.014165000000000205 ,  0.02235499999999968 ,   ,   ,   ,  
623 ,  -0.015336000000000016 ,  -0.007951999999999959 ,  0.006476000000000148 ,  0.016811999999999827 ,   ,   ,   ,  
624 ,  0.0008340000000002235 ,  0.0021420000000000883 ,  0.006386000000000447 ,  -0.00936199999999987 ,   ,   ,   ,  
625 ,  0.01444399999999968 ,  -0.0045120000000000715 ,  -0.00605200000000039 ,  -0.0038800000000001056 ,   ,   ,   ,  
626 ,  0.004513999999999907 ,  -0.010953999999999908 ,  -0.012321999999999722 ,  0.018762000000000167 ,   ,   ,   ,  
627 ,  0.02212700000000023 ,  0.01168300000000011 ,  -0.024244999999999628 ,  -0.009564999999999824 ,   ,   ,   ,  
628 ,  0.003978000000000037 ,  -0.004097999999999935 ,  -0.0007220000000001114 ,  0.0008420000000000094 ,   ,   ,   ,  
629 ,  0.01977699999999949 ,  -0.00038300000000024426 ,  -0.005875000000000519 ,  -0.013519000000000503 ,   ,   ,   ,  
630 ,  0.03134900000000007 ,  -0.002438999999999858 ,  -0.019054999999999822 ,  -0.009854999999999947 ,   ,   ,   ,  
631 ,  -0.023946000000000023 ,  0.04471799999999959 ,  0.01588199999999995 ,  -0.03665400000000041 ,   ,   ,   ,  
632 ,  -0.08847399999999972 ,  0.22234200000000026 ,  -0.056302000000000074 ,  -0.07756600000000002 ,   ,   ,   ,  
633 ,  -0.022319000000000422 ,  0.07464099999999974 ,  -0.015135000000000343 ,  -0.0371870000000003 ,   ,   ,   ,  
634 ,  0.015234000000000414 ,  -0.024173999999999918 ,  -0.009961999999999804 ,  0.018902000000000196 ,   ,   ,   ,  
635 ,  0.02349599999999974 ,  0.005655999999999661 ,  -0.012955999999999968 ,  -0.01619600000000032 ,   ,   ,   ,  
636 ,  0.00044100000000035777 ,  0.003997000000000472 ,  0.004345000000000265 ,  -0.008782999999999763 ,   ,   ,   ,  
637 ,  0.0044159999999999755 ,  -0.006747999999999976 ,  0.024135999999999935 ,  -0.021803999999999935 ,   ,   ,   ,  
638 ,  -0.014195000000000402 ,  -0.005995000000000417 ,  0.022860999999999798 ,  -0.002671000000000312 ,   ,   ,   ,  
639 ,  0.045776999999999735 ,   ,  0.028740999999999683 ,  -0.01820300000000019 ,  -0.056315000000000115 ,   ,   ,  
640 ,  0.011473000000000066 ,   ,  -0.001894999999999758 ,  -0.001894999999999758 ,   ,   ,  -0.007682999999999662 ,  
641 ,  -0.02112799999999959 ,   ,  0.05802800000000019 ,  -0.010923999999999712 ,   ,   ,  -0.025975999999999555 ,  
642 ,  -0.001874999999999627 ,   ,  -0.002142999999999784 ,  -0.001746999999999943 ,   ,   ,   ,  0.005765000000000242
643 ,  -0.0030090000000000394 ,   ,  0.011430999999999969 ,  -0.0032730000000000814 ,   ,   ,   ,  -0.005148999999999848
644 ,  0.0605920000000002 ,   ,  -0.039655999999999914 ,  0.06734799999999996 ,  -0.08828399999999981 ,   ,   ,  
645 ,  0.012852000000000086 ,   ,  -0.012343999999999689 ,  -0.0017759999999995557 ,  0.0012680000000000469 ,   ,   ,  
646 ,  0.0013329999999998066 ,   ,  -0.012751000000000179 ,  0.015508999999999773 ,  -0.004090999999999845 ,   ,   ,  
647 ,  -0.007928000000000157 ,   ,  -0.013459999999999805 ,  0.06304800000000021 ,   ,   ,   ,  -0.04165999999999981
648 ,  0.0021420000000000883 ,   ,  0.008685999999999972 ,  0.013370000000000104 ,   ,   ,  -0.024198000000000164 ,  
649 ,  0.05259000000000036 ,   ,  0.034570000000000434 ,  -0.05508199999999963 ,   ,   ,   ,  -0.03207799999999983
650 ,  -0.0038249999999999673 ,   ,  -0.007009000000000043 ,  -0.004132999999999942 ,  0.014966999999999953 ,   ,   ,  
651 ,  0.011353000000000169 ,   ,  -0.00293499999999991 ,  0.009117000000000264 ,  -0.017534999999999634 ,   ,   ,  
652 ,  0.0038719999999998755 ,   ,  0.003924000000000039 ,  -0.0057280000000003994 ,   ,   ,  -0.0020679999999999588 ,  
653 ,  0.014564000000000021 ,   ,  -0.011287999999999965 ,  -0.000672000000000228 ,   ,   ,  -0.0026040000000002728 ,  
654 ,  0.026571999999999818 ,   ,  -0.012287999999999855 ,  0.007336000000000009 ,   ,   ,   ,  -0.021619999999999973
655 ,  -0.014662000000000397 ,   ,  0.004797999999999636 ,  -0.013026000000000426 ,   ,   ,  0.02288999999999941 ,  
656 ,  -0.00843700000000025 ,   ,  0.033887 ,  -0.02227699999999988 ,   ,   ,   ,  -0.0031729999999998704
657 ,  -0.001691000000000109 ,   ,  0.012768999999999586 ,  -0.018903000000000336 ,  0.007824999999999971 ,   ,   ,  
658 ,  0.015450000000000408 ,   ,  -0.004817999999999323 ,  -0.015053999999999679 ,   ,   ,   ,  0.00442200000000037
659 ,  -0.01215400000000022 ,   ,  0.042509999999999604 ,  -0.03308600000000039 ,  0.002729999999999677 ,   ,   ,  
660 ,  0.002266999999999797 ,   ,  -0.019392999999999994 ,  0.00564700000000018 ,  0.011479000000000017 ,   ,   ,  
661 ,  -0.0010959999999999859 ,   ,  0.014668000000000347 ,  -0.00896399999999975 ,   ,   ,  -0.004607999999999723 ,  
662 ,  -0.0036359999999997505 ,   ,  0.041804000000000396 ,  -0.0177719999999999 ,   ,   ,  -0.02039599999999986 ,  
663 ,  0.013091000000000186 ,   ,  0.003959000000000046 ,  0.0001669999999998062 ,   ,   ,   ,  -0.017217000000000038
664 ,  -0.006546000000000163 ,   ,  -0.0013660000000004224 ,  0.015753999999999824 ,  -0.007842000000000127 ,   ,   ,  
665 ,  0.013005000000000155 ,   ,  -0.008439000000000085 ,  -0.005891000000000091 ,  0.0013250000000000206 ,   ,   ,  
666 ,  0.00348700000000024 ,   ,  0.0007950000000001012 ,  -0.009072999999999887 ,  0.00479099999999999 ,   ,   ,  
667 ,  -0.0009410000000000807 ,   ,  0.013047000000000253 ,  0.0011510000000001241 ,   ,   ,  -0.013256999999999852 ,  
668 ,  0.04063899999999965 ,   ,  -0.040241000000000415 ,  -0.011933000000000415 ,  0.011534999999999407 ,   ,   ,  
669 ,  -0.005912000000000361 ,   ,  0.04534799999999972 ,  -0.008412000000000308 ,   ,   ,   ,  -0.031024000000000385
670 ,  -0.004762000000000377 ,   ,  -0.004106000000000165 ,  0.038597999999999466 ,  -0.029730000000000256 ,   ,   ,  
671 ,  -0.04228399999999999 ,   ,  -0.02389600000000014 ,  0.12908000000000008 ,  -0.06289999999999996 ,   ,   ,  
672 ,  -0.0043400000000000105 ,   ,  0.027143999999999835 ,  -0.0014880000000001559 ,   ,   ,   ,  -0.021316000000000113
673 ,  0.0031530000000001834 ,   ,  0.008773000000000142 ,  -0.01638699999999993 ,   ,   ,   ,  0.004461000000000048
674 ,  0.009037000000000184 ,   ,  -0.003435000000000077 ,  -0.009367000000000125 ,   ,   ,  0.0037650000000000183 ,  
675 ,  0.011028000000000038 ,   ,  -0.0046360000000000845 ,  0.000996000000000219 ,   ,   ,  -0.007388000000000172 ,  
676 ,  0.0057760000000004474 ,   ,  -0.0032039999999997626 ,  -0.006679999999999797 ,  0.004108000000000445 ,   ,   ,  
677 ,  0.005693999999999644 ,   ,  -0.01446600000000009 ,  0.002997999999999834 ,   ,   ,  0.005773999999999724 ,  
678 ,  0.005670999999999982 ,   ,  0.0062789999999997015 ,  0.003034999999999677 ,  -0.014985000000000248 ,   ,   ,  
679 ,  0.002761999999999709 ,   ,  -0.0023420000000000663 ,  0.003929999999999989 ,   ,   ,  -0.004350000000000076 ,  
680 ,  0.005041000000000295 ,   ,  -0.005466999999999889 ,  0.0026010000000002975 ,   ,   ,   ,  -0.002174999999999816
681 ,  -0.028136999999999635 ,   ,  -0.00549299999999997 ,  -0.014788999999999941 ,   ,   ,  0.04841899999999999 ,  
682 ,  -0.1597940000000002 ,   ,  -0.010158000000000555 ,  0.12364199999999981 ,  0.04630999999999963 ,   ,   ,  
683 ,  -0.012192999999999898 ,   ,  0.027714999999999712 ,  0.008774999999999977 ,   ,   ,  -0.024297000000000235 ,  
684 ,  -0.12914699999999968 ,   ,  -0.12271099999999979 ,  -0.06555499999999981 ,  0.31741300000000017 ,   ,   ,  
685 ,  -0.05918900000000038 ,   ,  0.18359499999999995 ,  -0.05835699999999999 ,  -0.06604900000000002 ,   ,   ,  
686 ,  0.002731000000000261 ,   ,  -0.01654499999999981 ,  0.022183000000000064 ,   ,   ,   ,  -0.00836900000000007
687 ,  0.047882000000000424 ,   ,  -0.02147399999999955 ,  0.006686000000000636 ,   ,   ,  -0.033093999999999735 ,  
688 ,  -0.006392000000000397 ,   ,  -0.013132000000000144 ,  0.0040719999999998535 ,  0.0154519999999998 ,   ,   ,  
689 ,  0.016287999999999858 ,   ,  -0.03275199999999989 ,  0.006743999999999861 ,  0.009719999999999729 ,   ,   ,  
690 ,  0.03429100000000007 ,   ,  -0.013865000000000016 ,  -0.010469000000000062 ,   ,   ,   ,  -0.009956999999999994
691 ,  -0.00811599999999979 ,   ,  -0.0017999999999998018 ,  0.0031799999999999606 ,   ,   ,   ,  0.006736000000000075
692 ,  -0.057176000000000116 ,   ,  0.026863999999999777 ,  0.02105599999999974 ,   ,   ,  0.009255999999999709 ,  
693 ,  0.03381999999999996 ,   ,  -0.008439999999999781 ,  -0.00048000000000003595 ,   ,   ,  -0.0248999999999997 ,  
694 ,  0.03459600000000007 ,   ,  -0.040564000000000267 ,  0.025976 ,   ,   ,  -0.020008000000000248 ,  
695 ,  0.0009639999999997428 ,   ,  -0.02439200000000019 ,  -0.006143999999999927 ,  0.02957199999999993 ,   ,   ,  
696 ,  -0.027675000000000338 ,   ,  -0.05203900000000017 ,  0.07416499999999981 ,   ,   ,  0.005548999999999804 ,  
697 ,  0.0681020000000001 ,   ,  -0.01322599999999996 ,  -0.03475800000000007 ,   ,   ,   ,  -0.02011800000000008
698 ,  0.017581999999999987 ,   ,  -0.01507399999999981 ,  -0.016338000000000186 ,  0.013830000000000009 ,   ,   ,  
699 ,  0.005871000000000404 ,   ,  -0.008712999999999749 ,  0.0063390000000000946 ,   ,   ,   ,  -0.0034969999999998613
700 ,  0.04824599999999979 ,   ,  -0.007642000000000149 ,  -0.01300200000000018 ,   ,   ,  -0.027601999999999904 ,  
701 ,  -0.05277400000000032 ,   ,  0.37900599999999995 ,  -0.14744599999999997 ,  -0.1787860000000001 ,   ,   ,  
702 ,  -0.024788000000000032 ,   ,  0.019375999999999838 ,  0.061475999999999864 ,   ,   ,   ,  -0.056064000000000114
703 ,  0.03101499999999957 ,   ,  -0.020629000000000453 ,  -0.0019130000000004976 ,   ,   ,   ,  -0.008473000000000397
704 ,  -0.006893999999999512 ,   ,  0.038758000000000514 ,  -0.07777399999999979 ,   ,   ,  0.04591000000000056 ,  
705 ,  0.038891999999999705 ,   ,  0.04037999999999986 ,  -0.03285999999999989 ,   ,   ,  -0.04641200000000012 ,  
706 ,  -0.09069499999999975 ,   ,  0.025953000000000337 ,  0.01862900000000023 ,   ,   ,  0.046113000000000515 ,  
707 ,  0.02782499999999999 ,   ,  -0.04297899999999988 ,  0.05700900000000031 ,   ,   ,   ,  -0.041854999999999976
708 ,  -0.00727000000000011 ,   ,  -0.016026000000000096 ,  -0.03288599999999997 ,  0.056182000000000176 ,   ,   ,  
709 ,  -0.302276 ,   ,  0.0010799999999999699 ,  0.1920799999999998 ,  0.10911600000000021 ,   ,   ,  
710 ,  -0.0188429999999995 ,   ,  -0.02387899999999954 ,  0.04983700000000013 ,   ,   ,   ,  -0.00711499999999976
711 ,  -0.03362200000000026 ,   ,  0.027573999999999987 ,  -0.0736340000000002 ,  0.07968200000000003 ,   ,   ,  
712 ,  0.02772100000000055 ,   ,  -0.03273099999999962 ,  -0.05457499999999982 ,   ,   ,   ,  0.05958500000000022
713 ,  0.010041000000000189 ,   ,  -0.0005150000000000432 ,  0.008717000000000308 ,   ,   ,  -0.01824300000000001 ,  
714 ,  0.04850399999999988 ,   ,  0.0147759999999999 ,  -0.057620000000000005 ,   ,   ,  -0.005659999999999776 ,  
715 ,  -0.011784999999999712 ,   ,  -0.013160999999999756 ,  0.02080300000000035 ,   ,   ,   ,  0.004143000000000452
716 ,  0.04062600000000005 ,   ,  0.006830000000000336 ,  -0.03619400000000006 ,   ,   ,   ,  -0.011261999999999883
717 ,  0.018596999999999753 ,   ,  0.009568999999999939 ,  -0.01300300000000032 ,   ,   ,   ,  -0.01516300000000026
718 ,  -0.015973999999999933 ,   ,  -0.03422999999999998 ,  0.04281399999999991 ,  0.007390000000000008 ,   ,   ,  
719 ,  0.03485200000000033 ,   ,  -0.018587999999999827 ,  -0.005635999999999974 ,   ,   ,  -0.010627999999999638 ,  
720 ,  0.011727000000000487 ,   ,  -0.0022809999999995334 ,  -0.0022809999999995334 ,   ,   ,   ,  -0.007164999999999644
721 ,  0.01678699999999944 ,   ,  -0.009585000000000399 ,  0.0004189999999995031 ,   ,   ,  -0.007621000000000322 ,  
722 ,  0.0026220000000001242 ,   ,  0.01035800000000009 ,  -0.0182739999999999 ,  0.005294000000000132 ,   ,   ,  
723 ,  0.0175569999999996 ,   ,  -0.020471000000000128 ,  0.013692999999999955 ,   ,   ,  -0.010779000000000316 ,  
724 ,  0.026180000000000092 ,   ,  -0.0187280000000003 ,  -0.012636000000000092 ,  0.005183999999999855 ,   ,   ,  
725 ,  0.07614400000000021 ,   ,  -0.06305999999999967 ,  0.02823600000000015 ,  -0.0413199999999998 ,   ,   ,  
726 ,  0.03909699999999994 ,   ,  -0.014022999999999897 ,  0.0034570000000000434 ,  -0.028531000000000084 ,   ,   ,  
727 ,  -0.015245999999999427 ,   ,  0.04191400000000023 ,  -0.04124599999999967 ,   ,   ,   ,  0.014578000000000202
728 ,  0.0016639999999998878 ,   ,  -0.006460000000000132 ,  0.010843999999999632 ,  -0.006048000000000275 ,   ,   ,  
729 ,  0.03708 ,   ,  0.01537999999999995 ,  0.03794800000000009 ,   ,   ,   ,  -0.09040800000000004
730 ,  0.002931000000000239 ,   ,  0.018279000000000156 ,  0.0004870000000001262 ,  -0.021696999999999633 ,   ,   ,  
731 ,  0.03273500000000018 ,   ,  -0.02979300000000018 ,  -0.032392999999999894 ,  0.029450999999999894 ,   ,   ,  
732 ,  -0.003826000000000107 ,   ,  -0.03584200000000015 ,  0.09184599999999987 ,   ,   ,  -0.05217800000000006 ,  
733 ,  -0.06717800000000018 ,   ,  -0.040466000000000335 ,  -0.003782000000000174 ,  0.1114259999999998 ,   ,   ,  
734 ,  0.004230999999999874 ,   ,  -0.07570100000000002 ,  0.043347000000000246 ,  0.028122999999999898 ,   ,   ,  
735 ,  0.018600999999999868 ,   ,  -0.0010349999999998971 ,  -0.011911000000000005 ,   ,   ,   ,  -0.005654999999999966
736 ,  0.03375700000000004 ,   ,  0.0021130000000000315 ,  0.0032890000000000974 ,   ,   ,  -0.03915899999999972 ,  
737 ,  0.01282499999999942 ,   ,  0.06043299999999929 ,  -0.030847000000000513 ,   ,   ,  -0.04241100000000042 ,  
738 ,  0.010734999999999495 ,   ,  0.004878999999999856 ,  0.012414999999999843 ,   ,   ,   ,  -0.02802900000000008
739 ,  0.006255000000000344 ,   ,  0.020407000000000508 ,  -0.027056999999999665 ,   ,   ,   ,  0.0003950000000005893
740 ,  0.04004500000000055 ,   ,  -0.027062999999999615 ,  0.03593700000000055 ,   ,   ,  -0.04891899999999971 ,  
741 ,  0.0241220000000002 ,   ,  -0.012245999999999757 ,  -0.007950000000000124 ,   ,   ,  -0.003925999999999874 ,  
742 ,  0.10325359999999995 ,  0.005877599999999816 ,  -0.057110400000000006 ,  -0.013154400000000344 ,  -0.0388664000000003 ,   ,   ,  
743 ,  -0.008603200000000033 ,  0.005772799999999911 ,  -0.005883199999999977 ,  0.021400799999999887 ,  -0.012687200000000232 ,   ,   ,  
744 ,  0.12347280000000005 ,  0.06285279999999993 ,  -0.06747919999999974 ,  0.0028968000000002547 ,   ,   ,  -0.12174320000000005 ,  
745 ,  -0.03205839999999993 ,  -0.06152639999999998 ,  -0.05568240000000024 ,  0.07693759999999994 ,   ,  0.07232959999999977 ,   ,  
746 ,  0.008697599999999639 ,  0.0046575999999998174 ,  -0.007582399999999989 ,  -0.0017704000000002829 ,   ,   ,  -0.0040024000000000726 ,  
747 ,  0.06194159999999993 ,  -0.06791839999999993 ,  0.007721599999999995 ,  -0.08146239999999993 ,   ,   ,   ,  0.07971760000000039
748 ,  0.014366399999999668 ,  0.01305839999999936 ,  0.0034303999999996115 ,  -0.01574560000000025 ,   ,   ,   ,  -0.015109600000000611
749 ,  -0.03614959999999989 ,  0.005966399999999705 ,  -0.019105600000000056 ,  -0.00046159999999995094 ,   ,   ,  0.04975039999999975 ,  
750 ,  0.012567999999999468 ,  0.0026879999999995796 ,  -0.04932800000000048 ,  0.0268079999999995 ,   ,  0.007263999999999715 ,   ,  
751 ,  -0.09136079999999946 ,  -0.2572487999999997 ,  0.03778320000000024 ,  -0.026364799999999633 ,   ,  0.33719120000000036 ,   ,  
752 ,  0.08254319999999993 ,  0.04579120000000003 ,  -0.05375279999999982 ,  -0.01364080000000012 ,  -0.06094080000000002 ,   ,   ,  
753 ,  -0.0020260000000003053 ,   ,  -0.007330000000000059 ,  0.01384599999999958 ,   ,   ,  -0.004490000000000105 ,  
754 ,  0.0004789999999994521 ,   ,  -0.017845000000000333 ,  -0.01316900000000043 ,  0.030534999999999535 ,   ,   ,  
755 ,  0.016551000000000204 ,   ,  -0.007953000000000099 ,  -0.0031010000000000204 ,  -0.005497000000000085 ,   ,   ,  
756 ,  0.10671199999999992 ,   ,  0.01694400000000007 ,  -0.16452 ,   ,   ,  0.04086400000000001 ,  
757 ,  -0.001964000000000077 ,   ,  -0.008103999999999889 ,  -0.00039999999999995595 ,  0.010468000000000366 ,   ,   ,  
758 ,  0.024285999999999586 ,   ,  -0.029090000000000504 ,  -0.0008140000000000924 ,   ,   ,  0.005617999999999679 ,  
759 ,  -0.0049720000000004205 ,   ,  0.0030359999999998166 ,  -0.005824000000000051 ,   ,   ,   ,  0.007759999999999767
760 ,  0.0024020000000000152 ,   ,  -0.008481999999999879 ,  0.004246000000000194 ,  0.0018340000000001133 ,   ,   ,  
761 ,  -0.029138999999999804 ,   ,  0.08175700000000008 ,  -0.0002749999999998032 ,   ,   ,  -0.052342999999999584 ,  
762 ,  -0.024582000000000104 ,   ,  0.05348599999999948 ,  -0.03729000000000049 ,   ,   ,   ,  0.008385999999999783
763 ,  0.0004990000000000272 ,   ,  -0.009325000000000028 ,  0.04039500000000018 ,   ,   ,   ,  -0.03156900000000018
764 ,  -0.6182829999999999 ,   ,  -0.08321100000000037 ,  1.1083489999999996 ,  -0.4068550000000002 ,   ,   ,  
765 ,  -0.043849999999999945 ,   ,  0.14294600000000024 ,  -0.04853400000000008 ,  -0.050561999999999774 ,   ,   ,  
766 ,  0.015332000000000345 ,   ,  -0.007143999999999373 ,  -0.012187999999999644 ,   ,   ,   ,  0.004000000000000448
767 ,  0.010830999999999591 ,   ,  0.00246299999999966 ,  -0.012713000000000196 ,   ,   ,  -0.0005810000000003868 ,  
768 ,  0.005890000000000395 ,   ,  -0.007533999999999708 ,  0.0029060000000002972 ,   ,   ,   ,  -0.0012619999999996523
769 ,  0.003058999999999923 ,   ,  -0.00867299999999993 ,  0.00743500000000008 ,   ,   ,   ,  -0.0018210000000000726
770 ,  0.013435000000000308 ,   ,  -0.025624999999999787 ,  0.004154999999999909 ,   ,   ,  0.008035000000000014 ,  
771 ,  -0.12281000000000031 ,  0.38999799999999984 ,  -0.11998600000000037 ,  -0.14720200000000006 ,   ,   ,   ,  
772 ,  -0.013333000000000261 ,  0.032218999999999554 ,  -0.021997000000000266 ,  0.003110999999999642 ,   ,   ,   ,  
773 ,  -0.005705999999999989 ,  0.011921999999999766 ,  0.0005579999999998364 ,  -0.006774000000000058 ,   ,   ,   ,  
774 ,  -0.05291099999999993 ,  -0.057822999999999514 ,  -0.06045899999999982 ,  0.17119300000000015 ,   ,   ,   ,  
775 ,  0.01183299999999976 ,  0.0276569999999996 ,  -0.02885500000000052 ,  -0.010635000000000616 ,   ,   ,   ,  
776 ,  0.01780999999999988 ,  0.010709999999999997 ,  -0.021714000000000233 ,  -0.00680600000000009 ,   ,   ,   ,  
777 ,  0.028893000000000058 ,  -0.0002629999999999022 ,  -0.022750999999999966 ,  -0.0058789999999997455 ,   ,   ,   ,  
778 ,  -0.0036920000000000286 ,  -0.0036480000000000956 ,  -0.015212000000000003 ,  0.022552000000000127 ,   ,   ,   ,  
779 ,  0.03381999999999996 ,  0.020376000000000172 ,  0.006832000000000171 ,  -0.06102799999999986 ,   ,   ,   ,  
780 ,  -0.017730000000000246 ,  0.01731399999999983 ,  0.01476999999999995 ,  -0.014353999999999978 ,   ,   ,   ,  
781 ,  -0.002517999999999798 ,  0.007782000000000178 ,  0.014314000000000604 ,  -0.01957799999999965 ,   ,   ,   ,  
782 ,  0.013422999999999963 ,  0.0069910000000001915 ,  -0.01013699999999984 ,  -0.01027699999999987 ,   ,   ,   ,  
783 ,  -0.055675999999999615 ,  0.08244400000000018 ,  0.010132000000000474 ,  -0.03689999999999971 ,   ,   ,   ,  
784 ,  0.022875999999999674 ,  0.1210479999999996 ,  -0.07189600000000018 ,  -0.07202800000000043 ,   ,   ,   ,  
785 ,  0.0038039999999996965 ,  0.0015399999999994307 ,  -0.004016000000000464 ,  -0.00132800000000044 ,   ,   ,   ,  
786 ,  0.011200999999999794 ,  -0.005595000000000017 ,  0.010540999999999912 ,  -0.016147000000000133 ,   ,   ,   ,  
787 ,  0.09340600000000032 ,  -0.022417999999999605 ,  -0.03423799999999977 ,  -0.036749999999999616 ,   ,   ,   ,  
788 ,  0.04955700000000007 ,  0.048705 ,  -0.014062999999999715 ,  -0.08419899999999991 ,   ,   ,   ,  
789 ,  0.21489899999999995 ,   ,  0.07131899999999991 ,  -0.1267689999999999 ,  -0.15944899999999995 ,   ,   ,  
790 ,  0.014588000000000267 ,   ,  0.0051920000000000854 ,  -0.007899999999999796 ,   ,   ,  -0.011879999999999669 ,  
791 ,  0.02406200000000025 ,   ,  0.03499799999999986 ,  0.3226340000000003 ,   ,   ,  -0.381694 ,  
792 ,  0.011874000000000162 ,   ,  0.013290000000000024 ,  -0.012782000000000071 ,  -0.012382000000000115 ,   ,   ,  
793 ,  0.07166000000000006 ,   ,  0.038360000000000394 ,  -0.0820719999999997 ,   ,   ,   ,  -0.027947999999999862
794 ,  0.019690999999999903 ,   ,  -0.014100999999999697 ,  -0.015088999999999686 ,  0.009498999999999924 ,   ,   ,  
795 ,  0.008844000000000296 ,   ,  -0.021099999999999675 ,  -0.0035439999999997696 ,  0.015800000000000036 ,   ,   ,  
796 ,  -0.00479900000000022 ,   ,  -0.029559000000000335 ,  0.0641929999999995 ,   ,   ,  -0.029835000000000278 ,  
797 ,  -0.0026810000000003775 ,   ,  0.001350999999999658 ,  -0.011273000000000089 ,  0.01260299999999992 ,   ,   ,  
798 ,  0.03708200000000028 ,   ,  0.007482000000000433 ,  -0.03994999999999971 ,   ,   ,   ,  -0.004613999999999674
799 ,  -0.029738000000000042 ,   ,  0.037825999999999915 ,  0.011586000000000318 ,  -0.019673999999999747 ,   ,   ,  
800 ,  0.009552999999999923 ,   ,  -0.005923000000000123 ,  0.03789700000000007 ,   ,   ,   ,  -0.04152699999999987
801 ,  0.011245000000000172 ,   ,  -0.020763000000000087 ,  0.02784500000000012 ,   ,   ,  -0.01832699999999976 ,  
802 ,  0.0133880000000004 ,   ,  0.03665200000000013 ,  0.020972000000000435 ,   ,   ,  -0.07101199999999963 ,  
803 ,  0.00006599999999989947 ,   ,  -0.022918000000000216 ,  0.04656199999999977 ,   ,   ,  -0.023710000000000342 ,  
804 ,  0.03716199999999992 ,   ,  0.12858599999999987 ,  -0.24670199999999998 ,   ,   ,   ,  0.08095400000000019
805 ,  -0.015233000000000274 ,   ,  -0.16228900000000035 ,  0.020722999999999825 ,   ,   ,   ,  0.15679899999999947
806 ,  0.02174599999999982 ,   ,  -0.021630000000000038 ,  -0.0001660000000001105 ,  0.00004999999999988347 ,   ,   ,  
807 ,  0.057456000000000174 ,  -0.24675999999999965 ,  0.14056800000000003 ,  0.048736000000000335 ,   ,   ,   ,  
808 ,  -0.005047000000000246 ,   ,  -0.018891000000000435 ,  -0.017851000000000283 ,   ,   ,   ,  0.04178899999999963
809 ,  -0.17964500000000028 ,  0.1297229999999998 ,  0.035550999999999444 ,  0.01437099999999969 ,   ,   ,   ,  
810 ,  0.04698199999999986 ,  -0.015746000000000038 ,  -0.19245800000000024 ,  0.16122199999999998 ,   ,   ,   ,  
811 ,  0.01741000000000037 ,  0.017154000000000114 ,  0.1264420000000004 ,  -0.16100599999999998 ,   ,   ,   ,  
812 ,  0.18148299999999962 ,  0.02010699999999943 ,  -0.2759050000000003 ,  0.07431499999999946 ,   ,   ,   ,  
813 ,  -0.29152100000000036 ,  0.14464699999999953 ,  0.013814999999999689 ,  0.13305899999999982 ,   ,   ,   ,  
814 ,  0.03510800000000014 ,  0.0419719999999999 ,  -0.014352000000000142 ,  -0.020227999999999913 ,   ,  -0.04249999999999998 ,   ,  
815 ,  0.07687759999999999 ,  -0.12484239999999991 ,  -0.10029439999999967 ,  0.08224560000000025 ,   ,  0.06601360000000023 ,   ,  
816 ,  0.212275 ,  -0.0945929999999997 ,  0.08791100000000007 ,  -0.20559299999999991 ,   ,   ,   ,  
817 ,  0.01946160000000008 ,  0.012385599999999997 ,  -0.0029023999999999717 ,  -0.011518399999999929 ,   ,   ,   ,  -0.017426400000000175
818 ,  -0.024794399999999772 ,  -0.04492239999999992 ,  0.04867759999999999 ,  -0.0034543999999998576 ,   ,  0.024493600000000004 ,   ,  
819 ,  -0.0044192000000000675 ,  -0.018859200000000076 ,  0.006792799999999932 ,  -0.011199200000000076 ,  0.027684799999999843 ,   ,   ,  
820 ,  -0.016023999999999816 ,  0.018340000000000245 ,  -0.004811999999999816 ,  -0.0047199999999998354 ,  0.007216000000000111 ,   ,   ,  
821 ,  0.0014744000000002089 ,  -0.017281600000000008 ,  0.05413440000000014 ,  -0.008509600000000006 ,   ,   ,  -0.02981759999999989 ,  
822 ,  -0.024301599999999812 ,  -0.015957599999999683 ,  -0.03584559999999959 ,  0.11553440000000048 ,   ,   ,  -0.03942959999999962 ,  
823 ,  0.11243679999999978 ,  -0.03329520000000041 ,  -0.01245120000000055 ,  -0.032763200000000214 ,   ,   ,   ,  -0.03392720000000038
824 ,  0.010568800000000156 ,  0.015092800000000128 ,  0.0046088000000001905 ,  0.000568800000000369 ,  -0.03083919999999951 ,   ,   ,  
825 ,  0.0017776000000000458 ,  0.0027976000000000667 ,  0.008033600000000085 ,  0.001041600000000198 ,   ,   ,  -0.013650399999999951 ,  
826 ,  -0.010795200000000449 ,  0.010044799999999743 ,  -0.019051200000000268 ,  0.012720799999999866 ,   ,   ,   ,  0.007080799999999776
827 ,  0.05323920000000015 ,  -0.016340800000000044 ,  -0.03480479999999986 ,  0.006715199999999921 ,  -0.008808799999999728 ,   ,   ,  
828 ,  0.030259200000000153 ,  0.004571200000000442 ,  -0.00798479999999957 ,  -0.0021407999999998317 ,   ,  -0.02470479999999986 ,   ,  
829 ,  -0.05998160000000041 ,  -0.04751360000000027 ,  0.2753263999999995 ,  -0.07310160000000021 ,   ,   ,  -0.09472960000000041 ,  
830 ,  -0.06335999999999942 ,  0.000980000000000647 ,  -0.07797599999999916 ,  0.06921200000000072 ,   ,  0.001268000000000935 ,   ,  0.06987600000000072
831 ,  0.003006000000000064 ,  -0.002937999999999885 ,  0.021285999999999916 ,  -0.007517999999999692 ,  -0.007277999999999896 ,   ,   ,  -0.006558000000000064
832 ,  0.003641333333332941 ,  0.09024933333333296 ,  -0.003474666666667403 ,  -0.10641866666666733 ,  -0.09705866666666729 ,   ,  0.11306133333333257 ,  
833 ,  0.0065146666666664466 ,  0.00046666666666661527 ,  -0.010889333333333528 ,  0.012110666666666603 ,  -0.0020573333333335775 ,   ,  -0.006145333333333447 ,  
834 ,  0.011775333333333471 ,  -0.0038246666666665874 ,  0.014575333333333607 ,  -0.016588666666666363 ,   ,  0.0008753333333335611 ,   ,  -0.006812666666666356
835 ,  0.00620466666666708 ,  -0.020079333333333338 ,  -0.002699333333333165 ,  0.008844666666667056 ,  -0.004627333333333095 ,   ,  0.012356666666666793 ,  
836 ,  0.016669333333333203 ,  0.007361333333333331 ,  -0.010670666666666495 ,  0.00494933333333325 ,   ,  -0.00046266666666650025 ,  -0.01784666666666679 ,  
837 ,  0.01298733333333324 ,  -0.020328666666666884 ,  -0.025520666666666525 ,  0.14642333333333335 ,   ,  -0.06906866666666689 ,   ,  -0.044492666666666736
838 ,  0.00888533333333319 ,  0.014085333333333061 ,  -0.007902666666666835 ,  -0.006974666666666796 ,   ,  0.005373333333333008 ,   ,  -0.01346666666666696
839 ,  -0.08465266666666693 ,  -0.0005686666666671059 ,  -0.09777666666666684 ,  -0.006188666666667064 ,  0.08763533333333307 ,   ,  0.1015513333333331 ,  
840 ,  0.041908999999999974 ,  -0.06274699999999989 ,  0.03975300000000015 ,  -0.018914999999999793 ,   ,   ,   ,  
841 ,  0.0340729999999998 ,  0.06476499999999996 ,  -0.015287000000000273 ,  -0.08355099999999993 ,   ,   ,   ,  
842 ,  -0.014435999999999893 ,  0.010352000000000139 ,  0.10323599999999988 ,  -0.09915200000000013 ,   ,   ,   ,  
843 ,  -0.055552000000000046 ,  0.0017679999999997698 ,  0.04661599999999977 ,  0.007167999999999619 ,   ,   ,   ,  
844 ,  -0.09973700000000019 ,  0.11525499999999989 ,  -0.016913000000000178 ,  0.001394999999999591 ,   ,   ,   ,  
845 ,  -0.10626300000000022 ,  0.07258099999999956 ,  -0.015343000000000107 ,  0.049024999999999874 ,   ,   ,   ,  
846 ,  0.0015810000000002766 ,  -0.013011000000000106 ,  0.06000100000000019 ,  -0.04857099999999992 ,   ,   ,   ,  
847 ,  -0.038977999999999735 ,  0.041718000000000366 ,  0.09709000000000012 ,  -0.09982999999999986 ,   ,   ,   ,  
848 ,  0.05083799999999972 ,  -0.05186599999999997 ,  -0.021018000000000203 ,  0.02204600000000001 ,   ,   ,   ,  
849 ,  0.04970400000000019 ,  0.03178800000000015 ,  -0.014355999999999813 ,  -0.06713600000000008 ,   ,   ,   ,  
850 ,  0.10861700000000019 ,  0.0014690000000001646 ,  -0.0823229999999997 ,  -0.02776299999999976 ,   ,   ,   ,  
851 ,  0.02392800000000017 ,  -0.028779999999999806 ,  -0.00788000000000011 ,  0.012732000000000188 ,   ,   ,   ,  
852 ,  0.03589999999999982 ,  0.09379999999999988 ,  -0.086036 ,  -0.04366400000000015 ,   ,   ,   ,  
853 ,  -0.0795720000000002 ,  0.06510399999999983 ,  0.0005959999999998189 ,  0.013872000000000106 ,   ,   ,   ,  
854 ,  -0.1471260000000001 ,  -0.17978600000000045 ,  0.5773539999999997 ,  -0.25044200000000005 ,   ,   ,   ,  
855 ,  -0.016360999999999848 ,  -0.07873699999999983 ,  -0.06551300000000015 ,  0.16061099999999984 ,   ,   ,   ,  
856 ,  0.09428800000000015 ,  -0.14496399999999987 ,  0.05837599999999998 ,  -0.007699999999999818 ,   ,   ,   ,  
857 ,  0.06757599999999986 ,  -0.0008479999999999599 ,  -0.1111080000000002 ,  0.044379999999999864 ,   ,   ,   ,  
858 ,  0.011355000000000004 ,  -0.04081299999999999 ,  -0.015077000000000229 ,  0.04453499999999977 ,   ,   ,   ,  
859 ,  -0.056178000000000505 ,  0.03295399999999926 ,  0.20972999999999953 ,  -0.1865060000000005 ,   ,   ,   ,  
860 ,  0.03704599999999969 ,  0.13682999999999979 ,  -0.0465340000000003 ,  -0.12734200000000007 ,   ,   ,   ,  
861 ,  0.05672480000000002 ,  0.03364479999999981 ,  -0.01327920000000038 ,  -0.08184320000000023 ,   ,   ,   ,  0.0047527999999998904
862 ,  -0.003957600000000117 ,  0.02785839999999995 ,  -0.013009600000000177 ,  -0.0015816000000001829 ,   ,   ,  -0.009309600000000362 ,  
863 ,  -0.02882159999999967 ,  -0.012849599999999572 ,  0.011046400000000123 ,  0.04787040000000031 ,  -0.01724559999999986 ,   ,   ,  
864 ,  0.05852959999999996 ,  -0.02320240000000018 ,  -0.04824640000000002 ,  -0.022686399999999995 ,   ,  0.03560559999999979 ,   ,  
865 ,  -0.01643440000000007 ,  0.09762959999999987 ,  -0.04264240000000008 ,  0.010953600000000119 ,   ,   ,  -0.04950639999999984 ,  
866 ,  -0.028506399999999932 ,  0.0021135999999999378 ,  0.022241600000000084 ,  0.005633599999999905 ,  -0.0014823999999999948 ,   ,   ,  
867 ,  -0.005501599999999662 ,  0.007510400000000139 ,  0.00435840000000054 ,  0.010762400000000394 ,   ,   ,   ,  -0.017129599999999634
868 ,  0.015236800000000272 ,  0.00768879999999994 ,  -0.026279199999999836 ,  0.025208800000000142 ,  -0.021855200000000075 ,   ,   ,  
869 ,  0.02476880000000037 ,  0.012864800000000454 ,  -0.005707199999999801 ,  -0.02000719999999978 ,   ,   ,   ,  -0.011919199999999464
870 ,  -0.005468800000000051 ,  0.0031791999999999376 ,  0.008467200000000119 ,  0.0030711999999999406 ,   ,  -0.009248799999999946 ,   ,  
871 ,  0.008251200000000125 ,  0.015315200000000306 ,  -0.007112799999999808 ,  -0.012464800000000054 ,   ,   ,  -0.0039887999999996815 ,  
872 ,  0.006195200000000067 ,  -0.0039167999999998315 ,  -0.013536800000000238 ,  0.0017711999999998618 ,   ,  0.00948720000000014 ,   ,  
873 ,  -0.07167733333333315 ,  0.08822266666666678 ,  0.00889866666666661 ,  -0.03580933333333336 ,  0.018094666666666814 ,  -0.007729333333333255 ,   ,  
874 ,  0.20406666666666595 ,  -0.24443733333333384 ,  -0.09199333333333382 ,  -0.12802533333333388 ,  0.10531066666666611 ,   ,   ,  0.15507866666666592
875 ,  0.02449799999999991 ,  0.0018499999999996852 ,  0.020953999999999695 ,  -0.022490000000000343 ,  0.0008499999999997954 ,   ,  -0.025662000000000074 ,  
876 ,  -0.02507199999999976 ,  -0.037743999999999556 ,  -0.025251999999999608 ,  -0.028251999999999722 ,   ,  0.0816640000000004 ,   ,  0.034656000000000464
877 ,  -0.006508666666666496 ,  -0.004596666666666582 ,  0.030783333333333385 ,  -0.01437666666666626 ,  -0.0016926666666665646 ,   ,  -0.0036086666666665934 ,  
878 ,  0.013183999999999862 ,  0.008328000000000113 ,  -0.040675999999999934 ,  0.008847999999999967 ,   ,  0.01624800000000004 ,  -0.005932000000000048 ,  
879 ,  0.010179999999999634 ,  0.00933999999999946 ,  -0.002212000000000547 ,  0.008959999999999635 ,   ,  0.0019999999999997797 ,   ,  -0.028268000000000182
880 ,  -0.009685999999999861 ,  -0.0253540000000001 ,  -0.006981999999999822 ,  -0.04265400000000019 ,   ,  -0.016281999999999908 ,   ,  0.10095799999999988
881 ,  0.07610199999999967 ,  -0.059722000000000275 ,  -0.0723900000000004 ,  -0.07615400000000028 ,  -0.0003580000000003025 ,   ,  0.1325219999999998 ,  
882 ,  0.003343333333333476 ,  0.010163333333333302 ,  -0.01367666666666656 ,  -0.006860666666666404 ,  0.001175333333333306 ,   ,  0.0058553333333333235 ,  
883 ,  0.02113266666666691 ,  0.016960666666666846 ,  -0.008975333333333335 ,  -0.00026733333333339715 ,   ,  -0.002275333333332963 ,  -0.026575333333333173 ,  
884 ,  0.1072666666666664 ,  0.7985786666666668 ,  0.4047426666666665 ,  0.10151466666666664 ,  -0.6860533333333336 ,   ,   ,  -0.7260493333333335
885 ,  -0.03536333333333319 ,  0.026980666666666764 ,  -0.014487333333333297 ,  0.05218466666666677 ,  0.0016806666666666636 ,   ,   ,  -0.030995333333333264
886 ,  -0.17314266666666667 ,  0.2187293333333331 ,  0.00782533333333335 ,  -0.17517466666666648 ,   ,  0.1267013333333331 ,  -0.004938666666666869 ,  
887 ,  0.008173999999999904 ,  0.0005020000000000024 ,  -0.01476999999999995 ,  0.024793999999999983 ,   ,   ,  0.0007579999999998144 ,  -0.019458000000000197
888 ,  -0.08797266666666648 ,  0.39087933333333336 ,  -0.11446866666666677 ,  0.03549133333333332 ,   ,  -0.11296866666666672 ,  -0.11096066666666671 ,  
889 ,  -0.006529333333332943 ,  0.03461066666666701 ,  0.024602666666666995 ,  -0.0069413333333328 ,  -0.02040133333333305 ,  -0.025341333333332994 ,   ,  
890 ,  0.06961733333333386 ,  0.0037933333333337593 ,  -0.04965066666666651 ,  0.010961333333333823 ,  -0.048194666666666386 ,  0.01347333333333367 ,   ,  
891 ,  0.016518666666666793 ,  0.009182666666666783 ,  0.009978666666667024 ,  -0.011425333333332954 ,  -0.008337333333332975 ,   ,   ,  -0.015917333333332895
892 ,  -0.01083333333333325 ,  -0.03282933333333338 ,  0.04336666666666655 ,  -0.007973333333333166 ,  0.00703866666666686 ,   ,   ,  0.0012306666666668242
893 ,  -0.00007666666666628075 ,  -0.004136666666666233 ,  0.029063333333333663 ,  -0.010152666666666477 ,  0.005179333333333869 ,  -0.01987666666666632 ,   ,  
894 ,  0.007903333333333595 ,  0.009563333333333368 ,  -0.016848666666666734 ,  0.08898333333333319 ,   ,   ,  -0.04884466666666665 ,  -0.040756666666666774
895 ,  0.09692866666666644 ,  0.025020666666666802 ,  0.04057666666666648 ,  -0.05721933333333329 ,   ,  -0.05081133333333332 ,  -0.05449533333333356 ,  
896 ,  0.021204 ,  0.008420000000000094 ,  -0.015120000000000022 ,  -0.014504000000000072 ,   ,   ,   ,  
897 ,  0.02567599999999981 ,  0.18571999999999989 ,  -0.060740000000000016 ,  -0.15065600000000012 ,   ,   ,   ,  
898 ,  0.0005670000000002062 ,  -0.0008169999999996236 ,  0.004855000000000054 ,  -0.004604999999999748 ,   ,   ,   ,  
899 ,  0.06253200000000003 ,  -0.04592799999999997 ,  -0.031320000000000014 ,  0.014715999999999951 ,   ,   ,   ,  
900 ,  0.0005429999999999602 ,  0.00013100000000010326 ,  0.019318999999999864 ,  -0.019992999999999927 ,   ,   ,   ,  
901 ,  0.037201000000000484 ,  -0.011610999999999816 ,  -0.00989099999999965 ,  -0.015698999999999685 ,   ,   ,   ,  
902 ,  0.005547999999999664 ,  0.010180000000000078 ,  -0.015028000000000041 ,  -0.000700000000000145 ,   ,   ,   ,  
903 ,  0.05048600000000025 ,  0.003814000000000206 ,  -0.04409799999999997 ,  -0.010202000000000044 ,   ,   ,   ,  
904 ,  -0.004577000000000275 ,  0.017826999999999593 ,  0.009498999999999924 ,  -0.02274900000000013 ,   ,   ,   ,  
905 ,  -0.0046280000000002985 ,  0.0032799999999997276 ,  -0.007864000000000093 ,  0.009211999999999776 ,   ,   ,   ,  
906 ,  0.004653999999999936 ,  -0.0010259999999999714 ,  -0.015794000000000086 ,  0.012166000000000121 ,   ,   ,   ,  
907 ,  0.013355000000000228 ,  -0.01854499999999959 ,  0.003107000000000415 ,  0.002083000000000279 ,   ,   ,   ,  
908 ,  0.0024779999999999802 ,  0.021565999999999974 ,  -0.005377999999999883 ,  -0.01866600000000007 ,   ,   ,   ,  
909 ,  0.28907599999999967 ,  -0.4964960000000005 ,  0.7363040000000001 ,  -0.5288840000000001 ,   ,   ,   ,  
910 ,  0.01014600000000021 ,  0.008685999999999972 ,  -0.0025580000000000602 ,  -0.016273999999999678 ,   ,   ,   ,  
911 ,  0.00836300000000012 ,  -0.0030209999999999404 ,  0.010095000000000187 ,  -0.015436999999999923 ,   ,   ,   ,  
912 ,  0.007543999999999773 ,  -0.000908000000000353 ,  0.00849999999999973 ,  -0.015136000000000038 ,   ,   ,   ,  
913 ,  0.19818960000000008 ,  0.026025600000000093 ,  -0.14272639999999992 ,  -0.3054264 ,   ,   ,   ,  0.22393759999999974
914 ,  0.006695199999999346 ,  0.0039911999999997505 ,  -0.001472800000000607 ,  0.0017791999999996477 ,   ,   ,  -0.010992800000000358 ,  
915 ,  -0.030752000000000113 ,  0.08305599999999957 ,  0.09204799999999969 ,  -0.09341200000000027 ,   ,   ,   ,  -0.05094000000000021
916 ,  0.04999439999999966 ,  -0.010649600000000259 ,  -0.0018896000000001578 ,  -0.009281600000000445 ,   ,  -0.028173600000000132 ,   ,  
917 ,  -0.011898399999999754 ,  0.02700160000000018 ,  -0.01409439999999984 ,  0.01940160000000013 ,   ,   ,  -0.02041039999999983 ,  
918 ,  -0.05229039999999996 ,  -0.04987440000000021 ,  0.09912559999999981 ,  0.06084159999999983 ,  -0.05780239999999992 ,   ,   ,  
919 ,  0.011920800000000398 ,  -0.019419199999999748 ,  -0.0004951999999995849 ,  0.014040800000000075 ,  -0.006047199999999808 ,   ,   ,  
920 ,  0.018981600000000043 ,  0.06786160000000008 ,  -0.01703840000000012 ,  -0.024738399999999938 ,   ,  -0.04506640000000006 ,   ,  
921 ,  0.02412320000000001 ,  -0.0030607999999996416 ,  -0.0006367999999996599 ,  0.0049792000000001835 ,  -0.025404800000000005 ,   ,   ,  
922 ,  -0.017640800000000123 ,  0.01760319999999993 ,  0.060439199999999804 ,  -0.0036528000000002336 ,   ,  -0.056748800000000266 ,   ,  
923 ,  -0.008542399999999617 ,  -0.016762399999999733 ,  0.025013600000000302 ,  -0.02955439999999987 ,  0.02984560000000025 ,   ,   ,  
924 ,  -0.09655120000000039 ,  -0.18100720000000026 ,  0.20546879999999978 ,  0.3078607999999998 ,   ,   ,  -0.2357712000000003 ,  
925 ,  0.10676560000000013 ,  -0.039298399999999845 ,  0.011301600000000356 ,  -0.05629039999999952 ,   ,  -0.022478399999999787 ,   ,  
926 ,  -0.02295120000000006 ,  0.1947928000000001 ,  -0.01959920000000004 ,  -0.0757232000000001 ,   ,   ,   ,  -0.0765191999999999
927 ,  -0.07618560000000008 ,  0.04886239999999997 ,  0.1574703999999998 ,  -0.0674216000000003 ,   ,   ,  -0.06272560000000027 ,  
928 ,  -0.0022639999999998217 ,  0.02090399999999981 ,  0.0018679999999999808 ,  -0.014000000000000234 ,   ,  -0.00650800000000018 ,   ,  
929 ,  -0.022436800000000368 ,  0.041799199999999814 ,  -0.02006480000000055 ,  0.0022551999999995687 ,   ,   ,   ,  -0.0015528000000002429
930 ,  0.053736999999999924 ,  -0.05229100000000031 ,  -0.021111000000000324 ,  0.01966499999999982 ,   ,   ,   ,  
931 ,  -0.04013400000000056 ,  0.11322999999999972 ,  0.062273999999999496 ,  -0.13537000000000043 ,   ,   ,   ,  
932 ,  -0.009801999999999644 ,  0.00822600000000051 ,  0.009578000000000308 ,  -0.008001999999999398 ,   ,   ,   ,  
933 ,  0.08607000000000031 ,  -0.03710599999999964 ,  0.07703400000000027 ,  -0.1259979999999996 ,   ,   ,   ,  
934 ,  -0.03980000000000006 ,  0.03178800000000015 ,  0.0038399999999998435 ,  0.0041720000000000645 ,   ,   ,   ,  
935 ,  0.02634599999999976 ,  -0.05276200000000042 ,  -0.005614000000000452 ,  0.03202999999999978 ,   ,   ,   ,  
936 ,  -0.007015999999999689 ,  0.1450200000000006 ,  -0.08252799999999949 ,  -0.05547599999999964 ,   ,   ,   ,  
937 ,  0.05164000000000035 ,  0.06446400000000008 ,  -0.0590799999999998 ,  -0.05702399999999974 ,   ,   ,   ,  
938 ,  -0.08244899999999955 ,  0.0908190000000002 ,  -0.039588999999999874 ,  0.031219000000000108 ,   ,   ,   ,  
939 ,  0.050988000000000255 ,  -0.03691999999999984 ,  0.03072000000000008 ,  -0.044787999999999606 ,   ,   ,   ,  
940 ,  0.051271999999999984 ,  0.060427999999999926 ,  -0.053967999999999794 ,  -0.05773199999999967 ,   ,   ,   ,  
941 ,  0.02739099999999972 ,  0.025174999999999947 ,  0.019835000000000047 ,  -0.07240100000000016 ,   ,   ,   ,  
942 ,  -0.03512599999999999 ,  0.010406000000000137 ,  0.0014739999999999753 ,  0.023245999999999878 ,   ,   ,   ,  
943 ,  0.015649000000000246 ,  -0.10342299999999982 ,  0.1306130000000003 ,  -0.04283899999999985 ,   ,   ,   ,  
944 ,  0.0430060000000001 ,  -0.010193999999999814 ,  -0.06660600000000017 ,  0.03379399999999988 ,   ,   ,   ,  
945 ,  -0.021066999999999503 ,  0.046429000000000276 ,  0.06574500000000061 ,  -0.0911069999999996 ,   ,   ,   ,  
946 ,  -0.0374509999999999 ,  -0.03536299999999981 ,  0.03150900000000023 ,  0.041304999999999925 ,   ,   ,   ,  
947 ,  -0.0759909999999997 ,  0.010944999999999983 ,  -0.04991099999999982 ,  0.11495699999999998 ,   ,   ,   ,  
948 ,  0.015260999999999747 ,  -0.03871100000000016 ,  -0.09883500000000023 ,  0.12228499999999976 ,   ,   ,   ,  
949 ,  0.07415799999999972 ,  -0.06382200000000049 ,  0.03632199999999974 ,  -0.04665800000000031 ,   ,   ,   ,  
950 ,  -0.04313600000000006 ,  0.01585599999999987 ,  0.022788000000000252 ,  0.0044919999999999405 ,   ,   ,   ,  
951 ,  0.059270000000000156 ,  -0.09494599999999975 ,  -0.014333999999999847 ,  0.05001000000000033 ,   ,   ,   ,  
952 ,  0.027052000000000298 ,  0.021684000000000037 ,  -0.08021199999999995 ,  0.03147600000000006 ,   ,   ,   ,  
953 ,  0.038901000000000074 ,  -0.01888299999999976 ,  0.01642100000000024 ,  -0.036438999999999666 ,   ,   ,   ,  
954 ,  -0.07773600000000025 ,  0.12151999999999985 ,  -0.05086000000000013 ,  0.007075999999999638 ,   ,   ,   ,  
955 ,  0.15478900000000007 ,  -0.09194700000000022 ,  -0.03595499999999996 ,  -0.026887000000000327 ,   ,   ,   ,  
956 ,  -0.0761219999999998 ,  0.04506600000000027 ,  -0.003610000000000113 ,  0.034666000000000086 ,   ,   ,   ,  
957 ,  -0.06088099999999974 ,  0.1981670000000002 ,  -0.20723699999999967 ,  0.0699510000000001 ,   ,   ,   ,  
958 ,  0.046016999999999975 ,  -0.07777499999999993 ,  0.05720100000000006 ,  -0.025443000000000104 ,   ,   ,   ,  
959 ,  0.019070999999999394 ,  -0.09021300000000032 ,  0.026666999999999774 ,  0.04447499999999982 ,   ,   ,   ,  
960 ,  0.023437999999999626 ,  0.05998199999999976 ,  0.054669999999999774 ,  -0.13809000000000005 ,   ,   ,   ,  
961 ,  -0.0545770000000001 ,  0.0880749999999999 ,  -0.04587299999999983 ,  0.012375000000000025 ,   ,   ,   ,  
962 ,  0.012205000000000243 ,  0.009713000000000083 ,  -0.007866999999999624 ,  -0.014050999999999814 ,   ,   ,   ,  
963 ,  0.11005399999999987 ,  -0.007913999999999977 ,  -0.015690000000000204 ,  -0.01746200000000009 ,  -0.03251800000000005 ,   ,   ,  -0.03647
964 ,  -0.03738000000000019 ,  0.07829599999999992 ,  -0.028604000000000074 ,  -0.007564000000000348 ,  -0.03559200000000029 ,   ,   ,  0.03084399999999965
965 ,  -0.12132933333333362 ,  -0.09729733333333401 ,  0.043530666666666384 ,  0.1629026666666662 ,  0.028478666666666097 ,   ,   ,  -0.016285333333333707
966 ,  0.0066313333333338775 ,  0.002843333333333753 ,  -0.0034766666666663504 ,  0.014167333333333865 ,  -0.010624666666666283 ,  -0.009540666666666198 ,   ,  
967 ,  -0.01345733333333321 ,  -0.02822933333333344 ,  0.020214666666666492 ,  0.008838666666666661 ,  0.00317466666666677 ,   ,   ,  0.009458666666666726
968 ,  0.0017280000000003959 ,  -0.023683999999999372 ,  -0.010751999999999207 ,  0.015468000000000703 ,  0.007044000000000494 ,  0.010196000000000538 ,   ,  
969 ,  -0.004713333333334013 ,  0.005050666666666093 ,  0.0063106666666663536 ,  -0.008329333333333633 ,   ,   ,  0.0005826666666663982 ,  0.001098666666666137
970 ,  0.002097999999999711 ,  -0.0014220000000002564 ,  -0.009186000000000138 ,  0.004453999999999958 ,   ,  0.012361999999999984 ,  -0.008306000000000147 ,  
971 ,  -0.17471466666666702 ,  -0.076894666666667 ,  0.11110133333333261 ,  0.014397333333332707 ,   ,   ,  0.0976293333333329 ,  0.028481333333332692
972 ,  0.07098399999999971 ,  -0.010472000000000481 ,  -0.0445960000000003 ,  -0.07468800000000053 ,  0.04034399999999971 ,   ,  0.018427999999999667 ,  
973 ,  0.01989266666666678 ,  0.005668666666666766 ,  -0.04905933333333312 ,  -0.03841933333333314 ,   ,  0.049528666666666776 ,  0.012388666666666825 ,  
974 ,  -0.010376666666667145 ,  0.05775933333333283 ,  -0.019492666666666825 ,  0.01901533333333294 ,   ,  -0.03227266666666706 ,  -0.01463266666666696 ,  
975 ,  -0.1218353333333333 ,  -0.03937133333333298 ,  0.0726606666666667 ,  -0.04427933333333289 ,  0.10144066666666696 ,  0.03138466666666684 ,   ,  
976 ,  -0.037900666666666805 ,  0.11790333333333347 ,  -0.03967266666666669 ,  -0.040468666666666486 ,   ,  0.03785933333333347 ,   ,  -0.037720666666666514
977 ,  0.06485666666666612 ,  -0.05829533333333359 ,  0.10718066666666637 ,  0.0019326666666663606 ,   ,  -0.09440733333333373 ,  -0.02126733333333375 ,  
978 ,  -0.006194666666666571 ,  0.0032973333333332633 ,  0.005257333333333225 ,  -0.003778666666666819 ,  0.0021253333333333124 ,  -0.0007066666666668553 ,   ,  
979 ,  0.0239473333333331 ,  -0.0015446666666667497 ,  -0.006000666666666987 ,  -0.016100666666666985 ,  -0.0034486666666668775 ,  0.0031473333333331688 ,   ,  
980 ,  -0.25957133333333315 ,  -0.27091933333333307 ,  -0.25558733333333317 ,  -0.20193533333333313 ,  0.7743246666666668 ,  0.21368866666666708 ,   ,  
981 ,  -0.08204599999999962 ,  0.12176600000000048 ,  -0.10566599999999937 ,  -0.07531799999999933 ,  0.07033800000000046 ,  0.07092600000000049 ,   ,  
982 ,  0.008804666666666794 ,  0.011868666666666527 ,  -0.002543333333333564 ,  0.0023206666666664155 ,  -0.008939333333333188 ,  -0.011511333333333429 ,   ,  
983 ,  0.008118000000000514 ,  -0.0075699999999994105 ,  0.005926000000000542 ,  -0.010229999999999517 ,  0.014602000000000448 ,  -0.010845999999999467 ,   ,  
984 ,  -0.001523333333333543 ,  -0.002907333333333373 ,  -0.01500333333333348 ,  0.023792666666666573 ,   ,   ,  -0.01261133333333353 ,  0.008252666666666464
985 ,  0.01974466666666741 ,  0.0021486666666672427 ,  -0.009355333333332716 ,  -0.006779333333332804 ,   ,   ,  -0.005683333333332818 ,  -0.00007533333333276104
986 ,  0.019696000000000158 ,  0.00264000000000042 ,  0.011660000000000448 ,  -0.019511999999999752 ,   ,   ,  -0.012299999999999756 ,  -0.0021839999999997417
987 ,  -0.005413333333333714 ,  0.0164706666666663 ,  -0.005373333333333452 ,  -0.009889333333333639 ,   ,   ,  0.003190666666666342 ,  0.0010146666666663862
988 ,  -0.0036273333333332047 ,  -0.004959333333333316 ,  0.010964666666666734 ,  -0.010527333333333555 ,   ,   ,  0.0035006666666665964 ,  0.004648666666666745
989 ,  -0.020186666666666575 ,  -0.001706666666666301 ,  0.008537333333333397 ,  -0.0073106666666666875 ,   ,   ,  -0.004270666666666312 ,  0.024937333333333367
990 ,  -0.09559700000000015 ,  0.017278999999999822 ,  0.08119900000000024 ,  -0.0028809999999999114 ,   ,   ,   ,  
991 ,  -0.03846600000000011 ,  0.08315399999999995 ,  0.10212200000000005 ,  -0.14681000000000033 ,   ,   ,   ,  
992 ,  0.062440000000000495 ,  -0.049571999999999505 ,  -0.060771999999999604 ,  0.04790400000000039 ,   ,   ,   ,  
993 ,  0.01599499999999976 ,  0.2900309999999999 ,  -0.17486500000000005 ,  -0.13116100000000008 ,   ,   ,   ,  
994 ,  0.023086000000000162 ,  -0.019709999999999894 ,  -0.013769999999999616 ,  0.010394000000000236 ,   ,   ,   ,  
995 ,  0.020773999999999848 ,  -0.01323400000000019 ,  -0.017754000000000048 ,  0.010213999999999945 ,   ,   ,   ,  
996 ,  -0.005231999999999903 ,  0.1300840000000001 ,  0.006340000000000012 ,  -0.13119199999999998 ,   ,   ,   ,  
997 ,  -0.25600599999999973 ,  0.3472500000000003 ,  0.1839900000000001 ,  -0.27523399999999976 ,   ,   ,   ,  
998 ,  -0.015072000000000418 ,  0.04214799999999963 ,  -0.021708000000000283 ,  -0.0053680000000002615 ,   ,   ,   ,  
999 ,  -0.00981500000000013 ,  -0.08602700000000008 ,  -0.001911000000000218 ,  0.09775299999999998 ,   ,   ,   ,  
1000 ,  0.4405230000000002 ,  -1.2796529999999997 ,  0.4880550000000001 ,  0.35107500000000025 ,   ,   ,   ,  
1001 ,  0.21582000000000034 ,  0.27378800000000014 ,  -0.21408399999999972 ,  -0.2755239999999999 ,   ,   ,   ,  
1002 ,  0.01677699999999982 ,  0.0038969999999998173 ,  -0.008331000000000088 ,  -0.012342999999999993 ,   ,   ,   ,  
1003 ,  0.013409000000000226 ,  -0.009138999999999786 ,  -0.0009030000000000982 ,  -0.003366999999999898 ,   ,   ,   ,  
1004 ,  -0.05488599999999977 ,  0.024718000000000018 ,  0.02274200000000004 ,  0.007426000000000155 ,   ,   ,   ,  
1005 ,  -0.017573999999999756 ,  -0.02450999999999981 ,  -0.01988199999999951 ,  0.06196600000000041 ,   ,   ,   ,  
1006 ,  -0.11044400000000021 ,  -0.006140000000000256 ,  -0.12401600000000013 ,  0.2405999999999997 ,   ,   ,   ,  
1007 ,  0.33331199999999983 ,  -0.9266640000000002 ,  0.3009879999999998 ,  0.29236400000000007 ,   ,   ,   ,  
1008 ,  -0.0593720000000002 ,  -0.09299200000000019 ,  0.08988799999999975 ,  0.062475999999999754 ,   ,   ,   ,  
1009 ,  -0.3797459999999999 ,  1.3609580000000001 ,  -0.5020259999999999 ,  -0.4791859999999999 ,   ,   ,   ,  
1010 ,  0.0819160000000001 ,  -0.10296799999999973 ,  -0.0006639999999999979 ,  0.02171600000000007 ,   ,   ,   ,  
1011 ,  0.036719999999999864 ,  -0.11588799999999999 ,  0.06515199999999988 ,  0.01401600000000025 ,   ,   ,   ,  
1012 ,  0.7652750000000004 ,  -0.310905 ,  -0.06600899999999976 ,  -0.38836099999999973 ,   ,   ,   ,  
1013 ,  0.002814666666666632 ,  -0.0162333333333331 ,  0.008170666666666548 ,  0.003378666666666863 ,  -0.009173333333333478 ,  0.011042666666666534 ,   ,  
1014 ,  0.0005659999999996224 ,  0.009709999999999663 ,  -0.012646000000000157 ,  -0.003978000000000037 ,  0.014069999999999805 ,   ,   ,  -0.007722000000000229
1015 ,  0.009133999999999975 ,  -0.04444200000000009 ,  0.17893800000000004 ,  -0.12121000000000004 ,  0.03891800000000023 ,  -0.061338000000000115 ,   ,  
1016 ,  0.013653999999999833 ,  -0.00039800000000056457 ,  -0.011706000000000216 ,  -0.006326000000000498 ,  0.034477999999999565 ,   ,  -0.02970200000000034 ,  
1017 ,  0.007928666666666917 ,  0.009656666666666869 ,  -0.004411333333333101 ,  -0.006611333333333302 ,   ,  -0.007935333333333183 ,   ,  0.0013726666666666887
1018 ,  0.026028666666666478 ,  0.016204666666666423 ,   ,  -0.016291333333333213 ,  0.04209666666666667 ,  -0.07102333333333322 ,   ,  0.0029846666666664134
1019 ,  0.017037333333333127 ,  0.013789333333332987 ,  -0.009402666666666892 ,  -0.006702666666666968 ,   ,  0.005781333333333194 ,  -0.02050266666666678 ,  
1020 ,  -0.041219333333333275 ,  -0.0614393333333334 ,  0.12648066666666669 ,  0.14911266666666645 ,  -0.08413533333333323 ,   ,  -0.08879933333333323 ,  
1021 ,  0.014123333333333488 ,  -0.00920866666666642 ,  -0.005540666666666638 ,  -0.00726866666666659 ,  0.007287333333333201 ,   ,  0.0006073333333334041 ,  
1022 ,  0.0010693333333331445 ,  0.011593333333333344 ,  -0.0077666666666669215 ,  -0.0072546666666668536 ,   ,  0.024233333333333107 ,   ,  -0.02187466666666671
1023 ,  0.004758666666666134 ,  0.010590666666666415 ,  -0.010441333333333525 ,  0.009370666666666416 ,   ,   ,  -0.018537333333333628 ,  0.004258666666666411
1024 ,  0.0001706666666665413 ,  0.002250666666666845 ,  0.0014386666666665882 ,  -0.0024893333333331213 ,   ,   ,  -0.0025453333333333994 ,  0.0011746666666665462
1025 ,  0.034104666666666894 ,  0.009160666666666817 ,  -0.024659333333333144 ,  -0.009023333333332939 ,  -0.004443333333333133 ,   ,  -0.0051393333333331626 ,  
1026 ,  0.011154666666666202 ,  -0.0004973333333340157 ,  -0.005169333333333803 ,  -0.0036453333333339444 ,   ,  0.004374666666666194 ,  -0.006217333333333741 ,  
1027 ,  0.012174000000000351 ,  -0.007501999999999676 ,  0.0013260000000001604 ,  -0.0008179999999997634 ,   ,  -0.0000059999999995064 ,  -0.00517399999999979 ,  
1028 ,  0.025250000000000217 ,  0.003446000000000282 ,  0.009702000000000321 ,  -0.0255099999999997 ,  -0.008097999999999939 ,  -0.00478999999999985 ,   ,  
1029 ,  -0.0034153333333333258 ,  0.009148666666666916 ,  -0.002119333333333362 ,  0.0034486666666668775 ,   ,  -0.008187333333333324 ,   ,  0.0011246666666666627
1030 ,  -0.002181999999999462 ,  0.01627000000000045 ,  0.006090000000000373 ,  -0.020177999999999585 ,   ,   ,   ,  
1031 ,  -0.026129999999999765 ,  0.04097799999999996 ,  -0.008985999999999716 ,  -0.005862000000000034 ,   ,   ,   ,  
1032 ,  0.03608099999999981 ,  0.040233000000000185 ,  -0.07561499999999999 ,  -0.0006990000000000052 ,   ,   ,   ,  
1033 ,  0.01286500000000057 ,  0.02292900000000042 ,  -0.01320299999999941 ,  -0.022590999999999806 ,   ,   ,   ,  
1034 ,  -0.018077000000000343 ,  0.002514999999999823 ,  0.01344299999999965 ,  0.002118999999999538 ,   ,   ,   ,  
1035 ,  -0.010429999999999495 ,  0.005106000000000499 ,  0.015242000000000644 ,  -0.009917999999999427 ,   ,   ,   ,  
1036 ,  0.010620999999999992 ,  0.011716999999999977 ,  -0.023578999999999795 ,  0.0012410000000002697 ,   ,   ,   ,  
1037 ,  0.00004399999999993298 ,  0.01569599999999971 ,  0.0036519999999997665 ,  -0.019392000000000298 ,   ,   ,   ,  
1038 ,  0.00586999999999982 ,  -0.0016460000000000363 ,  0.013253999999999877 ,  -0.017478000000000105 ,   ,   ,   ,  
1039 ,  0.0044759999999999245 ,  0.017992000000000008 ,  -0.009276000000000284 ,  -0.013192000000000093 ,   ,   ,   ,  
1040 ,  -0.004346999999999657 ,  -0.00276699999999952 ,  -0.02436299999999969 ,  0.0314770000000002 ,   ,   ,   ,  
1041 ,  0.014345999999999748 ,  -0.009958000000000133 ,  0.006525999999999588 ,  -0.01091400000000009 ,   ,   ,   ,  
1042 ,  0.004288000000000292 ,  -0.0013399999999998968 ,  0.0007280000000000619 ,  -0.0036760000000000126 ,   ,   ,   ,  
1043 ,  -0.020286000000000026 ,  0.04248999999999992 ,  0.03122199999999964 ,  -0.053425999999999974 ,   ,   ,   ,  
1044 ,  0.004643000000000175 ,  -0.08851699999999951 ,  0.07972700000000055 ,  0.004147000000000567 ,   ,   ,   ,  
1045 ,  -0.033897000000000066 ,  -0.00772499999999976 ,  0.027139000000000024 ,  0.014483000000000246 ,   ,   ,   ,  
1046 ,  -0.007624000000000297 ,  0.016999999999999904 ,  0.00040400000000007097 ,  -0.009780000000000122 ,   ,   ,   ,  
1047 ,  -0.0612680000000001 ,  -0.031480000000000175 ,  0.16156799999999993 ,  -0.0688200000000001 ,   ,   ,   ,  
1048 ,  -0.0031529999999997393 ,  0.010651000000000188 ,  0.006379000000000357 ,  -0.013876999999999473 ,   ,   ,   ,  
1049 ,  0.011930999999999692 ,  0.002491000000000021 ,  -0.013557000000000041 ,  -0.0008650000000001157 ,   ,   ,   ,  
1050 ,  0.023535000000000306 ,  -0.005648999999999571 ,  -0.01648499999999986 ,  -0.0014009999999995415 ,   ,   ,   ,  
1051 ,  -0.020175000000000498 ,  0.014420999999999573 ,  0.03181699999999976 ,  -0.02606300000000017 ,   ,   ,   ,  
1052 ,  -0.012173999999999907 ,  0.00672600000000001 ,  0.009809999999999874 ,  -0.004361999999999977 ,   ,   ,   ,  
1053 ,  0.023709000000000202 ,  -0.02829499999999996 ,  0.02651300000000001 ,  -0.021926999999999808 ,   ,   ,   ,  
1054 ,  -0.03632999999999997 ,  0.0260539999999998 ,  0.005357999999999752 ,  0.004917999999999978 ,   ,   ,   ,  
1055 ,  -0.010133999999999865 ,  0.026250000000000107 ,  -0.004550000000000054 ,  -0.011566000000000187 ,   ,   ,   ,  
1056 ,  0.010080999999999563 ,  0.007088999999999679 ,  -0.021899000000000335 ,  0.004728999999999761 ,   ,   ,   ,  
1057 ,  0.007312000000000207 ,  -0.01214000000000004 ,  0.028664000000000023 ,  -0.023835999999999746 ,   ,   ,   ,  
1058 ,  -0.011452999999999935 ,  0.0132270000000001 ,  0.014375000000000249 ,  -0.01614899999999997 ,   ,   ,   ,  
1059 ,  0.017277999999999683 ,  -0.003630000000000244 ,  -0.0012380000000002944 ,  -0.012410000000000032 ,   ,   ,   ,  
1060 ,  0.01685200000000009 ,  0.005780000000000118 ,  -0.009551999999999783 ,  -0.0022519999999999207 ,   ,  -0.0013600000000000279 ,   ,  -0.009468000000000032
1061 ,  -0.01274066666666629 ,  0.10601133333333346 ,  -0.017968666666666522 ,  -0.052808666666666504 ,   ,  0.0147793333333337 ,   ,  -0.03727266666666651
1062 ,  0.02195999999999998 ,  -0.009100000000000108 ,  -0.024636000000000102 ,  -0.0019120000000003579 ,   ,  0.022595999999999616 ,   ,  -0.00890800000000036
1063 ,  0.005767999999999773 ,  0.026316000000000006 ,  -0.02893599999999985 ,  -0.007344000000000239 ,  -0.009095999999999993 ,   ,  0.01329199999999986 ,  
1064 ,  -0.0073986666666665535 ,  -0.04675066666666661 ,  0.17034533333333357 ,  0.016117333333333317 ,   ,  -0.06476266666666675 ,   ,  -0.06755066666666654
1065 ,  -0.006793999999999745 ,  -0.0008699999999994823 ,  0.014782000000000295 ,  -0.01847799999999955 ,  0.007666000000000395 ,   ,  0.003694000000000308 ,  
1066 ,  -0.014561999999999742 ,  -0.008009999999999629 ,  0.009234000000000187 ,  -0.005781999999999954 ,  0.013486000000000331 ,   ,  0.005634000000000139 ,  
1067 ,  0.1272786666666672 ,  0.002474666666667069 ,  -0.010633333333332828 ,  -0.037877333333332874 ,   ,  -0.061229333333332914 ,   ,  -0.020013333333332994
1068 ,  0.017573333333332997 ,  -0.0042706666666672 ,  -0.03620266666666705 ,  -0.05171466666666724 ,  -0.05190266666666732 ,   ,  0.1265173333333327 ,  
1069 ,  -0.0029486666666662664 ,  0.062107333333333514 ,  -0.01321266666666654 ,  -0.007512666666666501 ,  -0.02136066666666636 ,   ,  -0.017072666666666514 ,  
1070 ,  0.013306666666666356 ,  -0.0005493333333337347 ,  -0.00830533333333383 ,  0.0007546666666660151 ,  -0.0022133333333336225 ,   ,   ,  -0.0029933333333338474
1071 ,  -0.0037653333333333983 ,  -0.05654933333333334 ,  -0.029869333333333525 ,  0.03578266666666652 ,  0.03980666666666677 ,   ,  0.014594666666666534 ,  
1072 ,  0.001730666666666103 ,  -0.0015093333333338066 ,  0.0005226666666664492 ,  -0.006677333333333646 ,   ,  -0.005005333333333972 ,  0.010938666666666208 ,  
1073 ,  0.021018000000000203 ,  0.0157980000000002 ,  0.003150000000000208 ,  -0.014765999999999835 ,   ,  -0.0112779999999999 ,  -0.013921999999999546 ,  
1074 ,  0.016003999999999685 ,  -0.007216000000000111 ,  -0.010644000000000098 ,  0.0030759999999996346 ,  0.016711999999999616 ,   ,   ,  -0.01793200000000006
1075 ,  0.054687333333333754 ,  -0.012568666666666228 ,  0.004839333333333862 ,  0.008411333333333548 ,  -0.048168666666666304 ,  -0.007200666666666411 ,   ,  
1076 ,  -0.008001333333332639 ,  0.0004866666666671904 ,  0.0689706666666674 ,  -0.027537333333332636 ,   ,  0.002078666666667228 ,   ,  -0.03599733333333255
1077 ,  0.03195733333333317 ,  -0.01043866666666693 ,  -0.017318666666666704 ,  0.043789333333333236 ,   ,  -0.023790666666666738 ,  -0.024198666666666924 ,  
1078 ,  0.014075333333332996 ,  0.001787333333333141 ,  -0.006608666666666707 ,  -0.006564666666666774 ,   ,   ,  -0.008416666666666739 ,  0.0057273333333331955
1079 ,  0.009839333333333755 ,  -0.005928666666666249 ,  -0.0008366666666663747 ,  -0.012392666666666052 ,  0.00619933333333389 ,  0.003119333333333696 ,   ,  
1080 ,  -0.008481999999999879 ,  -0.049046000000000145 ,  0.07113799999999992 ,  -0.03928200000000004 ,  -0.046714000000000144 ,  0.07238599999999984 ,   ,  
1081 ,  0.0194700000000001 ,  -0.016585999999999768 ,  -0.012809999999999988 ,  0.00943000000000005 ,   ,   ,  -0.010413999999999923 ,  0.010909999999999975
1082 ,  -0.07821933333333364 ,  0.02805666666666662 ,  -0.02814333333333341 ,  -0.040247333333333746 ,  0.11734866666666655 ,   ,  0.0012046666666662986 ,  
1083 ,  -0.005821999999999772 ,  0.013506000000000018 ,  -0.03563800000000006 ,  0.027954000000000256 ,   ,   ,   ,  
1084 ,  0.0005209999999999937 ,  0.01623299999999972 ,  -0.004671000000000092 ,  -0.012083000000000066 ,   ,   ,   ,  
1085 ,  0.0058509999999998286 ,  -0.008020999999999834 ,  -0.006676999999999822 ,  0.008846999999999827 ,   ,   ,   ,  
1086 ,  0.05062699999999998 ,  -0.2195929999999997 ,  0.16225900000000015 ,  0.0067070000000000185 ,   ,   ,   ,  
1087 ,  -0.013514999999999944 ,  -0.021611000000000047 ,  0.014476999999999851 ,  0.02064900000000014 ,   ,   ,   ,  
1088 ,  0.022853999999999708 ,  0.005877999999999606 ,  -0.010462000000000415 ,  -0.01827000000000023 ,   ,   ,   ,  
1089 ,  0.3712719999999994 ,  0.035807999999999396 ,  -0.24268000000000045 ,  -0.16440000000000055 ,   ,   ,   ,  
1090 ,  0.01331400000000027 ,  -0.004561999999999955 ,  -0.0010179999999997413 ,  -0.00773400000000013 ,   ,   ,   ,  
1091 ,  0.002286999999999928 ,  -0.006285000000000096 ,  0.023699000000000137 ,  -0.01970099999999997 ,   ,   ,   ,  
1092 ,  0.015894999999999992 ,  -0.06858499999999967 ,  -0.11694899999999997 ,  0.1696390000000001 ,   ,   ,   ,  
1093 ,  0.018562999999999885 ,  0.007086999999999843 ,  -0.014133000000000173 ,  -0.011517000000000444 ,   ,   ,   ,  
1094 ,  0.029528 ,  -0.022079999999999878 ,  -0.02434800000000026 ,  0.016900000000000137 ,   ,   ,   ,  
1095 ,  0.07718999999999987 ,  -0.05164599999999986 ,  -0.044474000000000125 ,  0.018930000000000113 ,   ,   ,   ,  
1096 ,  0.014835000000000154 ,  -0.013044999999999973 ,  -0.008560999999999819 ,  0.0067710000000000825 ,   ,   ,   ,  
1097 ,  0.019588999999999857 ,  -0.033942999999999834 ,  0.02905699999999989 ,  -0.01470299999999991 ,   ,   ,   ,  
1098 ,  0.05642899999999962 ,  -0.181543 ,  0.25715699999999986 ,  -0.13204300000000035 ,   ,   ,   ,  
1099 ,  -0.011976000000000209 ,  0.05795199999999978 ,  -0.021856000000000098 ,  -0.024120000000000363 ,   ,   ,   ,  
1100 ,  0.019060000000000077 ,  0.028556000000000026 ,  -0.043555999999999706 ,  -0.0040599999999999525 ,   ,   ,   ,  
1101 ,  0.126954 ,  -0.2878219999999998 ,  0.4317739999999999 ,  -0.2709060000000001 ,   ,   ,   ,  
1102 ,  0.01120499999999991 ,  -0.008570999999999884 ,  -0.002302999999999944 ,  -0.00033100000000008123 ,   ,   ,   ,  
1103 ,  0.015556000000000125 ,  -0.006639999999999979 ,  -0.009055999999999731 ,  0.000140000000000029 ,   ,   ,   ,  
1104 ,  0.01223933333333349 ,  0.0064993333333336345 ,  0.0003113333333337742 ,  -0.005836666666666268 ,   ,   ,  -0.0033086666666664044 ,  -0.00990466666666645
1105 ,  -0.006768666666666423 ,  0.025879333333333587 ,  -0.0031526666666663594 ,  -0.011020666666666568 ,  -0.0019966666666664246 ,  -0.0029406666666664805 ,   ,  
1106 ,  0.04831933333333316 ,  -0.02963266666666664 ,  -0.011624666666666617 ,  0.01602733333333317 ,   ,   ,  -0.027872666666666657 ,  0.00478333333333314
1107 ,  0.00969000000000042 ,  -0.002657999999999827 ,  -0.018065999999999693 ,  0.0006020000000002135 ,   ,   ,  0.01106200000000035 ,  -0.0006299999999996864
1108 ,  0.012762999999999636 ,  -0.0026090000000000835 ,  -0.0029690000000002215 ,  -0.007185000000000219 ,   ,   ,   ,  
1109 ,  0.01958133333333345 ,  -0.02769066666666653 ,  -0.018218666666666383 ,  0.00905733333333325 ,  0.012033333333333562 ,  0.005237333333333538 ,   ,  
1110 ,  -0.013124666666667117 ,  0.02001133333333316 ,  -0.004852666666666838 ,  0.015275333333332863 ,   ,   ,  -0.01175666666666686 ,  -0.005552666666666983
1111 ,  0.010213333333333185 ,  0.0483853333333335 ,  -0.018442666666666607 ,  -0.021590666666666536 ,  0.011797333333333437 ,  -0.030362666666666538 ,   ,  
1112 ,  -0.02617066666666723 ,  -0.0261386666666672 ,  -0.006022666666666954 ,  0.015977333333332844 ,  0.07136133333333294 ,  -0.02900666666666707 ,   ,  
1113 ,  0.04400933333333379 ,  0.059245333333333594 ,  0.0272893333333335 ,  -0.033806666666666096 ,   ,   ,  -0.0377706666666664 ,  -0.05896666666666617
1114 ,  0.02344933333333321 ,  0.10439733333333301 ,  -0.0073946666666668825 ,  -0.034562666666666964 ,  -0.006358666666666846 ,  -0.07953066666666686 ,   ,  
1115 ,  -0.011925999999999881 ,  0.014374000000000109 ,  -0.010402000000000022 ,  0.011817999999999884 ,   ,   ,  -0.018154000000000003 ,  0.014289999999999914
1116 ,  0.030090000000000394 ,  -0.013729999999999798 ,  -0.03485399999999972 ,  0.028826000000000462 ,  -0.023033999999999555 ,  0.012702000000000435 ,   ,  
1117 ,  0.044328000000000145 ,  -0.0008799999999995478 ,  -0.020503999999999856 ,  -0.01328399999999963 ,   ,   ,   ,  -0.00965999999999978
1118 ,  0.008728799999999648 ,  0.0958167999999997 ,  0.02394879999999988 ,  -0.05351119999999998 ,  -0.07498320000000014 ,   ,   ,  
1119 ,  0.014126399999999428 ,  -0.008525600000000466 ,  0.019510399999999706 ,  -0.020573600000000525 ,   ,  -0.0045376000000003636 ,   ,  
1120 ,  0.0050040000000000084 ,  -0.008631999999999973 ,  0.000700000000000145 ,  -0.002092000000000205 ,  0.0050200000000000244 ,   ,   ,  
1121 ,  0.018751199999999635 ,  -0.027260800000000085 ,  0.022303199999999634 ,  0.0046431999999998474 ,  -0.018436800000000364 ,   ,   ,  
1122 ,  0.010402399999999812 ,  -0.013777600000000056 ,  0.008486399999999783 ,  -0.0013296000000000419 ,   ,  -0.0037815999999999406 ,   ,  
1123 ,  -0.009643200000000185 ,  -0.015255199999999913 ,  0.01788079999999992 ,  0.011516799999999883 ,   ,  -0.0044992000000001475 ,   ,  
1124 ,  -0.016577600000000192 ,  -0.00016559999999987696 ,  0.0059064000000002 ,  0.024186400000000052 ,   ,   ,  -0.013349600000000184 ,  
1125 ,  0.07930639999999967 ,  -0.028481600000000107 ,  -0.009817600000000315 ,  -0.009901600000000066 ,   ,  -0.031105600000000067 ,   ,  
1126 ,  -0.0012815999999999939 ,  0.00574640000000004 ,  -0.009385600000000327 ,  -0.006025600000000075 ,   ,  0.010946399999999912 ,   ,  
1127 ,  -0.022763199999999983 ,  0.011356800000000167 ,  0.07084080000000004 ,  -0.02517119999999995 ,  -0.03426319999999983 ,   ,   ,  
1128 ,  0.0034520000000002327 ,  0.006628000000000078 ,  -0.01251599999999975 ,  -0.01130399999999998 ,  0.013740000000000308 ,   ,   ,  
1129 ,  -0.027699999999999836 ,  -0.042683999999999944 ,  -0.04256799999999972 ,  0.009152000000000271 ,   ,   ,  0.10380000000000011 ,  
1130 ,  -0.04853599999999991 ,  0.020708000000000393 ,  0.03565200000000024 ,  -0.01614799999999983 ,   ,   ,  0.008324000000000442 ,  
1131 ,  0.011463199999999674 ,  0.008439199999999758 ,  -0.0048568000000002165 ,  -0.016032800000000513 ,   ,   ,   ,  0.0009871999999995218
1132 ,  -0.005471199999999676 ,  0.010408799999999996 ,  0.008460799999999935 ,  -0.006839199999999934 ,   ,   ,  -0.006559199999999876 ,  
1133 ,  0.0049087999999999354 ,  0.02354479999999981 ,  -0.10339920000000014 ,  0.15532879999999993 ,   ,   ,   ,  -0.08038319999999999
1134 ,  0.0019543999999998007 ,  0.012422400000000167 ,  0.0296943999999999 ,  -0.025713600000000003 ,   ,   ,   ,  -0.018357599999999863
1135 ,  0.006593333333333451 ,  0.016305333333333394 ,  0.0035253333333331582 ,  -0.004434666666666587 ,  -0.003374666666666748 ,   ,  -0.018614666666666668 ,  
1136 ,  -0.001072000000000184 ,  -0.006236000000000352 ,  -0.05211200000000016 ,  -0.05042800000000014 ,  0.06518799999999958 ,  0.04465999999999948 ,   ,  
1137 ,  0.0031126666666665415 ,  -0.0060073333333332535 ,  0.006404666666666614 ,  0.005960666666666725 ,   ,  0.007048666666666481 ,   ,  -0.016519333333333552
1138 ,  0.004244800000000382 ,  0.0029288000000002867 ,  -0.0026991999999994576 ,  -0.004731199999999713 ,   ,   ,  0.00025680000000027903 ,  
1139 ,  0.013055333333333419 ,  0.01479933333333383 ,  0.001251333333333715 ,  0.0057193333333334095 ,   ,   ,  -0.016976666666666418 ,  -0.01784866666666618
1140 ,  0.020759333333333352 ,  0.014739333333332993 ,  -0.0019926666666667536 ,  -0.008640666666666963 ,   ,  0.003955333333333311 ,   ,  -0.028820666666666828
1141 ,  0.0007700000000001594 ,  0.018082000000000154 ,  0.003166000000000224 ,  -0.005653999999999826 ,  -0.002677999999999514 ,  -0.013685999999999865 ,   ,  
1142 ,  0.00024533333333387475 ,  0.017617333333333818 ,  -0.005526666666666014 ,  -0.001674666666666269 ,  0.006141333333333776 ,   ,  -0.016802666666666077 ,  
1143 ,  -0.011919333333333615 ,  0.045160666666666405 ,  -0.05153533333333371 ,  -0.08722733333333377 ,  0.07560466666666654 ,   ,   ,  0.02991666666666637
1144 ,  0.01322800000000024 ,  0.03377199999999991 ,  -0.014743999999999868 ,  -0.013587999999999933 ,   ,  -0.010871999999999993 ,  -0.007795999999999914 ,  
1145 ,  -0.017873333333333186 ,  -0.004997333333333298 ,  0.01873466666666701 ,  0.014426666666667032 ,  -0.0020133333333332004 ,   ,   ,  -0.008277333333333026
1146 ,  0.016676000000000357 ,  0.006672000000000455 ,  -0.011583999999999595 ,  -0.011875999999999554 ,   ,  -0.012771999999999561 ,  0.012884000000000562 ,  
1147 ,  0.00558000000000014 ,  0.008167999999999953 ,  -0.006184000000000189 ,  -0.005539999999999878 ,   ,   ,   ,  -0.0020240000000000258
1148 ,  -0.047190399999999855 ,  0.23322960000000004 ,  -0.14922639999999987 ,  0.1912335999999999 ,  -0.2280464000000002 ,   ,   ,  
1149 ,  -0.013444799999999812 ,  0.0014031999999999378 ,  0.007343200000000216 ,  0.0016232000000000468 ,  0.0030752000000000557 ,   ,   ,  
1150 ,  0.006639999999999979 ,  0.0021479999999995947 ,  -0.0031840000000000757 ,  -0.000548000000000215 ,   ,   ,  -0.0050560000000001715 ,  
1151 ,  -0.008091999999999988 ,  -0.02225199999999994 ,  0.006835999999999842 ,  0.0029840000000000977 ,   ,  0.020523999999999987 ,   ,  
1152 ,  0.005363999999999702 ,  0.009360000000000035 ,  -0.000676000000000343 ,  -0.01123200000000013 ,   ,  -0.0028160000000001517 ,   ,  
1153 ,  0.0031016000000003707 ,  0.02459760000000033 ,  0.011605600000000216 ,  -0.0261663999999997 ,   ,   ,   ,  -0.013138399999999884
1154 ,  0.005187999999999526 ,  0.0022999999999995246 ,  -0.007804000000000588 ,  -0.004148000000000263 ,  0.004463999999999579 ,   ,   ,  
1155 ,  0.01591280000000017 ,  0.0031048000000000187 ,  -0.01242320000000019 ,  -0.0031911999999998386 ,   ,   ,   ,  -0.0034032000000001617
1156 ,  0.016117600000000287 ,  -0.007998399999999961 ,  -0.010042400000000118 ,  0.0015296000000000198 ,   ,   ,  0.000393600000000216 ,  
1157 ,  -0.018029599999999757 ,  0.07938640000000019 ,  -0.030101599999999618 ,  -0.021217599999999504 ,   ,  -0.010037599999999536 ,   ,  
1158 ,  -0.0025080000000001768 ,  0.02108399999999966 ,  -0.016128000000000142 ,  0.021703999999999724 ,   ,   ,   ,  -0.02415199999999995
1159 ,  0.014555999999999791 ,  0.0248879999999998 ,  -0.028516000000000208 ,  0.027759999999999785 ,  -0.038688000000000056 ,   ,   ,  
1160 ,  -0.02122320000000011 ,  0.05780879999999966 ,  -0.0016592000000001939 ,  -0.016335200000000327 ,   ,   ,  -0.018591200000000363 ,  
1161 ,  0.017286400000000146 ,  0.00033839999999996095 ,  -0.010029600000000194 ,  -0.0037776000000002696 ,   ,  -0.0038176000000000876 ,   ,  
1162 ,  0.08718319999999968 ,  0.027015199999999684 ,  -0.01257280000000005 ,  -0.04300080000000017 ,   ,   ,  -0.05862480000000003 ,  
1163 ,  -0.0278959999999997 ,  0.011460000000000026 ,  -0.01500799999999991 ,  0.03353200000000012 ,   ,  -0.0020879999999996457 ,   ,  
1164 ,  0.025215200000000326 ,  0.06695520000000066 ,  -0.011948799999999427 ,  -0.06546479999999955 ,   ,   ,   ,  -0.014756799999999348
1165 ,  0.0008999999999996788 ,  0.018219999999999903 ,  -0.006320000000000103 ,  -0.01191600000000026 ,   ,   ,   ,  -0.0008840000000001069
1166 ,  0.02090480000000028 ,  -0.005619199999999935 ,  -0.036007199999999795 ,  0.018116800000000044 ,  0.0026048000000002958 ,   ,   ,  
1167 ,  0.005155199999999915 ,  -0.0016287999999997638 ,  -0.012072799999999884 ,  0.018383200000000155 ,   ,   ,   ,  -0.009836799999999979
1168 ,  0.09369280000000035 ,  -0.02143919999999966 ,  -0.014215199999999761 ,  -0.023743199999999742 ,   ,   ,  -0.03429519999999986 ,  
1169 ,  -0.04488879999999984 ,  -0.0499647999999997 ,  -0.0499647999999997 ,  -0.056268799999999786 ,  0.20108720000000035 ,   ,   ,  
1170 ,  0.2584168 ,  0.4304407999999995 ,  -0.39979920000000035 ,  0.1321127999999998 ,  -0.4211712000000003 ,   ,   ,  
1171 ,  -0.0026983999999998787 ,  0.0034495999999997196 ,  -0.004146400000000217 ,  0.0036135999999999946 ,   ,   ,  -0.000218400000000063 ,  
1172 ,  0.005215999999999887 ,  0.00011599999999978294 ,  0.0029759999999998676 ,  -0.0016960000000003639 ,   ,   ,  -0.006612000000000506 ,  
1173 ,  -0.025842400000000154 ,  0.004065600000000114 ,  0.0022495999999998517 ,  0.004981599999999808 ,   ,  0.014545599999999936 ,   ,  
1174 ,  0.4176935999999998 ,  -0.20873039999999987 ,  0.26634959999999985 ,  -0.2150544000000001 ,   ,  -0.2602584000000001 ,   ,  
1175 ,  0.0019631999999996097 ,  0.03203119999999959 ,  -0.017328800000000477 ,  -0.014440800000000475 ,   ,   ,   ,  -0.002224800000000471
1176 ,  -0.3923800000000002 ,  0.6690119999999995 ,  -0.443136 ,  -0.42063200000000034 ,   ,   ,  0.5871360000000001 ,  
1177 ,  0.09271839999999987 ,  -0.06455359999999999 ,  0.02113039999999966 ,  -0.03628560000000025 ,  -0.013009600000000177 ,   ,   ,  
1178 ,  -0.03581999999999974 ,  0.1308520000000004 ,  -0.0029719999999997526 ,  -0.05233199999999982 ,   ,  -0.039727999999999764 ,   ,  
1179 ,  0.01726800000000006 ,  -0.0013320000000001109 ,  -0.01205999999999996 ,  -0.01277600000000012 ,   ,  0.008899999999999686 ,   ,  
1180 ,  0.006940799999999747 ,  0.010132799999999609 ,  -0.0050192000000004455 ,  -0.0046232000000001605 ,  -0.007431200000000526 ,   ,   ,  
1181 ,  -0.007576799999999828 ,  0.028747200000000195 ,  -0.021532799999999686 ,  -0.01896079999999989 ,   ,   ,  0.019323200000000096 ,  
1182 ,  -0.03802640000000013 ,  0.0240575999999999 ,  -0.009730400000000028 ,  0.0647975999999999 ,   ,   ,   ,  -0.04109840000000009
1183 ,  0.01617799999999958 ,  -0.003846000000000238 ,  -0.02949000000000046 ,  -0.014950000000000241 ,  0.013949999999999463 ,  0.018157999999999674 ,   ,  
1184 ,  0.006613333333333582 ,  -0.024830666666666446 ,  0.006413333333333604 ,  0.0036653333333331872 ,  0.01214133333333356 ,  -0.004002666666666599 ,   ,  
1185 ,  -0.0016486666666666316 ,  0.002639333333333216 ,  -0.0003726666666667988 ,  0.004595333333333507 ,  0.007387333333333412 ,   ,   ,  -0.012600666666666704
1186 ,  -0.01507399999999981 ,  0.04657800000000023 ,  -0.03826600000000013 ,  -0.016885999999999957 ,   ,  -0.00518200000000002 ,  0.028830000000000133 ,  
1187 ,  0.007200666666666411 ,  0.005052666666666372 ,  -0.00805933333333364 ,  -0.009079333333333661 ,   ,  0.006792666666666669 ,  -0.001907333333333483 ,  
1188 ,  0.0004533333333336387 ,  0.0025253333333332684 ,  -0.008162666666666318 ,  -0.00013066666666672333 ,   ,  0.009545333333333517 ,  -0.004230666666666494 ,  
1189 ,  0.02949266666666661 ,  -0.002675333333333363 ,  -0.035743333333333016 ,  -0.004619333333333309 ,  0.031424666666666656 ,   ,   ,  -0.017879333333333136
1190 ,  -0.013178666666666672 ,  0.008649333333333509 ,  0.013909333333333329 ,  -0.016370666666666533 ,  0.004101333333333734 ,   ,   ,  0.0028893333333335214
1191 ,  0.0007533333333329395 ,  -0.004378666666666753 ,  -0.009854666666667011 ,  -0.0077706666666670365 ,  0.028345333333333222 ,   ,   ,  -0.0070946666666666935
1192 ,  0.004882000000000275 ,  0.003814000000000206 ,  -0.021717999999999904 ,  0.01493000000000011 ,   ,   ,  0.005701999999999874 ,  -0.007610000000000117
1193 ,  0.012132666666666125 ,  0.012128666666666454 ,  0.00872466666666627 ,  -0.01820333333333357 ,   ,   ,  -0.0009353333333335101 ,  -0.013847333333333545
1194 ,  0.0053833333333330735 ,  0.060719333333333125 ,  0.008671333333333031 ,  -0.005684666666666782 ,  -0.018372666666667037 ,   ,  -0.05071666666666674 ,  
1195 ,  -0.03390133333333356 ,  -0.014733333333333487 ,  -0.030405333333333395 ,  0.034890666666666625 ,   ,   ,  0.010046666666666315 ,  0.034102666666666615
1196 ,  0.00040733333333387023 ,  0.02385133333333389 ,  -0.016880666666666322 ,  -0.007488666666666255 ,  0.00226333333333395 ,  -0.0021526666666664696 ,   ,  
1197 ,  0.012672666666666554 ,  -0.014811333333333287 ,  0.017284666666666837 ,  -0.00665933333333335 ,  -0.0002593333333331671 ,  -0.008227333333333142 ,   ,  
1198 ,  -0.06603666666666674 ,  0.059175333333333135 ,  -0.06687666666666692 ,  -0.027464666666666915 ,  0.03888333333333316 ,  0.06231933333333339 ,   ,  
1199 ,  -0.017712000000000394 ,  -0.025264000000000397 ,  -0.006256000000000483 ,  -0.02111600000000058 ,   ,   ,  0.004519999999999413 ,  0.06582799999999933
1200 ,  0.007768000000000441 ,  0.011316000000000326 ,  -0.011095999999999773 ,  0.0031040000000004397 ,   ,   ,  -0.015887999999999458 ,  0.0047960000000002445
1201 ,  -0.00657266666666656 ,  -0.08859266666666654 ,  0.02359133333333352 ,  0.028187333333333342 ,  0.06514733333333345 ,  -0.02176066666666676 ,   ,  
1202 ,  0.02652899999999958 ,  0.024484999999999868 ,  -0.013659000000000088 ,  -0.03735500000000025 ,   ,   ,   ,  
1203 ,  0.05605400000000005 ,  0.05282600000000004 ,  0.06430999999999987 ,  -0.17318999999999996 ,   ,   ,   ,  
1204 ,  -0.1791450000000001 ,  0.07105899999999998 ,  0.05001500000000014 ,  0.058070999999999984 ,   ,   ,   ,  
1205 ,  0.07524100000000011 ,  0.05057299999999998 ,  0.056229000000000084 ,  -0.18204300000000018 ,   ,   ,   ,  
1206 ,  0.0837810000000001 ,  -0.1908829999999999 ,  0.034896999999999956 ,  0.07220499999999985 ,   ,   ,   ,  
1207 ,  0.06130300000000011 ,  -0.15257299999999985 ,  0.06239099999999986 ,  0.028878999999999877 ,   ,   ,   ,  
1208 ,  0.019580666666666247 ,  0.0015646666666664366 ,  -0.0059753333333336656 ,  -0.009863333333333557 ,   ,   ,  -0.005055333333333412 ,  -0.00025133333333382524
1209 ,  0.04040199999999983 ,  0.0313699999999999 ,  -0.17471000000000014 ,  0.10293799999999997 ,   ,   ,   ,  
1210 ,  -0.11779699999999993 ,  0.18102700000000027 ,  -0.1298569999999999 ,  0.06662699999999999 ,   ,   ,   ,  
1211 ,  -0.04448400000000019 ,  -0.12490400000000035 ,  0.06731599999999993 ,  0.10207199999999972 ,   ,   ,   ,  
1212 ,  0.041100000000000136 ,  0.07722400000000018 ,  -0.14726399999999984 ,  0.028939999999999966 ,   ,   ,   ,  
1213 ,  0.06784299999999988 ,  0.05545499999999981 ,  -0.18772500000000036 ,  0.06442699999999979 ,   ,   ,   ,  
1214 ,  0.08323999999999998 ,  0.0447280000000001 ,  0.065604 ,  -0.19357200000000008 ,   ,   ,   ,  
1215 ,  -0.18875200000000047 ,  0.06335599999999975 ,  0.0762959999999997 ,  0.0490999999999997 ,   ,   ,   ,  
1216 ,  0.09814200000000017 ,  -0.04494599999999993 ,  0.08915400000000018 ,  -0.14234999999999998 ,   ,   ,   ,  
1217 ,  0.4112100000000001 ,  -0.021710000000000118 ,  -0.09116200000000019 ,  -0.10891399999999996 ,   ,  -0.08878999999999992 ,  -0.10063399999999989 ,  
1218 ,  0.014475333333332951 ,  0.022459333333332943 ,  -0.007964666666667064 ,  -0.004628666666667058 ,   ,   ,  -0.01076066666666664 ,  -0.013580666666666907
1219 ,  -0.010869999999999713 ,  -0.004297999999999913 ,  -0.00748599999999966 ,  0.026762000000000175 ,  -0.005801999999999641 ,  0.0016940000000000843 ,   ,  
1220 ,  -0.024653999999999954 ,  -0.013498000000000232 ,  0.0017420000000001323 ,  0.037278000000000144 ,  0.004049999999999887 ,   ,   ,  -0.004917999999999978
1221 ,  0.009951999999999739 ,  0.010567999999999689 ,  -0.005128000000000021 ,  -0.007260000000000044 ,   ,   ,  -0.00010400000000032605 ,  -0.008028000000000368
1222 ,  -0.004754000000000147 ,  0.0015299999999998093 ,  -0.01847800000000044 ,  -0.003762000000000487 ,  0.013929999999999776 ,  0.011533999999999711 ,   ,  
1223 ,  0.006889333333333969 ,  -0.001354666666665949 ,  -0.004298666666665785 ,  0.008985333333334289 ,  -0.000958666666665664 ,   ,   ,  -0.009262666666665975
1224 ,  -0.0023239999999997707 ,  -0.0023719999999998187 ,  -0.0028480000000001837 ,  0.008987999999999996 ,  -0.007991999999999777 ,  0.006547999999999998 ,   ,  
1225 ,  0.007603999999999278 ,  0.0016959999999994757 ,  -0.004028000000000809 ,  -0.008820000000000494 ,   ,  -0.00007200000000073814 ,  0.0036199999999992905 ,  
1226 ,  0.0366259999999996 ,  0.014917999999999765 ,  0.02591399999999977 ,  -0.007566000000000184 ,  -0.036682000000000325 ,   ,   ,  -0.033210000000000406
1227 ,  -0.0008966666666663237 ,  0.06723533333333354 ,  -0.07092866666666664 ,  0.020915333333333397 ,  0.09521133333333331 ,   ,  -0.1115366666666664 ,  
1228 ,  0.004839333333333418 ,  0.009575333333333269 ,  0.005367333333333502 ,  0.0058473333333335376 ,   ,  -0.007464666666666453 ,  -0.01816466666666683 ,  
1229 ,  0.11403866666666662 ,  0.14012666666666673 ,  0.02390266666666685 ,  0.02708266666666681 ,   ,  -0.08581733333333341 ,   ,  -0.21933333333333316
1230 ,  0.011430400000000063 ,  0.0039183999999998775 ,  -0.007193599999999911 ,  -0.0007456000000001239 ,   ,   ,  -0.007409599999999905 ,  
1231 ,  -0.011859199999999959 ,  -0.006431199999999748 ,  -0.017327199999999987 ,  0.005684800000000045 ,   ,   ,   ,  0.029932800000000093
1232 ,  -0.04573119999999964 ,  0.00878480000000037 ,  0.08223680000000044 ,  0.05225280000000021 ,   ,   ,  -0.09754319999999961 ,  
1233 ,  0.02008959999999993 ,  -0.026482399999999906 ,  -0.006518400000000035 ,  -0.0027023999999999937 ,   ,   ,   ,  0.015613600000000005
1234 ,  -0.0049464000000001285 ,  -0.008798399999999873 ,  0.01899760000000006 ,  0.005481599999999975 ,   ,  -0.010734400000000033 ,   ,  
1235 ,  0.02206240000000026 ,  -0.03532959999999985 ,  0.0036624000000000656 ,  0.0022663999999998907 ,   ,   ,  0.007338400000000078 ,  
1236 ,  0.017627199999999732 ,  -0.0056848000000004895 ,  -0.005700800000000061 ,  0.008103199999999866 ,   ,   ,   ,  -0.01434480000000038
1238 ,  0.006675999999999682 ,  -0.00796000000000019 ,  -0.008415999999999979 ,  0.006139999999999812 ,  0.0035599999999997856 ,   ,   ,  
1239 ,  0.0070711999999995 ,  -0.03197280000000058 ,  0.00877519999999965 ,  0.01409519999999942 ,   ,  0.0020311999999997887 ,   ,  
1240 ,  -0.10806799999999939 ,  -0.10813999999999968 ,  0.026660000000000572 ,  0.05056000000000038 ,   ,  0.13898800000000033 ,   ,  
1241 ,  0.008744800000000108 ,  -0.006495199999999812 ,  -0.01064319999999963 ,  0.016568800000000383 ,   ,   ,  -0.008175199999999716 ,  
1242 ,  0.025214400000000303 ,  0.08462640000000032 ,  -0.040845599999999926 ,  -0.01668159999999963 ,   ,  -0.05231359999999974 ,   ,  
1243 ,  0.02900960000000019 ,  -0.2594903999999998 ,  0.09312159999999992 ,  0.08998160000000022 ,   ,  0.04737759999999991 ,   ,  
1244 ,  0.03474960000000005 ,  -0.02319439999999995 ,  -0.04532639999999999 ,  0.06939760000000028 ,  -0.03562639999999995 ,   ,   ,  
1245 ,  0.010734400000000033 ,  0.02021840000000008 ,  -0.0129655999999998 ,  -0.015097599999999822 ,  -0.0028896000000000477 ,   ,   ,  
1246 ,  0.014143999999999934 ,  -0.008199999999999985 ,  -0.0009280000000000399 ,  -0.016684000000000143 ,   ,   ,  0.011668000000000234 ,  
1247 ,  0.038358000000000114 ,  -0.02450199999999958 ,  0.0002940000000002385 ,  -0.014149999999999885 ,   ,   ,   ,  
1248 ,  -0.0033216000000000356 ,  -0.014237599999999961 ,  -0.0036776000000000586 ,  0.0036824000000001966 ,  0.017554400000000303 ,   ,   ,  
1249 ,  0.01580300000000001 ,  0.03739500000000007 ,  -0.04192499999999999 ,  -0.011272999999999644 ,   ,   ,   ,  
1250 ,  -0.038078000000000056 ,  0.04948599999999992 ,  0.03732200000000008 ,  -0.04872999999999994 ,   ,   ,   ,  
1251 ,  -0.010965000000000114 ,  -0.026505000000000223 ,  -0.018149000000000193 ,  0.055619000000000085 ,   ,   ,   ,  
1252 ,  -0.015355000000000008 ,  0.010253000000000068 ,  0.0108290000000002 ,  -0.005726999999999816 ,   ,   ,   ,  
1253 ,  -0.19018500000000005 ,  0.446167 ,  -0.10660099999999995 ,  -0.14938099999999999 ,   ,   ,   ,  
1254 ,  0.04289399999999999 ,  0.00301399999999985 ,  -0.00796999999999981 ,  -0.03793800000000003 ,   ,   ,   ,  
1255 ,  -0.011164999999999647 ,  0.03221100000000021 ,  -0.01880899999999963 ,  -0.0022369999999996004 ,   ,   ,   ,  
1256 ,  -0.007292000000000076 ,  0.012572000000000028 ,  -0.009036000000000044 ,  0.0037560000000000926 ,   ,   ,   ,  
1257 ,  -0.013402999999999832 ,  -0.010123000000000104 ,  0.034873000000000154 ,  -0.011346999999999774 ,   ,   ,   ,  
1258 ,  -0.005628999999999884 ,  -0.011540999999999801 ,  0.08031100000000002 ,  -0.06314099999999989 ,   ,   ,   ,  
1259 ,  -0.2806670000000002 ,  -0.08495100000000022 ,  -0.020627000000000173 ,  0.3862449999999997 ,   ,   ,   ,  
1260 ,  -0.04574800000000012 ,  -0.007207999999999881 ,  0.050596000000000085 ,  0.0023599999999999177 ,   ,   ,   ,  
1261 ,  -0.08310199999999979 ,  0.11778600000000061 ,  -0.2128299999999994 ,  0.17814600000000036 ,   ,   ,   ,  
1262 ,  -0.020132999999999956 ,  -0.018012999999999835 ,  0.07486700000000024 ,  -0.036721000000000004 ,   ,   ,   ,  
1263 ,  0.00186300000000017 ,  0.03763100000000019 ,  -0.0516289999999997 ,  0.012135000000000229 ,   ,   ,   ,  
1264 ,  0.014900000000000357 ,  -0.007647999999999655 ,  -0.00603599999999993 ,  -0.0012159999999998838 ,   ,   ,   ,  
1265 ,  -0.2700750000000003 ,  0.6125410000000002 ,  -0.17962699999999998 ,  -0.1628390000000004 ,   ,   ,   ,  
1266 ,  0.06444200000000011 ,  -0.0517540000000003 ,  0.03724600000000011 ,  -0.04993399999999992 ,   ,   ,   ,  
1267 ,  -0.011787000000000436 ,  -0.018987000000000087 ,  -0.07512700000000017 ,  0.1059009999999998 ,   ,   ,   ,  
1268 ,  -0.0090650000000001 ,  0.001346999999999987 ,  -0.0031289999999999374 ,  0.010847000000000051 ,   ,   ,   ,  
1269 ,  -0.010301000000000116 ,  0.02275899999999975 ,  -0.01718900000000012 ,  0.004731000000000041 ,   ,   ,   ,  
1270 ,  0.010296999999999557 ,  -0.01828700000000083 ,  -0.00256700000000043 ,  0.010556999999999483 ,   ,   ,   ,  
1271 ,  -0.011603999999999726 ,  0.0030480000000001617 ,  -0.013203999999999994 ,  0.02176 ,   ,   ,   ,  
1272 ,  0.8592689999999994 ,  -0.3794390000000001 ,  -0.1383270000000003 ,  -0.34150300000000033 ,   ,   ,   ,  
1273 ,  0.031877000000000155 ,  -0.013174999999999937 ,  -0.0063309999999998645 ,  -0.01237099999999991 ,   ,   ,   ,  
1274 ,  -0.013326999999999867 ,  0.011652999999999913 ,  -0.010855000000000281 ,  0.01252899999999979 ,   ,   ,   ,  
1275 ,  -0.019385999999999903 ,  0.03761800000000015 ,  0.01928200000000002 ,  -0.037513999999999825 ,   ,   ,   ,  
1276 ,  0.10828199999999999 ,  -0.06268999999999991 ,  -0.09500600000000015 ,  0.04941400000000007 ,   ,   ,   ,  
1277 ,  -0.023948999999999998 ,  -0.018009000000000164 ,  0.00316699999999992 ,  0.0387909999999998 ,   ,   ,   ,  
1279 ,  -0.016305000000000014 ,  0.014475000000000016 ,  -0.0298569999999998 ,  0.03168700000000024 ,   ,   ,   ,  
1280 ,  0.0008749999999997371 ,  0.021214999999999762 ,  -0.020001000000000158 ,  -0.0020890000000002296 ,   ,   ,   ,  
1281 ,  -0.295763 ,  0.32627700000000015 ,  0.2293449999999999 ,  -0.25985900000000006 ,   ,   ,   ,  
1282 ,  -0.0006420000000000314 ,  0.006974000000000036 ,  -0.019626000000000143 ,  0.013293999999999695 ,   ,   ,   ,  
1283 ,  -0.011317000000000021 ,  -0.03886900000000004 ,  0.04471500000000006 ,  0.005471000000000004 ,   ,   ,   ,  
1284 ,  -0.02187399999999995 ,  0.05325000000000024 ,  -0.00231799999999982 ,  -0.029058000000000028 ,   ,   ,   ,  
1285 ,  -0.01400800000000002 ,  -0.006704000000000043 ,  0.0353159999999999 ,  -0.01460399999999984 ,   ,   ,   ,  
1286 ,  0.00023399999999984544 ,  0.014750000000000263 ,  -0.02778199999999975 ,  0.012798000000000087 ,   ,   ,   ,  
1287 ,  0.02043000000000017 ,  -0.0009220000000000894 ,  -0.059493999999999936 ,  0.039985999999999855 ,   ,   ,   ,  
1288 ,  0.036739999999999995 ,  0.007924000000000042 ,  -0.019768000000000008 ,  -0.02489600000000003 ,   ,   ,   ,  
1289 ,  -0.020594 ,  0.0200140000000002 ,  -0.013649999999999718 ,  0.014229999999999965 ,   ,   ,   ,  
1290 ,  0.003063000000000038 ,  0.010447000000000095 ,  -0.004513000000000211 ,  -0.008996999999999922 ,   ,   ,   ,  
1291 ,  0.01710599999999962 ,  0.005473999999999979 ,  -0.006786000000000403 ,  -0.015794000000000086 ,   ,   ,   ,  
1292 ,  0.025417000000000023 ,  0.0005649999999999267 ,  -0.0005310000000000592 ,  -0.02545099999999989 ,   ,   ,   ,  
1293 ,  -0.04463000000000017 ,  -0.02617400000000014 ,  0.04828999999999972 ,  0.0225139999999997 ,   ,   ,   ,  
1294 ,  0.02357599999999982 ,  -0.009231999999999907 ,  -0.014591999999999938 ,  0.000248000000000026 ,   ,   ,   ,  
1295 ,  0.04727699999999979 ,  0.005400999999999989 ,  -0.04231100000000021 ,  -0.010367000000000015 ,   ,   ,   ,  
1296 ,  -0.07409900000000036 ,  0.035656999999999606 ,  -0.01866700000000021 ,  0.05710899999999963 ,   ,   ,   ,  
1297 ,  -0.0027300000000001212 ,  0.004585999999999757 ,  0.0003060000000001395 ,  -0.0021620000000002193 ,   ,   ,   ,  
1298 ,  0.012809999999999988 ,  -0.008782000000000068 ,  0.010022000000000197 ,  -0.014050000000000118 ,   ,   ,   ,  
1299 ,  0.014645999999999937 ,  -0.008729999999999905 ,  -0.031417999999999946 ,  0.025501999999999914 ,   ,   ,   ,  
1300 ,  0.12473899999999993 ,  0.08922700000000017 ,  -0.06421699999999975 ,  -0.1497489999999999 ,   ,   ,   ,  
1301 ,  0.009129142857142725 ,  -0.007682857142857102 ,  -0.003078857142857494 ,  -0.006530857142857283 ,   ,  0.014529142857142574 ,  -0.0004228571428575023 ,  -0.00594285714285725
1302 ,  -0.12407028571428569 ,  0.1967137142857145 ,  -0.04692228571428547 ,  0.044053714285714474 ,  -0.12258628571428565 ,  0.050189714285714615 ,   ,  0.0026217142857145603
1303 ,  -0.048436000000000146 ,  -0.014032000000000266 ,  -0.06409600000000015 ,  -0.03906400000000021 ,  0.1650959999999997 ,   ,  0.039579999999999504 ,  -0.039048000000000194
1304 ,  -0.04961085714285751 ,  0.29324114285714264 ,  -0.06571885714285752 ,  0.028409142857142466 ,   ,  -0.061642857142857554 ,  -0.07851085714285722 ,  -0.06616685714285753
1305 ,  0.004202857142857397 ,  0.010938857142857472 ,  -0.011073142857142226 ,  -0.0033491428571426063 ,  0.009022857142857443 ,  -0.005445142857142482 ,  -0.004297142857142333 ,  
1306 ,  -0.08352971428571321 ,  0.21540628571428666 ,  -0.07402971428571359 ,  0.1884822857142865 ,   ,  -0.04670171428571335 ,  -0.09518971428571321 ,  -0.10443771428571358
1307 ,  0.013334857142857093 ,  0.002358857142857218 ,  0.002270857142856908 ,  -0.007873142857143023 ,  0.005106857142857191 ,   ,  -0.008085142857142902 ,  -0.007113142857142929
1308 ,  -0.06608400000000048 ,  -0.07141600000000059 ,  -0.08212000000000064 ,  0.44370399999999943 ,  -0.07066000000000061 ,   ,  -0.07528800000000047 ,  -0.07813600000000065
1309 ,  -0.009674857142857096 ,  0.03756114285714274 ,  0.0020531428571430865 ,  -0.028594857142857144 ,  0.010113142857143043 ,  -0.04040285714285696 ,  0.02894514285714278 ,  
1310 ,  0.0162914285714284 ,  0.024147428571428264 ,  -0.00004457142857150487 ,  0.000455428571428218 ,  -0.016300571428571775 ,  -0.004628571428571426 ,   ,  -0.01992057142857151
1311 ,  -0.006861142857142788 ,  -0.02793314285714299 ,  0.013702857142857017 ,  0.012386857142856922 ,  -0.005389142857143092 ,  0.001598857142857124 ,   ,  0.012494857142856919
1312 ,  0.005894285714286074 ,  0.003706285714285773 ,  0.002426285714285825 ,  -0.0007057142857140875 ,  0.005726285714286128 ,  0.0018942857142860703 ,  -0.018941714285714006 ,  
1313 ,  -0.013955999999999413 ,  -0.0009679999999994138 ,  -0.004667999999999672 ,  -0.0007999999999994678 ,   ,   ,   ,  0.020392000000000188
1314 ,  0.0101015999999996 ,  0.011785599999999619 ,  0.0003895999999996569 ,  -0.010506400000000138 ,   ,   ,   ,  -0.01177040000000007
1315 ,  -0.0014319999999998778 ,  0.01965600000000034 ,  0.0015960000000001529 ,  -0.006515999999999966 ,   ,   ,   ,  -0.01330399999999976
1316 ,  -0.0053344000000001834 ,  -0.011958400000000147 ,  0.04862959999999994 ,  -0.01980240000000011 ,   ,  -0.011534399999999945 ,   ,  
1317 ,  -0.1137999999999999 ,  0.002028000000000141 ,  0.1610560000000003 ,  -0.004603999999999608 ,   ,  -0.04467999999999961 ,   ,  
1318 ,  0.011873599999999929 ,  -0.0044303999999999455 ,  -0.01593840000000002 ,  -0.009998400000000185 ,  0.01849360000000022 ,   ,   ,  
1319 ,  0.0019919999999999938 ,  0.0009359999999998259 ,  0.0023840000000001638 ,  0.0041839999999999655 ,   ,   ,  -0.009495999999999949 ,  
1320 ,  0.011868000000000212 ,  0.0029240000000001487 ,  0.000672000000000228 ,  -0.0047199999999998354 ,   ,   ,  -0.010743999999999865 ,  
1321 ,  -0.017682399999999987 ,  -0.011498400000000242 ,  0.06362159999999983 ,  -0.018782400000000088 ,   ,  -0.01565839999999996 ,   ,  
1322 ,  -0.012778399999999746 ,  0.008633600000000019 ,  -0.00473039999999969 ,  0.008409600000000239 ,   ,   ,  0.00046560000000006596 ,  
1323 ,  0.0491448000000001 ,  -0.0045831999999998985 ,  -0.022755199999999753 ,  0.0017968000000001538 ,   ,   ,  -0.023603199999999713 ,  
1324 ,  -0.005126399999999975 ,  0.0031416000000001887 ,  0.0415536000000003 ,  -0.01742639999999973 ,  -0.022142399999999895 ,   ,   ,  
1325 ,  0.013440000000000119 ,  0.0041039999999998855 ,  0.020312000000000108 ,  -0.03181999999999974 ,  -0.00603599999999993 ,   ,   ,  
1326 ,  0.011844799999999545 ,  0.005456799999999706 ,  0.005576799999999604 ,  -0.009223200000000098 ,   ,  -0.01365520000000009 ,   ,  
1327 ,  0.00507919999999995 ,  0.00823919999999978 ,  -0.009432800000000352 ,  -0.004044800000000404 ,   ,   ,  0.00015919999999969292 ,  
1328 ,  0.000596800000000286 ,  -0.013159200000000038 ,  -0.014219199999999876 ,  0.022072800000000115 ,   ,  0.0047087999999999575 ,   ,  
1329 ,  0.05227759999999959 ,  0.23243759999999947 ,  -0.10304240000000053 ,  -0.08630640000000023 ,   ,  -0.09536640000000052 ,   ,  
1330 ,  0.0032367999999998176 ,  0.019720799999999983 ,  -0.005519200000000168 ,  -0.018359200000000353 ,  0.0009207999999998329 ,   ,   ,  
1331 ,  0.016310400000000502 ,  0.0031224000000005248 ,  -0.01620959999999938 ,  -0.01612559999999963 ,  0.012902400000000203 ,   ,   ,  
1332 ,  -0.0055688000000007065 ,  0.03928719999999952 ,  -0.010156800000000299 ,  -0.007068800000000319 ,   ,   ,   ,  -0.016492800000000418
1333 ,  0.003955333333332867 ,  0.0036673333333325786 ,  0.001487333333332952 ,  -0.011800666666667237 ,  0.0033313333333326867 ,  -0.0006406666666673999 ,   ,  
1334 ,  -0.014977999999999714 ,  0.004350000000000076 ,  -0.10682199999999975 ,  -0.017865999999999715 ,  0.02911000000000019 ,  0.10620600000000024 ,   ,  
1335 ,  0.01515533333333341 ,  0.002843333333333309 ,  -0.005604666666666702 ,  -0.009720666666666489 ,   ,   ,  -0.005436666666666756 ,  0.002763333333333229
1336 ,  0.006935333333333293 ,  0.008067333333332982 ,  -0.004692666666666678 ,  0.010715333333333188 ,   ,   ,  -0.017044666666666597 ,  -0.003980666666666632
1337 ,  0.013911999999999924 ,  -0.0056360000000004185 ,  0.00007599999999996498 ,  -0.004008000000000234 ,   ,   ,  -0.008628000000000302 ,  0.0042839999999997325
1338 ,  0.07193199999999988 ,  0.05371199999999998 ,  0.03169999999999984 ,  0.02760399999999974 ,  -0.18494800000000033 ,   ,   ,  
1339 ,  -0.022848666666666517 ,  0.05935533333333343 ,  -0.019140666666666473 ,  -0.03919666666666677 ,  0.022435333333333585 ,  -0.0006046666666668088 ,   ,  
1340 ,  0.00480666666666707 ,  0.013054666666667103 ,  -0.00531733333333273 ,  0.01130266666666735 ,   ,   ,  -0.0024253333333326133 ,  -0.021421333333332626
1341 ,  0.2545046666666666 ,  -0.12129933333333343 ,  -0.15033133333333337 ,  0.3605006666666668 ,   ,   ,  -0.15952733333333313 ,  -0.18384733333333347
1342 ,  0.01852466666666608 ,  0.00417266666666638 ,  -0.02818333333333367 ,  0.03230066666666609 ,   ,   ,  -0.017691333333333947 ,  -0.009123333333333594
1343 ,  0.005342666666666052 ,  -0.010137333333334109 ,  -0.0011933333333340457 ,  -0.0037253333333340244 ,  -0.03152533333333407 ,  0.0412386666666662 ,   ,  
1344 ,  -0.005849333333333373 ,  0.012118666666666833 ,  0.0015146666666665531 ,  0.010022666666666513 ,  -0.020625333333333273 ,  0.002818666666666747 ,   ,  
1345 ,  -0.047567333333333295 ,  0.013716666666666377 ,  -0.03695133333333356 ,  -0.039503333333333224 ,  0.0329086666666667 ,  0.07739666666666656 ,   ,  
1346 ,  -0.03381333333333325 ,  0.10330266666666654 ,  -0.10263333333333335 ,  -0.13438133333333324 ,  0.029430666666666827 ,   ,   ,  0.13809466666666692
1347 ,  -0.01786000000000021 ,  0.12480399999999969 ,  -0.031720000000000415 ,  0.022727999999999415 ,   ,   ,  -0.050520000000000564 ,  -0.047432000000000585
1348 ,  0.006213333333333182 ,  0.0010013333333334096 ,  0.013085333333333171 ,  -0.010934666666666981 ,   ,  -0.003030666666666626 ,  -0.0063346666666666 ,  
1349 ,  0.012153999999999776 ,  -0.011130000000000084 ,  0.013697999999999766 ,  0.02217799999999981 ,  0.029125999999999763 ,  -0.06602599999999992 ,   ,  
1350 ,  0.015206000000000053 ,  -0.011070000000000135 ,  0.029294000000000153 ,  -0.010362000000000204 ,  -0.004033999999999871 ,  -0.019033999999999995 ,   ,  
1351 ,  0.018379333333333747 ,  -0.0023766666666662495 ,  -0.017192666666666412 ,  -0.011960666666666064 ,  0.02593933333333398 ,   ,   ,  -0.012788666666666337
1352 ,  0.009027333333333054 ,  0.015111333333333032 ,  -0.045712666666666735 ,  0.002291333333332979 ,  0.026203333333333134 ,   ,  -0.006920666666666797 ,  
1353 ,  0.004584666666666681 ,  -0.07738733333333325 ,  0.14469666666666692 ,  -0.0929833333333332 ,  0.02286866666666665 ,   ,   ,  -0.001779333333333355
1354 ,  0.002575333333333152 ,  0.021287333333333436 ,  -0.017604666666666713 ,  -0.0013526666666665577 ,  0.005283333333333307 ,  -0.010188666666666624 ,   ,  
1355 ,  0.01769666666666625 ,  0.012636666666666407 ,  -0.01719133333333378 ,  -0.004211333333333567 ,   ,   ,  -0.01673133333333343 ,  0.007800666666666345
1356 ,  -0.02706799999999987 ,  0.013984000000000218 ,  0.028796000000000266 ,  0.0434720000000004 ,   ,  -0.039515999999999885 ,   ,  -0.019667999999999797
1357 ,  -0.05270200000000003 ,  -0.019441999999999737 ,  0.04536600000000002 ,  0.012945999999999902 ,   ,  -0.012417999999999818 ,   ,  0.026250000000000107
1358 ,  0.025918666666666645 ,  0.04762266666666681 ,  -0.02862533333333328 ,  -0.02789733333333322 ,   ,  0.01137066666666664 ,  -0.028389333333333155 ,  
1359 ,  -0.022700666666666258 ,  -0.024904666666666575 ,  -0.023240666666666243 ,  -0.005256666666666465 ,  0.021195333333333455 ,  0.05490733333333342 ,   ,  
1360 ,  0.01662266666666712 ,  -0.011461333333333101 ,  -0.013937333333332802 ,  0.005666666666666931 ,   ,  0.012846666666666895 ,  -0.00973733333333282 ,  
1361 ,  0.009466000000000196 ,  0.00030200000000046856 ,  0.0001820000000001265 ,  -0.006157999999999664 ,  0.003086000000000144 ,   ,   ,  -0.006877999999999496
1362 ,  0.011376000000000275 ,  0.001228000000000229 ,  -0.010727999999999849 ,  -0.0034480000000001176 ,   ,   ,  -0.00518799999999997 ,  0.006759999999999877
1363 ,  0.020783333333333154 ,  -0.018100666666666765 ,  -0.0028886666666667615 ,  0.010563333333333258 ,  0.001123333333333143 ,  -0.011480666666666917 ,   ,  
1364 ,  0.006586666666667185 ,  0.008638666666667127 ,  0.002926666666667188 ,  -0.004805333333333106 ,  -0.0023053333333331594 ,   ,   ,  -0.011041333333333014
1365 ,  -0.0143913333333332 ,  0.01648866666666704 ,  -0.003195333333333217 ,  0.006460666666666892 ,  -0.007443333333333246 ,  0.0020806666666666196 ,   ,  
1366 ,  0.041065999999999825 ,  0.0020859999999998102 ,  -0.025882000000000183 ,  -0.014922000000000324 ,   ,  -0.014461999999999975 ,  0.012113999999999958 ,  
1367 ,  -0.005509999999999682 ,  0.015538000000000274 ,  -0.01269000000000009 ,  -0.026494000000000018 ,  0.03485000000000005 ,  -0.005694000000000088 ,   ,  
1368 ,  0.0009559999999999569 ,  0.05044800000000027 ,  -0.018072000000000088 ,  -0.01207199999999986 ,   ,   ,  -0.024639999999999773 ,  0.0033799999999999386
1369 ,  -0.008303333333333995 ,  -0.00036333333333393725 ,  -0.002491333333333845 ,  0.00982466666666637 ,  -0.011483333333333956 ,   ,   ,  0.012816666666666254
1370 ,  0.015799999999999592 ,  -0.010576000000000363 ,  0.0033399999999996766 ,  0.0008679999999996468 ,   ,   ,  -0.0042840000000001766 ,  -0.0051480000000001525
1371 ,  -0.07377533333333375 ,  -0.05287533333333361 ,  0.010156666666666592 ,  -0.15249933333333354 ,  0.10391266666666654 ,   ,   ,  0.16508066666666643
1372 ,  0.04946533333333303 ,  0.0512213333333329 ,  -0.02814666666666721 ,  -0.04003866666666722 ,   ,   ,  0.011001333333332752 ,  -0.04350266666666691
1373 ,  -0.026780666666666786 ,  0.034199333333333026 ,  0.010535333333333341 ,  0.017495333333333196 ,  0.00138333333333307 ,  -0.036832666666666736 ,   ,  
1374 ,  0.03524400000000005 ,  -0.0015159999999996288 ,  0.006092000000000208 ,  -0.0031799999999999606 ,   ,  -0.010291999999999746 ,  -0.026347999999999594 ,  
1375 ,  0.0647183999999994 ,  -0.004577600000000626 ,  -0.014209600000000489 ,  0.005334399999999295 ,   ,  -0.05126560000000069 ,   ,  
1376 ,  0.03153840000000008 ,  0.039458400000000005 ,  -0.01068160000000029 ,  -0.013317600000000152 ,   ,   ,   ,  -0.046997600000000084
1377 ,  -0.16437999999999997 ,  0.04370800000000008 ,  0.48350000000000026 ,  -0.20095600000000013 ,  -0.1618719999999998 ,   ,   ,  
1378 ,  -0.05766199999999966 ,  -0.05718599999999974 ,  0.09729400000000021 ,  0.10383000000000031 ,   ,  -0.023621999999999588 ,  -0.06265399999999977 ,  
1379 ,  0.0024799999999998157 ,  0.009351999999999805 ,  -0.0059640000000005244 ,  -0.010416000000000203 ,   ,   ,  0.0045479999999997744 ,  
1380 ,  0.019690399999999997 ,  -0.005897599999999947 ,  -0.005597600000000202 ,  -0.014465599999999856 ,   ,   ,  0.006270400000000009 ,  
1381 ,  -0.028487999999999847 ,  0.01824799999999982 ,  -0.012723999999999958 ,  0.019060000000000077 ,   ,  0.0039039999999999075 ,   ,  
1382 ,  0.0038168000000000646 ,  0.011812799999999957 ,  -0.0047152000000001415 ,  -0.014019200000000342 ,   ,  0.0031048000000000187 ,   ,  
1383 ,  -0.0027271999999998187 ,  0.028268800000000205 ,  -0.023059200000000057 ,  -0.012151199999999918 ,  0.009668800000000033 ,   ,   ,  
1384 ,  0.04036559999999989 ,  -0.02030239999999983 ,  -0.016594399999999787 ,  -0.007622399999999807 ,  0.0041535999999999795 ,   ,   ,  
1385 ,  0.007925600000000088 ,  -0.010122400000000198 ,  0.0047255999999999965 ,  -0.0037023999999998836 ,   ,   ,   ,  0.0011735999999999969
1386 ,  -0.0043991999999999365 ,  0.023596799999999973 ,  0.0044888000000002926 ,  -0.015947199999999828 ,  -0.007739200000000057 ,   ,   ,  
1387 ,  0.0007175999999993188 ,  0.01521759999999972 ,  -0.03213440000000034 ,  0.07218959999999974 ,   ,   ,  -0.05599040000000066 ,  
1388 ,  0.03489919999999991 ,  -0.026404799999999895 ,  -0.03421279999999971 ,  -0.018692799999999732 ,   ,   ,   ,  0.04441119999999987
1389 ,  0.03700066666666624 ,  0.0019566666666661625 ,  0.009460666666666118 ,  -0.01493133333333363 ,   ,   ,  0.04564866666666623 ,  -0.07913533333333378
1390 ,  0.027652666666666992 ,  0.012860666666667075 ,  -0.00008333333333299109 ,  -0.012095333333332903 ,  -0.000575333333332928 ,   ,  -0.027759333333333025 ,  
1391 ,  -0.144104 ,  0.028739999999999988 ,  0.11082800000000015 ,  0.08698400000000017 ,  0.08605200000000002 ,   ,   ,  -0.16849999999999987
1392 ,  -0.05752133333333287 ,  -0.11746133333333297 ,  -0.004953333333332921 ,  0.503770666666667 ,   ,  -0.18659333333333272 ,  -0.13724133333333288 ,  
1393 ,  0.007635333333332994 ,  -0.0028886666666667615 ,  0.001023333333332932 ,  -0.010180666666666838 ,   ,  0.014807333333333172 ,  -0.010396666666666832 ,  
1394 ,  -0.06277466666666687 ,  0.25186933333333306 ,  -0.08050266666666683 ,  -0.08366266666666666 ,  0.025605333333333036 ,  -0.05053466666666662 ,   ,  
1395 ,  -0.0660426666666667 ,  -0.08689066666666667 ,  -0.07970266666666692 ,  0.48684533333333313 ,   ,  -0.12338266666666664 ,  -0.13082666666666665 ,  
1396 ,  -0.0038966666666668814 ,  0.001959333333333202 ,  -0.008224666666666991 ,  0.009583333333333055 ,  -0.0005766666666668918 ,   ,   ,  0.001155333333333175
1397 ,  -0.034825333333333486 ,  0.011202666666666694 ,  -0.02148533333333358 ,  0.026178666666666572 ,   ,   ,  0.007774666666666263 ,  0.011154666666666646
1398 ,  0.005830000000000002 ,  0.002845999999999904 ,  -0.007282000000000011 ,  -0.008258000000000099 ,   ,  0.013213999999999615 ,  -0.0063500000000003 ,  
1399 ,  0.002737999999999907 ,  0.002758000000000038 ,  0.0014579999999999593 ,  0.0007419999999997984 ,   ,   ,  0.0001020000000000465 ,  -0.007798000000000194
1400 ,  -0.020048666666666826 ,  -0.013480666666666696 ,  -0.0024806666666665755 ,  0.042775333333333165 ,  -0.007236666666666558 ,  0.00047133333333349015 ,   ,  
1401 ,  -0.013343333333333707 ,  -0.010259333333333842 ,  -0.021243333333333947 ,  -0.012115333333333922 ,  0.028160666666666057 ,  0.028800666666666253 ,   ,  
1402 ,  0.009549999999999947 ,  0.006386000000000003 ,  0.005221999999999838 ,  -0.008574000000000304 ,  -0.005606000000000222 ,   ,   ,  -0.006978000000000151
1403 ,  0.1523460000000001 ,  0.11597800000000014 ,  -0.10156199999999993 ,  -0.07691800000000004 ,   ,   ,  -0.05332200000000009 ,  -0.036522000000000165
1404 ,  0.005258666666666745 ,  -0.0020653333333333634 ,  -0.025317333333333192 ,  0.00232666666666681 ,  0.011638666666666797 ,  0.008158666666666647 ,   ,  
1405 ,  -0.05559840000000005 ,  -0.011582399999999993 ,  0.008401600000000009 ,  0.036725600000000025 ,   ,   ,  0.022053600000000007 ,  
1406 ,  -0.029435199999999995 ,  0.040644799999999925 ,  -0.027531199999999867 ,  0.030864800000000248 ,   ,   ,  -0.014543199999999867 ,  
1407 ,  0.01401040000000009 ,  0.010194400000000048 ,  0.015606399999999798 ,  -0.01545759999999996 ,   ,   ,   ,  -0.024353599999999975
1408 ,  -0.0320712000000003 ,  -0.007903200000000332 ,  0.005392799999999642 ,  0.03386879999999959 ,   ,  0.0007127999999996248 ,   ,  
1409 ,  0.005590399999999995 ,  0.007250399999999768 ,  -0.0020856000000000208 ,  -0.0049336000000002045 ,   ,   ,  -0.005821599999999982 ,  
1410 ,  -0.11992160000000052 ,  0.0915903999999994 ,  0.16256239999999966 ,  0.05685439999999975 ,   ,   ,  -0.19108560000000052 ,  
1411 ,  -0.1803543999999997 ,  0.5572976000000001 ,  -0.19340639999999976 ,  -0.18383839999999996 ,   ,  0.000301600000000235 ,   ,  
1412 ,  0.13103920000000002 ,  -0.24984079999999986 ,  -0.2982047999999997 ,  -0.31733279999999997 ,   ,   ,   ,  0.7343392000000004
1413 ,  -0.0028568000000004368 ,  -0.0052088000000001244 ,  0.023207199999999872 ,  0.005787199999999881 ,   ,   ,   ,  -0.02092880000000008
1414 ,  -0.037576000000000054 ,  0.24116399999999993 ,  -0.08012400000000008 ,  -0.06043200000000004 ,  -0.0630320000000002 ,   ,   ,  
1415 ,  0.026247999999999827 ,  -0.018511999999999862 ,  -0.00920399999999999 ,  -0.0027960000000000207 ,   ,  0.0042640000000000455 ,   ,  
1416 ,  0.016598399999999458 ,  -0.019473600000000424 ,  0.012198399999999499 ,  0.004826399999999786 ,   ,   ,  -0.01414960000000054 ,  
1417 ,  -0.038868799999999926 ,  -0.022660799999999703 ,  0.0049992000000003145 ,  0.005355199999999893 ,  0.05117520000000031 ,   ,   ,  
1418 ,  -0.012735999999999859 ,  0.021984000000000226 ,  -0.014056000000000068 ,  0.005900000000000016 ,   ,  -0.0010919999999998709 ,   ,  
1419 ,  0.08696479999999918 ,  -0.08187920000000082 ,  0.04538879999999912 ,  0.015904799999999497 ,   ,  -0.06637920000000053 ,   ,  
1420 ,  -0.1757696000000002 ,  0.1311703999999998 ,  -0.13251760000000035 ,  0.2622663999999997 ,   ,   ,   ,  -0.08514960000000027
1421 ,  -0.04033920000000002 ,  0.15875280000000025 ,  -0.03217520000000018 ,  -0.06629519999999989 ,  -0.01994320000000016 ,   ,   ,  
1422 ,  0.018044800000000638 ,  0.01936080000000029 ,  -0.02394719999999939 ,  -0.0030831999999993975 ,  -0.010375199999999474 ,   ,   ,  
1423 ,  -0.04561279999999979 ,  0.10658320000000021 ,  -0.028836799999999663 ,  -0.055804799999999766 ,   ,  0.023671200000000336 ,   ,  
1424 ,  0.026728799999999886 ,  -0.035015200000000135 ,  -0.016595200000000254 ,  0.02838879999999966 ,  -0.0035072000000004877 ,   ,   ,  
1425 ,  0.3053032 ,  -0.07552879999999984 ,  -0.044124800000000075 ,  -0.08742479999999997 ,   ,   ,  -0.09822480000000011 ,  
1426 ,  0.018137600000000198 ,  0.04743360000000019 ,  -0.03409439999999986 ,  -0.021878399999999854 ,   ,   ,   ,  -0.009598399999999785
1427 ,  -0.1370032000000001 ,  -0.08891920000000031 ,  0.028836799999999663 ,  0.1691927999999998 ,   ,   ,   ,  0.027892799999999607
1428 ,  0.0026263999999995846 ,  -0.000709600000000421 ,  0.006014399999999753 ,  -0.009225600000000167 ,  0.0012943999999994737 ,   ,   ,  
1429 ,  -0.04403839999999981 ,  0.16978560000000043 ,  -0.03933039999999988 ,  -0.04485439999999974 ,   ,  -0.041562399999999666 ,   ,  
1430 ,  -0.015353600000000078 ,  0.010742400000000263 ,  -0.000497600000000098 ,  0.0031384000000000967 ,  0.001970400000000261 ,   ,   ,  
1431 ,  0.0019296000000004199 ,  0.005317600000000144 ,  -0.006270400000000009 ,  -0.0035863999999996565 ,   ,   ,   ,  0.0026095999999999897
1432 ,  0.002199200000000179 ,  -0.019860799999999568 ,  -0.01147679999999962 ,  0.028463200000000466 ,  0.00067520000000032 ,   ,   ,  
1433 ,  0.04131919999999978 ,  0.17338720000000007 ,  -0.11426479999999994 ,  -0.1376567999999998 ,   ,   ,  0.03721519999999989 ,  
1434 ,  0.0026671999999994256 ,  0.03205919999999951 ,  -0.021524800000000788 ,  0.0014311999999994107 ,   ,  -0.014632800000000667 ,   ,  
1435 ,  0.001970400000000261 ,  0.000346400000000191 ,  -0.0018696000000000268 ,  -0.0030736000000000097 ,   ,   ,  0.0026264000000000287 ,  
1436 ,  0.0031607999999998526 ,  0.0019648000000001 ,  -0.0031631999999999216 ,  -0.0026991999999999017 ,   ,   ,   ,  0.0007367999999998709
1437 ,  0.007167199999999596 ,  0.00607119999999961 ,  -0.007268800000000297 ,  -0.007948800000000311 ,   ,  0.0019791999999996257 ,   ,  
1438 ,  0.008748799999999779 ,  0.005032799999999948 ,  -0.01056720000000011 ,  -0.005907200000000223 ,  0.0026928000000001617 ,   ,   ,  
1439 ,  0.0022159999999997737 ,  -0.001044000000000267 ,  -0.001124000000000347 ,  0.00038399999999993994 ,   ,   ,  -0.00043199999999998795 ,  
1440 ,  -0.004765599999999814 ,  0.007170400000000132 ,  -0.02280559999999987 ,  0.015542400000000178 ,  0.0048584000000002625 ,   ,   ,  
1441 ,  0.0029400000000001647 ,  0.0025400000000002088 ,  -0.0014239999999996478 ,  -0.0017599999999999838 ,   ,  -0.0022959999999998537 ,   ,  
1442 ,  -0.0010823999999995948 ,  -0.02591039999999989 ,  -0.005422399999999605 ,  -0.020034399999999675 ,   ,  0.052449600000000096 ,   ,  
1469 ,   ,   ,   ,   ,   ,   ,   ,  
1471 ,   ,   ,   ,   ,   ,   ,   ,  
1472 ,   ,   ,   ,   ,   ,   ,   ,  
1473 ,   ,   ,   ,   ,   ,   ,   ,  
1474 ,   ,   ,   ,   ,   ,   ,   ,  
1475 ,   ,   ,   ,   ,   ,   ,   ,  
1476 ,   ,   ,   ,   ,   ,   ,   ,  
1477 ,   ,   ,   ,   ,   ,   ,   ,  
1478 ,   ,   ,   ,   ,   ,   ,   ,  
1479 ,   ,   ,   ,   ,   ,   ,   ,  
1481 ,   ,   ,   ,   ,   ,   ,   ,  
1482 ,   ,   ,   ,   ,   ,   ,   ,  
1484 ,   ,   ,   ,   ,   ,   ,   ,  
1487 ,   ,   ,   ,   ,   ,   ,   ,  
1491 ,   ,   ,   ,   ,   ,   ,   ,  
1492 ,   ,   ,   ,   ,   ,   ,   ,  
1509 ,  0.02066066666666666 ,  -0.026283333333333214 ,  -0.004439333333333018 ,  0.003952666666666715 ,   ,  -0.009307333333333112 ,   ,  0.015416666666666856
1510 ,  0.0024726666666676778 ,  0.05164866666666734 ,  0.05808866666666734 ,  -0.02351133333333255 ,   ,  -0.03133133333333227 ,   ,  -0.05736733333333266
1511 ,  -0.06364000000000036 ,  -0.06024400000000041 ,  0.2606919999999997 ,  0.23077599999999965 ,   ,  -0.19010000000000016 ,   ,  -0.1774840000000002
1512 ,  -0.005035333333333281 ,  -0.002655333333333232 ,  -0.012839333333333425 ,  0.02086066666666664 ,   ,  0.0005566666666667608 ,   ,  -0.0008873333333334621
1513 ,  0.04312133333333312 ,  0.10559733333333288 ,  0.034725333333333275 ,  0.03187733333333309 ,  -0.2347826666666668 ,   ,  0.01946133333333311 ,  
1514 ,  -0.011632000000000087 ,  0.03057199999999982 ,  -0.005748000000000086 ,  0.005439999999999667 ,   ,  -0.023168000000000077 ,   ,  0.0045359999999998735
1515 ,  0.0021606666666671437 ,  -0.003983333333332784 ,  -0.0028433333333328648 ,  -0.007315333333333118 ,   ,  0.01192466666666725 ,   ,  0.0000566666666670379
1516 ,  0.0063953333333333084 ,  0.002395333333333305 ,  -0.00456466666666655 ,  -0.011116666666666664 ,  0.001519333333333428 ,   ,  0.0053713333333331725 ,  
1517 ,  0.01753266666666642 ,  0.0008446666666666047 ,  -0.013647333333333567 ,  -0.00001533333333370024 ,  0.0008886666666665377 ,   ,  -0.005603333333333627 ,  
1518 ,  -0.06433066666666676 ,  -0.011410666666666902 ,  -0.03950266666666691 ,  0.015805333333333227 ,  -0.026570666666666742 ,   ,  0.12600933333333364 ,  
1519 ,  -0.017173333333333485 ,  -0.013905333333333214 ,  0.0017986666666667261 ,  0.041430666666666394 ,   ,  0.036050666666666675 ,   ,  -0.04820133333333354
1520 ,  0.006521999999999917 ,  -0.01957000000000031 ,  -0.0005420000000002645 ,  0.014645999999999493 ,  0.004985999999999713 ,   ,  -0.006042000000000325 ,  
1521 ,  0.010950666666667441 ,  0.0020226666666673943 ,  0.010286666666667443 ,  -0.005905333333332763 ,  -0.00399733333333252 ,   ,  -0.013357333333332555 ,  
1522 ,  0.002912000000000692 ,  -0.004639999999999311 ,  0.001200000000000756 ,  -0.02049199999999951 ,  0.03167600000000048 ,   ,  -0.01065599999999911 ,  
1529 ,  0.041483333333333317 ,  -0.015908666666666793 ,  -0.019644666666666755 ,  0.00208733333333333 ,  0.00301533333333337 ,   ,  -0.011032666666666469 ,  
1530 ,  0.03497266666666654 ,  -0.05060733333333367 ,  0.03033266666666634 ,  0.06176866666666658 ,   ,  -0.045095333333333265 ,   ,  -0.03137133333333342
1531 ,  0.04874933333333331 ,  -0.003142666666666738 ,  -0.002202666666666797 ,  -0.0992226666666669 ,   ,  0.05048533333333349 ,   ,  0.00533333333333319
1532 ,  0.04530666666666683 ,  0.0704306666666672 ,  0.00403066666666696 ,  0.00820666666666714 ,   ,  0.0869706666666672 ,   ,  -0.2149453333333331
1533 ,  0.02769733333333324 ,  0.02445733333333333 ,  -0.019606666666666772 ,  0.020849333333333497 ,   ,  -0.01160266666666665 ,  -0.04179466666666665 ,  
1534 ,  0.007902666666666835 ,  -0.0019693333333332674 ,  -0.0003013333333332646 ,  0.0005626666666667113 ,   ,  -0.0016573333333331774 ,   ,  -0.004537333333333393
1535 ,  -0.015468666666666131 ,  -0.008236666666666448 ,  0.005631333333333544 ,  0.004027333333333605 ,  0.0009393333333336251 ,   ,  0.013107333333333582 ,  
1536 ,  0.00043333333333306356 ,  -0.2623746666666671 ,  0.34423333333333295 ,  0.17259733333333305 ,  -0.32428266666666694 ,   ,  0.0693933333333332 ,  
1537 ,  0.045569333333333795 ,  -0.07541066666666651 ,  0.023717333333333812 ,  0.06940933333333366 ,   ,  -0.014842666666666116 ,   ,  -0.04844266666666641
1538 ,  0.006807333333332721 ,  0.02751533333333267 ,  0.009335333333333029 ,  -0.03710066666666734 ,  -0.005912666666667121 ,   ,  -0.0006446666666670708 ,  
1539 ,  -0.036421333333333195 ,  -0.04471333333333316 ,  0.11399066666666702 ,  0.18879066666666677 ,  -0.10475333333333303 ,   ,   ,  -0.11689333333333307
1540 ,  -0.1320326666666669 ,  -0.155648666666667 ,  0.05673133333333302 ,  -0.2514566666666669 ,  0.1466313333333331 ,   ,  0.33577533333333287 ,  
1541 ,  -0.18706999999999985 ,  -0.09940199999999955 ,  -0.0445019999999996 ,  -0.04809799999999953 ,  0.20010600000000034 ,  0.1789660000000004 ,   ,  
1542 ,  0.07569333333333317 ,  -0.043186666666666707 ,  -0.05022666666666664 ,  -0.023630666666666578 ,   ,   ,  0.02800933333333333 ,  0.013341333333333427
1544 ,  -0.0345209999999998 ,  0.02444700000000033 ,  0.000015000000000320313 ,  0.010059000000000484 ,   ,   ,   ,  
1545 ,  0.026557000000000386 ,  -0.0063069999999996185 ,  0.0009450000000001957 ,  -0.02119499999999963 ,   ,   ,   ,  
1546 ,  0.023960000000000203 ,  -0.08880399999999966 ,  0.033112000000000474 ,  0.031732000000000316 ,   ,   ,   ,  
1547 ,  0.0032410000000000494 ,  0.008441000000000365 ,  -0.029338999999999782 ,  0.017657000000000256 ,   ,   ,   ,  
1548 ,  0.012788999999999717 ,  -0.005819000000000241 ,  0.006032999999999511 ,  -0.01300300000000032 ,   ,   ,   ,  
1549 ,  0.006144000000000371 ,  0.010208000000000439 ,  -0.007087999999999539 ,  -0.009263999999999939 ,   ,   ,   ,  
1550 ,  -0.0119813333333334 ,  -0.012681333333333544 ,   ,  0.0246626666666665 ,   ,   ,   ,  
1551 ,  0.00594199999999967 ,  -0.008110000000000284 ,  -0.011302000000000145 ,  0.013469999999999871 ,   ,   ,   ,  
1552 ,  0.01347200000000015 ,  -0.0024799999999998157 ,  -0.010583999999999705 ,  -0.0004079999999997419 ,   ,   ,   ,  
1553 ,  -0.01177000000000028 ,  -0.005002000000000173 ,  0.003489999999999771 ,  0.013281999999999794 ,   ,   ,   ,  
1555 ,  -0.06539900000000021 ,  -0.05997100000000044 ,  0.07583699999999993 ,  0.04953299999999983 ,   ,   ,   ,  
1557 ,  0.033885000000000165 ,  -0.03159499999999982 ,  -0.02095099999999972 ,  0.01866100000000026 ,   ,   ,   ,  
1558 ,  -0.03745900000000013 ,  -0.01619500000000018 ,  -0.05975100000000033 ,  0.11340499999999976 ,   ,   ,   ,  
1559 ,  0.011492000000000058 ,  0.008140000000000036 ,  -0.008340000000000014 ,  -0.01129200000000008 ,   ,   ,   ,  
1560 ,  -0.09493799999999997 ,  0.15737400000000035 ,  -0.1271659999999999 ,  0.06472999999999995 ,   ,   ,   ,  
1561 ,  -0.07806500000000005 ,  -0.10441300000000009 ,  0.10660299999999978 ,  0.07587499999999991 ,   ,   ,   ,  
1562 ,  0.399308 ,  -0.17876000000000003 ,  -0.22054799999999997 ,   ,   ,   ,   ,  
1563 ,   ,  -0.06034133333333358 ,  0.11333866666666648 ,  -0.052997333333333785 ,   ,   ,   ,  
1564 ,  -0.2870600000000003 ,   ,  -0.2879000000000005 ,  0.5749599999999995 ,   ,   ,   ,  
1565 ,  0.0006946666666665102 ,  0.006550666666666594 ,   ,  -0.007245333333333548 ,   ,   ,   ,  
1566 ,  0.009462666666666841 ,   ,  -0.005617333333332919 ,  -0.003845333333333034 ,   ,   ,   ,  
1567 ,   ,  0.05045866666666665 ,  -0.017069333333333603 ,  -0.03338933333333349 ,   ,   ,   ,  
1568 ,   ,   ,   ,   ,   ,   ,   ,  
1569 ,  -0.008480000000000043 ,   ,  -0.019995999999999903 ,  0.028475999999999946 ,   ,   ,   ,  
1570 ,  -0.006012000000000128 ,  0.03546799999999983 ,   ,  -0.02945600000000015 ,   ,   ,   ,  
1571 ,  0.013017333333333436 ,  -0.004854666666666674 ,   ,  -0.008162666666666762 ,   ,   ,   ,  
1572 ,   ,  -0.003418666666666237 ,  0.0003133333333340538 ,  0.0031053333333339594 ,   ,   ,   ,  
1573 ,  0.03242666666666638 ,  -0.004961333333333595 ,   ,  -0.027465333333333675 ,   ,   ,   ,  
1574 ,  -0.015817333333333572 ,  -0.010937333333333576 ,   ,  0.02675466666666626 ,   ,   ,   ,  
1575 ,   ,  0.016575999999999702 ,  -0.0054520000000004565 ,  -0.011124000000000134 ,   ,   ,   ,  
1576 ,  0.003322666666666585 ,  -0.014145333333333454 ,  0.01082266666666687 ,   ,   ,   ,   ,  
1577 ,   ,  -0.011097333333333737 ,  0.00439866666666644 ,  0.0066986666666664085 ,   ,   ,   ,  
1578 ,  0.02984800000000032 ,   ,  -0.022939999999999294 ,  -0.006907999999999692 ,   ,   ,   ,  
1579 ,  -0.02044800000000002 ,  -0.00556399999999968 ,  0.026012000000000146 ,   ,   ,   ,   ,  
1580 ,  0.026734666666666573 ,  -0.0102053333333334 ,  -0.016529333333333174 ,   ,   ,   ,   ,  
1581 ,  -0.030061333333333273 ,  -0.0006133333333333546 ,   ,  0.030674666666666628 ,   ,   ,   ,  
1582 ,  -0.06307200000000002 ,  -0.06986399999999993 ,  0.13293599999999994 ,   ,   ,   ,   ,  
1583 ,   ,  -0.02089199999999991 ,  0.012135999999999925 ,  0.008755999999999986 ,   ,   ,   ,  
1584 ,  0.0019999999999997797 ,   ,  -0.002000000000000224 ,   ,   ,   ,   ,  
1585 ,  -0.003970666666666567 ,  0.0013853333333333495 ,   ,  0.0025853333333332174 ,   ,   ,   ,  
1586 ,  -0.00720400000000021 ,  -0.05464800000000025 ,  0.061851999999999574 ,   ,   ,   ,   ,  
1587 ,   ,  0.0021693333333332454 ,  -0.0003146666666666853 ,  -0.00185466666666656 ,   ,   ,   ,  
1589 ,  -0.03842000000000034 ,   ,  -0.04838400000000043 ,  0.08680399999999988 ,   ,   ,   ,  
1590 ,  0.06435119999999994 ,  -0.04164879999999993 ,  -0.02926479999999998 ,  0.027439199999999886 ,   ,   ,  -0.020876799999999918 ,  
1591 ,  0.0032071999999998546 ,  -0.0019408000000002978 ,  0.02611119999999989 ,  -0.03263680000000013 ,   ,   ,  0.005259199999999797 ,  
1592 ,  -0.0028420000000002332 ,  0.02523799999999987 ,  -0.009641999999999928 ,  -0.012754000000000154 ,   ,   ,   ,  
1593 ,  0.05902560000000001 ,  -0.006034399999999884 ,  0.00772560000000011 ,  0.018001600000000284 ,   ,   ,   ,  -0.07871839999999963
1594 ,  -0.010067999999999966 ,  0.03477600000000036 ,  0.03399600000000014 ,  0.030832000000000193 ,   ,  -0.08953599999999984 ,   ,  
1595 ,  -0.2797744 ,  0.09637360000000017 ,  0.22621360000000035 ,  -0.14469439999999967 ,  0.10188160000000002 ,   ,   ,  
1596 ,  0.0024272000000000737 ,  -0.006464799999999826 ,  0.0029072000000001097 ,  0.0033112000000001807 ,   ,  -0.0021808000000000938 ,   ,  
1597 ,  0.03619600000000034 ,  0.02162400000000053 ,  0.014732000000000411 ,  -0.033323999999999465 ,   ,   ,   ,  -0.039227999999999597
1598 ,  0.0016160000000002839 ,  0.006064000000000291 ,  0.0035359999999999836 ,  0.0027200000000000557 ,   ,   ,   ,  -0.013935999999999726
1599 ,  -0.00038720000000003196 ,  -0.005259199999999797 ,  0.000688800000000267 ,  0.009640800000000116 ,   ,  -0.004683199999999665 ,   ,  
1600 ,  0.0019096000000002888 ,  0.002049600000000318 ,  0.0019096000000002888 ,  -0.0033423999999997456 ,   ,   ,  -0.0025263999999998177 ,  
1601 ,  0.017846399999999818 ,  0.009090399999999832 ,  -0.0045296000000001335 ,  -0.010597600000000096 ,  -0.011809600000000309 ,   ,   ,  
1602 ,  0.0011600000000000499 ,  -0.0003599999999996939 ,  -0.005403999999999964 ,  -0.009091999999999878 ,  0.013696000000000375 ,   ,   ,  
1603 ,  -0.0035895999999997485 ,  0.00666639999999985 ,  -0.041389600000000026 ,  0.013602399999999903 ,   ,   ,  0.02471040000000002 ,  
1604 ,  0.019481599999999766 ,  -0.006246400000000207 ,  0.012097599999999709 ,  0.006153599999999759 ,   ,   ,  -0.031486399999999914 ,  
1605 ,  -0.06301600000000018 ,  -0.029620000000000424 ,  -0.03486400000000023 ,  0.10683599999999949 ,   ,  0.02066399999999957 ,   ,  
1606 ,  0.020076800000000006 ,  0.016108800000000034 ,  -0.0024231999999999587 ,  -0.0006751999999998759 ,   ,   ,   ,  -0.033087200000000205
1607 ,  -0.026009999999999867 ,  0.02601000000000031 ,   ,   ,   ,   ,   ,  
1608 ,  -0.015523199999999626 ,  0.01914480000000074 ,  -0.05319119999999966 ,  -0.011995199999999429 ,  0.06156480000000064 ,   ,   ,  
1609 ,  0.000280800000000081 ,  -0.0013312000000000879 ,  -0.01805520000000005 ,  0.020084800000000236 ,   ,   ,   ,  -0.0009791999999997358
1610 ,  0.026438400000000417 ,  -0.0035615999999993875 ,  0.000470400000000204 ,  -0.026253599999999544 ,   ,  0.0029064000000005308 ,   ,  
